tags	filename
104-10290-10062	104-10290-10062
14-00000	104-10290-10062
1960s	104-10245-10007
1962	104-10519-10184
20 May	104-10231-10418
20085191	104-10516-10338
201 File	104-10104-10172
201 File	180-10143-10227
201 Machine Lists	104-10051-10170
201 Number	104-10072-10212
201 Number	104-10098-10264
201 dossier	104-10051-10170
201 file	104-10408-10078
201 file	180-10143-10100
201 number	104-10051-10170
201 system	104-10023-10087
201 system	104-10051-10170
201 system	104-10087-10054
201 system	104-10088-10074
201 system	104-10143-10088
201 system	104-10213-10202
201 system	104-10213-10352
201 system	104-10406-10139
201 system	104-10408-10316
201-338838	104-10100-10090
201-350050	104-10528-10056
201-5935	104-10172-10255
201-73071	104-10100-10200
26 July Movement	104-10237-10120
26 of July Celebrations	104-10180-10044
26th of July Movement	104-10114-10152
26th of July Movement	104-10179-10088
26th of July Movement	104-10180-10062
30 NOV	104-10226-10090
303 Committee	104-10306-10010
30th Nov Group	104-10231-10418
30th of November Movement	124-10300-10024
30th of November groups	104-10171-10003
4043	104-10528-10149
5 CDO	104-10182-10073
7.62 Belgium (FAL) Rifle	104-10216-10159
7.62 Belgium (FAL) Rifle	104-10216-10171
7983rd Army Unit	124-90092-10001
86002	104-10290-10062
96803	104-10290-10062
A&E assessment	104-10120-10378
A-1	104-10185-10252
A-1	104-10308-10165
A-3	104-10169-10265
A. MARELI	104-10100-10239
A. R. Moffitt	104-10107-10089
AAA insurance card	104-10120-10273
AALAPSO	104-10433-10212
AB	104-10129-10034
ABL	104-10114-10163
ABRAXINE	104-10418-10378
ABRES	104-10100-10394
ABREU BASURTO	104-10180-10042
ABladle	104-10169-10139
ACA	124-10212-10160
ACA	124-10291-10236
ACAPULCO	124-10279-10020
ACAPULCO MURDERS	124-10279-10018
ACCU	104-10170-10096
ACELENCIA	104-10290-10046
ACH	104-10220-10294
ACOSTA Suarez, Orlando	104-10122-10135
ACSI	104-10217-10000
ACSI	104-10234-10101
ACT	124-10058-10420
ACT	124-10158-10061
ACTA Convention	104-10290-10273
ACTION	104-10406-10136
ADAMAKES MOUNT UNILATERAL UNVEILLANCE	104-10290-10155
ADAPTIVE	104-10209-10259
ADDS/IOS	104-10129-10034
ADMIN	124-10212-10337
ADMIN	124-10221-10231
ADMINISTRATIVE	104-10519-10182
ADPD/COMPTE	104-10110-10340
AEACTIVE	104-10051-10106
AEACTIVE	104-10132-10092
AEACTIVE	104-10437-10079
AEAL-1	104-10113-10249
AEDO	104-10171-10003
AEEXPLORE	104-10162-10247
AEJOYFUL	104-10226-10001
AELADLE	104-10172-10201
AELADLE	104-10172-10243
AELADLE	104-10172-10248
AELADLE	104-10263-10139
AEROOT	104-10120-10381
AESENTINEL	104-10291-10003
AESTORAGE	104-10172-10201
AETANKARD	104-10219-10143
AF Division	104-10009-10021
AFL-CIO	104-10164-10032
AFOZEER Service	104-10100-10090
AGENT	104-10439-10113
AGUILA	104-10076-10277
AGUIRRE	104-10220-10294
AHPA-1	104-10167-10190
AID	104-10217-10000
AID Cover	104-10112-10148
AIRCRAFT	104-10220-10069
AIS APODERADO	104-10290-10046
AISMUG	104-10185-10228
AKA	124-10284-10171
AKA	124-10291-10319
AKHAWK	104-10169-10271
AKHLUYEV	104-10172-10248
AKULOV	104-10172-10279
ALABAU	104-10232-10018
ALABAU	104-10236-10056
ALARCON QUESADA	104-10180-10042
ALBERT	104-10076-10372
ALBERTO BAYO COSGAYA	124-10284-10172
ALBERTO BAYO, JR.	124-10284-10171
ALBICUSPID	104-10103-10103
ALEHIP-1	104-10183-10232
ALEXANDRIA	104-10185-10252
ALFIRIEV	104-10162-10017
ALFONSO ASELJON CONDES	104-10077-10087
ALFONSO BIBILIOX	104-10100-10152
ALFONSO DIBILDOX	104-10092-10267
ALICE INFILS EAR	104-10183-10376
ALLADIE	104-10169-10135
ALLENDE	157-10002-10165
ALOM GIL	104-10180-10042
ALOMA Sabas, Ernesto Ignacio	104-10122-10135
ALPHA 66	194-10012-10030
ALPHA TRANSPORT	104-10077-10076
ALVAREZ	104-10065-10028
AMADEO BARLETTA	124-90124-10092
AMANCHOR	104-10267-10196
AMAUTO-1	104-10181-10099
AMBANG-1	104-10179-10143
AMBANG-1	104-10179-10182
AMBANG-1	104-10179-10209
AMBANG-1	104-10275-10176
AMBANTY	104-10076-10277
AMBARB/54	104-10170-10121
AMBEND-2	104-10172-10177
AMBESS/1	104-10101-10198
AMBIDDY/1	104-10308-10086
AMBINGO	104-10183-10325
AMBLEAK	104-10170-10051
AMBRUSH Organization	104-10308-10044
AMBUD	104-10220-10294
AMBUD	104-10228-10045
AMBUD	104-10229-10002
AMBUD	104-10236-10053
AMBUD	104-10236-10054
AMBUD	104-10298-10184
AMBUD	104-10512-10101
AMBUD-1	104-10172-10147
AMBUD-1	104-10235-10018
AMBUNNY	104-10183-10439
AMBUNNY-1	104-10183-10437
AMCANOE	104-10308-10029
AMCARBON-1	104-10048-10124
AMCARBON-1	104-10072-10289
AMCARDON-1	104-10221-10310
AMCLATTER	104-10163-10136
AMCLEVE/15	104-10178-10096
AMCLOCK/1	104-10072-10227
AMCOG	104-10073-10101
AMCOG	104-10076-10442
AMCOG-2	104-10070-10079
AMCOG-3	104-10171-10003
AMCONCERT	104-10077-10112
AMCORE-2	104-10165-10169
AMCORE-2	104-10166-10068
AMCORE-2	104-10166-10079
AMCUSP-1	104-10070-10079
AMCUTLER-1	104-10070-10079
AMCUTLER-1	104-10073-10074
AMCUTLER-2	104-10308-10127
AMDARB	104-10170-10051
AMDENIM-1	104-10172-10133
AMDENIM-1	104-10172-10147
AMDENIM-1	104-10172-10177
AMDIPs	104-10167-10375
AMELEN-1	104-10180-10215
AMERICAN CODE CLERK	124-10279-10209
AMETR	104-10183-10044
AMFAUNA	104-10070-10079
AMFAUNA	104-10234-10105
AMFAUNA-14	104-10073-10101
AMFAUNA-14	104-10308-10127
AMFAUNA-25	104-10075-10365
AMFAUNA-26	104-10308-10127
AMFAUNA-3	104-10234-10101
AMFAUNA-38	104-10308-10127
AMGLAD-1	104-10172-10147
AMGLEN-9	104-10171-10003
AMHAWK	104-10171-10106
AMHINT	104-10170-10051
AMHINT	104-10171-10039
AMHINT-2	104-10170-10121
AMHINT-27	104-10171-10003
AMHINT-33	104-10171-10003
AMHINT-53 Security Review	104-10171-10003
AMHIP 1	104-10183-10022
AMICE	104-10103-10112
AMICE	104-10234-10105
AMICE-14	104-10216-10148
AMICE-14	104-10216-10398
AMICE-31	104-10178-10334
AMIMUG-1	104-10183-10260
AMIRE 1	104-10180-10138
AMIRE 1	104-10180-10215
AMIRE-1	104-10180-10165
AMIRE/1	104-10180-10218
AMIRON	104-10180-10176
AMJAVA-4	104-10169-10265
AMKHAN-2	104-10075-10200
AMLACE-1	104-10512-10101
AMLACE-2	104-10512-10101
AMLAME-5	104-10308-10127
AMLASH	104-10216-10000
AMLASH	104-10216-10002
AMLASH	104-10216-10202
AMLASH	104-10216-10397
AMLASH	104-10234-10050
AMLASH	104-10234-10069
AMLASH	104-10234-10088
AMLASH	104-10234-10115
AMLASH-1	104-10216-10398
AMLASH-1	104-10234-10124
AMLASH-1	104-10247-10097
AMLASH/1	104-10215-10200
AMLASH/1	104-10216-10338
AMLASH/1	104-10234-10148
AMLASH/1	104-10234-10155
AMLASH/1	104-10295-10001
AMLEGS	104-10308-10053
AMLEO	104-10103-10112
AMLEO-3	104-10182-10137
AMLEO-3	104-10308-10062
AMLISP-1	104-10076-10372
AMLONG	104-10100-10157
AMLONG	104-10528-10180
AMMEE-1	104-10077-10356
AMMIING-1	104-10185-10315
AMMLUC 1	104-10183-10261
AMMOP	104-10192-10110
AMMUG	104-10183-10333
AMMUG	104-10185-10228
AMMUG	104-10187-10149
AMMUG-1	104-10180-10044
AMMUG-1	104-10185-10234
AMMUG-1	104-10185-10243
AMMUG-1	104-10185-10248
AMMUG-1	104-10185-10252
AMMUG-1	104-10186-10004
AMMUG-1	104-10186-10021
AMMUG/1	104-10183-10335
AMMUG/1	104-10183-10355
AMMUG/1	104-10183-10366
AMMUG/1	104-10186-10382
AMMUG/1	104-10225-10035
AMMUG/1 Operation	104-10183-10276
AMOTS	104-10180-10176
AMPAL-1	104-10167-10190
AMPANIC-1	104-10180-10215
AMPAUNA	104-10077-10356
AMRASZ/1	104-10262-10385
AMRINT-53	104-10171-10003
AMRUNG-1	104-10179-10025
AMSA/1	104-10234-10155
AMSEVER-2	104-10093-10109
AMSEVER-2	104-10097-10360
AMSHIP	104-10183-10037
AMSLOUCH/3	104-10173-10097
AMSOUR-2	104-10100-10185
AMSPELL	104-10170-10051
AMSPELL	104-10170-10064
AMSPELL	104-10170-10121
AMSPELL	104-10171-10003
AMSTASH-1	104-10075-10250
AMSTEE-2	104-10077-10356
AMSTRUT-1	104-10171-10003
AMSTRUT-1	104-10512-10101
AMSTRUT-2	104-10171-10003
AMSUD-1	104-10172-10147
AMTAUNA	104-10073-10074
AMTAUP	104-10308-10023
AMTHIP	104-10183-10039
AMTHUG-1	104-10179-10209
AMTHUG/1	104-10308-10086
AMTHUNK/10	104-10234-10096
AMTIKI	104-10229-10002
AMTOAD-1	104-10512-10101
AMTRUNK	104-10102-10237
AMTRUNK	104-10103-10112
AMTRUNK	104-10234-10050
AMTRUNK	104-10234-10105
AMTRUNK-10	104-10216-10398
AMTRUNK-9	104-10234-10101
AMTRUNK-9	104-10234-10102
AMUG-1	104-10185-10171
AMUG-1	104-10186-10037
AMUHIP-1	104-10216-10398
AMULLA-1	104-10220-10293
AMULLA-1	104-10220-10294
AMULLAPINHO	104-10220-10294
AMWER	104-10077-10356
AMWEST	104-10234-10115
AMWHIF-1	104-10183-10232
AMWHIP	104-10183-10011
AMWHIP	104-10183-10037
AMWHIP	104-10183-10139
AMWHIP	104-10183-10239
AMWHIP	104-10183-10240
AMWHIP	104-10215-10188
AMWHIP	104-10234-10115
AMWHIP	104-10517-10120
AMWHIP	104-10517-10121
AMWHIP-1	104-10183-10436
AMWHIP-1	104-10183-10437
AMWHIP-1	104-10183-10439
AMWHIP-1	104-10216-10398
AMWHIP/1	104-10183-10043
AMWHIP/1	104-10216-10338
AMWHIP/1	104-10234-10096
AMWHIP/2	104-10183-10240
AMWHIP/2	104-10216-10397
AMWHIP/2	104-10234-10096
AMWORLD	104-10179-10195
AMWORLD	104-10308-10086
AMYUM	104-10179-10025
AMYUMS	104-10169-10271
ANA ROSA GUERRA	124-10284-10172
ANBUD	104-10236-10075
ANCLATTER-5	104-10076-10277
ANCORE-2	104-10226-10090
ANCUTLER-1	104-10171-10003
ANCUTLER-2	104-10075-10365
ANFASE	104-10076-10116
ANFRET-7	104-10171-10003
ANGELA PRINCE MOUTSOS	124-90140-10004
ANGELA PRINCE MOUTSOS	124-90140-10005
ANGHEL DRAGOMIR	124-10150-10104
ANGHEL DRAGOMIR	124-10237-10009
ANGUS L. GERRITY	104-10229-10002
ANIC 3-1	104-10180-10180
ANISIMOV	104-10172-10279
ANLASH/1	104-10216-10338
ANLOD	104-10290-10046
ANQUAR	104-10100-10357
ANROD	104-10101-10198
ANSEVER-2	104-10093-10266
ANSTRUT	104-10308-10165
ANSWER SERVICE	104-10528-10056
ANTAUP	104-10076-10295
ANTAURA-147	104-10077-10356
ANTI CASTRO	104-10512-10101
ANTI-CASTRO ACTIVITIES	178-10003-10001
ANTI-CASTRO ACTIVITIES	178-10004-10053
ANTI-CASTRO ACTIVITIES	178-10004-10054
ANTILIN	124-10115-10027
ANTONIO GOMEZ DURAN	104-10171-10093
ANTONIO HECTOR RIVERO JUARRERO	124-90124-10092
ANTRUNK	104-10075-10042
ANTRUNK	104-10216-10273
ANTRUNK VII	104-10216-10148
ANTRUNK-10	104-10216-10148
ANTRUNK-10	104-10247-10097
ANTURVY	104-10076-10217
ANUPAS-1	104-10218-10097
ANYUM	104-10076-10374
ANZER	104-10290-10155
APALCIO	104-10052-10130
APO 230	104-10519-10182
APO 676	104-10512-10102
APOT	104-10227-10046
APTOX-1	104-10180-10215
APWHIP	104-10234-10088
AQUATIC	104-10068-10164
AQUATIC	104-10180-10138
AQUATIC	104-10188-10015
AQUILES	104-10076-10277
AR-10	104-10308-10086
AR-15	104-10308-10086
AR. GEORGE STEENS	104-10098-10391
ARCANEAN	104-10528-10052
ARCOS	104-10179-10136
AREVALO	104-10175-10101
ARH & Company	104-10527-10421
ARLETTE FRANCOISE HEZARIFEND	104-10100-10065
ARMADA Guerra	104-10234-10105
ARRB	104-10326-10010
ARRB	104-10326-10013
ARRB	104-10332-10009
ARRB	104-10332-10020
ARRB	104-10337-10014
ARRESTED	124-10279-10018
ARTACAN	104-10075-10225
ARTANSTRUC	104-10290-10046
ARTECONA, Jose Jr.	104-10122-10135
ARTIME	104-10179-10182
ARTIME	104-10275-10176
ARVIER, MARIA JOSEFA MENDIZABAL	124-10284-10171
ARVN	176-10037-10452
ASBV	104-10172-10243
ASIO	104-10012-10078
ASIO	104-10107-10089
ASSASSINATION	124-10158-10061
ASSASSINATION	157-10002-10165
ASSET	104-10439-10113
ASSETS	104-10079-10391
ASSOC	124-10180-10295
ASSOC	124-10212-10160
ASSOC	124-10213-10483
ASSOC	124-10221-10229
ASSOC	124-10279-10018
ASSOC	124-10284-10171
ASSOC	124-10300-10012
ASTA	104-10093-10065
ASTOINTICATIO	104-10528-10149
ATHE 7970	104-10170-10121
ATS	104-10516-10227
ATTACHE, POL OFF	104-10131-10014
AURELIO MARTINEZ	104-10076-10277
AUS Leads	104-10187-10071
AVALANCHE	104-10186-10004
AVE 8524	104-10076-10058
AXANET	104-10101-10256
AYTRE	104-10180-10138
AYZIA	104-10101-10134
Aberg	124-10163-10134
Abram Chayes	104-10051-10106
Abram Chayes	104-10132-10092
Abram Chayes	104-10133-10437
Abram Chayes	104-10165-10077
Abram Chayes	104-10209-10259
Abram Chayes	104-10300-10124
Abram Chayes	104-10418-10378
Abram Chayes	104-10437-10079
Abteilung II	124-90037-10081
Accounting	104-10217-10228
Accuracy	104-10216-10171
Ace Marine Survey, Inc.	104-10104-10271
Acosta	104-10072-10212
Active Measures	104-10012-10024
Activities	104-10069-10359
Actress	157-10004-10270
Administration	202-10002-10124
Adolf A. Berle Jr.	104-10298-10184
Adolfo SAN FELAYO	104-10163-10065
Adolph Jay	124-10163-10134
Advance Account	104-10103-10038
Advertisement	104-10245-10000
Aerial Maps	104-10275-10176
Aerolineas Panama	104-10097-10069
Africa	104-10290-10190
Africa	104-10302-10030
Africa	177-10002-10097
Africa	178-10003-10001
African Students	104-10101-10239
Agency	104-10003-10041
Agency C-118	104-10122-10147
Agency Check	104-10119-10225
Agency Operations	104-10506-10028
Agency affiliation	104-10120-10271
Agent	104-10114-10042
Agent	104-10175-10179
Agent 1995	104-10166-10068
Agent Acquisition	104-10183-10346
Agent Communication	104-10076-10229
Agent Handling	104-10102-10237
Agent Recruitment	104-10103-10112
Agent Service Record	104-10211-10326
Agent Termination	104-10098-10072
Agent Termination	104-10187-10014
Agent Training	104-10075-10203
Agent Training	104-10227-10153
Agent training	104-10180-10138
Agents	104-10100-10034
Agents	104-10163-10065
Agents	104-10171-10093
Agents	104-10180-10180
Agents	104-10213-10209
Aggression against Cuba	104-10186-10308
Agnes Smedley	104-10173-10134
Agrarian Reform	104-10172-10041
Agreed Activities	104-10069-10185
Agreement	104-10310-10020
Agricultural Problems	104-10516-10270
Agustin BATISTA, Jr.	124-90041-10023
Agustin Guitart Campuzano	104-10172-10105
Aid Coordination	176-10036-10179
Aid to the Aged	177-10002-10092
Air Flight Connections	104-10302-10020
Air Force	104-10107-10087
Air Force C-118	104-10122-10147
Air Libya	178-10003-10001
Air Trans Africa	104-10182-10073
Airdrop	104-10169-10269
Airle House	124-10273-10104
Airlift	104-10215-10139
Airlift	104-10267-10196
Airport	104-10098-10380
Airport	104-10516-10195
Alan F. Petit	104-10123-10407
Alan H. Belmont	104-10423-10337
Alastair Wickes	104-10182-10073
Albert Johnson	104-10110-10568
Albert Larrain Maestre	104-10178-10096
Albert Maher	124-90140-10012
Alberto Bayo	124-10284-10155
Alberto Brez Vito	104-10179-10134
Alberto Del Junco	104-10308-10044
Alberto Eusebio Mojena	124-10221-10231
Alberto Lleras Camargo	104-10262-10385
Alberto Mariano Parojon Cerconas	104-10169-10017
Alberto Mora	104-10216-10398
Alberto PONZOA y Alvarez	104-10167-10375
Alberto de Jesus ALBERTY Garcia	104-10178-10052
Albrecht	124-10163-10134
Alejandro Gomez Montano	104-10187-10208
Alejandro Riera Arencibia	104-10077-10136
Alejandro VERGARA	124-90041-10023
Aleksandr Petrovich PAVLOV	104-10173-10104
Aleksandr Vladimirovich PHINHODKO	104-10173-10104
Aleksandra Dmitriyevna	104-10173-10104
Aleksey Ivanovich GARMASHOV	104-10173-10104
Alexander Buchman	104-10173-10134
Alfaro case	104-10183-10259
Alfonso Dabilodox Torres	104-10211-10146
Alfonso Dibtido Torres	104-10098-10264
Alfonso Dielleox	104-10528-10149
Alfonso Prera	104-10180-10042
Alfonso R. Wichtrich	104-10175-10085
Alfonso Rudolph MICHIRICH	104-10131-10099
Alfred J. Moran	104-10104-10172
Alfredo Davins	104-10100-10157
Alfredo Davins	104-10528-10180
Alfredo Portela	104-10216-10398
Algeria	176-10036-10027
Algeria	177-10002-10096
Algiers	176-10036-10027
Alias	104-10120-10276
Alias	104-10185-10247
Alias	104-10185-10253
Alias	104-10227-10003
Alias	124-10114-10010
Alias Passport	104-10113-10249
Alicia Merino Fuentes	124-90137-10355
Alien Affairs Staff	104-10122-10147
Alien Affairs Staff	104-10250-10199
Alien Interview Requests	124-10273-10104
Alin SUERO Falla	124-90041-10023
Aline Mosby	104-10119-10247
Aline Mosby	124-10279-10209
Allan Sheffield	124-90140-10012
Allen Dulles	104-10119-10040
Allen Dulles	124-10326-10099
Alliance for Progress	177-10002-10069
Alliance for Progress	177-10002-10070
Allowances	104-10194-10024
Alpha 66	104-10069-10077
Alpha 66	104-10170-10125
Alpha 66	104-10306-10020
Alpha 66	176-10036-10052
Alpha-66	104-10069-10112
Alturas del Bosque	104-10171-10018
Alvarez Diaz	104-10232-10018
Alvaro Martin Fernandez Fox	124-10212-10160
Amaury Fraginals Alonso	176-10036-10052
Ambassador	104-10326-10055
Ambassador Carrillo	104-10216-10398
Ambassador Nolting	176-10036-10095
American Aid	176-10036-10094
American Aid	176-10036-10103
American Chamber of Commerce of Mexico	104-10175-10152
American Communist Party	180-10110-10100
American Communists in Mexico	104-10172-10107
American Embassy	104-10512-10102
American Embassy	124-10163-10134
American Embassy	124-10320-10087
American Embassy	124-90037-10081
American Embassy	124-90037-10081
American Embassy	176-10036-10138
American Federation of Labor	124-10326-10098
American Friends of the Middle East	104-10116-10261
American Friends of the Middle East	104-10117-10203
American Good Government Society	104-10117-10203
American Observer	176-10037-10494
American Policy	176-10036-10104
American Tourists	104-10210-10020
American Tourists	124-90155-10008
American equipment	104-10179-10167
American woman correspondent	104-10071-10239
Ammunition	104-10169-10269
Ammunition	104-10216-10159
Ammunition	104-10216-10171
Ammunition	104-10216-10234
Ammunition	104-10529-10367
Ammunition	198-10005-10018
Amsterdam	104-10164-10032
An Quang Pagoda	176-10036-10135
Ana Gloria de VARONA	104-10160-10207
Ana Gloria de VARONA	104-10237-10120
Anacostia Naval Annex	104-10160-10207
Anastasia Martini DAKARJIN	104-10219-10282
Anatoliy Aleksandrovich AMUKHIN	104-10173-10104
Anatoliy Pavlovich PRASTICHIKIN	104-10173-10104
Anatoliy Yakovlev	104-10326-10101
Andreas Nazario Sargent	104-10170-10125
Andrews Air Force Base	104-10122-10147
Andrey Gerasimovich Trubetsky	104-10414-10002
Andrij Didkowskyj	104-10209-10018
Angel BENCOMO	104-10193-10016
Angel BRINGAS	104-10073-10101
Angel Banos	104-10073-10133
Angel GuadaLuppe Rivera	104-10516-10214
Angel Guadalupe Rivera	104-10097-10170
Angel PERNIA Ortiz	104-10183-10347
Angela Boyer	124-90137-10067
Angela Boyer	124-90137-10230
Angela delli Sante Arrocha	104-10175-10176
Anguila Key	104-10172-10147
Anibal Escalante	104-10216-10398
Anna Schinsky	104-10005-10321
Annie de Quendoz	104-10234-10007
Annie de Quendoz	104-10247-10064
Anniversary	104-10101-10215
Anniversary	104-10290-10155
Anonymous Telephone Calls	104-10012-10078
Anti Castro Activities	124-10326-10149
Anti Castro Activities	124-10326-10191
Anti-Americanism	104-10064-10012
Anti-Castro	104-10164-10050
Anti-Castro	104-10169-10017
Anti-Castro	104-10169-10271
Anti-Castro	104-10177-10206
Anti-Castro	104-10215-10128
Anti-Castro	104-10232-10004
Anti-Castro	104-10308-10044
Anti-Castro	104-10512-10110
Anti-Castro	124-10239-10171
Anti-Castro	124-90110-10083
Anti-Castro	124-90135-10074
Anti-Castro Activities	124-10285-10254
Anti-Castro Activities	124-10332-10018
Anti-Castro Activities	124-10332-10047
Anti-Castro Activities	157-10014-10242
Anti-Castro Activities	176-10011-10152
Anti-Castro Activities	178-10002-10091
Anti-Castro Activities	178-10002-10215
Anti-Castro Activities	178-10002-10279
Anti-Castro Cubans	198-10005-10017
Anti-Castro Group	104-10183-10039
Anti-Castro Guerrillas	104-10226-10011
Anti-Castro Organizations	104-10179-10104
Anti-Castro Propaganda	104-10171-10039
Anti-Castro Sentiment	104-10114-10160
Anti-Castro group	104-10254-10015
Anti-Castro movement	104-10170-10125
Anti-Communism	104-10213-10002
Anti-Communist	104-10185-10117
Anti-Communist Activities	104-10171-10044
Anti-Communist Exiles	104-10192-10229
Anti-Communist Groups	104-10215-10035
Anti-Communist League of Cuba	104-10170-10112
Anti-Fidel Castro	104-10227-10271
Anti-Imperialist	104-10173-10134
Anti-Soviet	104-10071-10239
Anti-communism	104-10069-10260
Anti-government propaganda	104-10216-10073
Antikomunismo en America Latina	104-10175-10176
Antilin PERIS	124-10114-10010
Antilles Materials Company	104-10263-10111
Antonio Cuesta	104-10172-10177
Antonio De Souza Carbajal	104-10290-10219
Antonio Hadik	104-10180-10044
Antonio Luis Ferre	104-10263-10111
Antonio Lusson y Batlle	104-10216-10398
Antonio RODRIGUES Echanabal	104-10061-10053
Antonio Varona	104-10167-10366
Antonio de Souza Carbajal	104-10093-10010
Antonio de Verona	104-10073-10061
Antuelles Ustegui	104-10072-10212
Apartment	104-10123-10160
Apartment	104-10185-10248
Appeal to President Kennedy	176-10037-10491
Appointment in Dallas	104-10413-10306
Apra Party	178-10003-10001
Aragones	104-10216-10398
Archbold	104-10072-10212
Architecture	104-10529-10329
Arcos	104-10179-10134
Area Guide	104-10170-10146
Argentina	104-10069-10077
Argentina	104-10070-10272
Argentina	104-10131-10010
Argentina	104-10227-10150
Argentina	104-10338-10018
Argentina Visa	104-10113-10249
Argentine Ambassador	104-10232-10019
Argentine Embassy	104-10070-10079
Argentine Relations	104-10236-10056
Argentine visa	104-10162-10014
Arias Government	104-10172-10001
Arle	104-10075-10225
Armand Delacour	104-10178-10071
Armando Munero	104-10308-10044
Armed Forces	104-10186-10099
Armed Forces	104-10186-10308
Armored Vehicles	104-10075-10099
Arms	104-10169-10269
Arms	104-10192-10284
Arms	104-10232-10018
Arms	124-10291-10236
Arms	176-10036-10078
Arms	198-10007-10013
Arms	198-10008-10119
Arms Buyer	104-10221-10032
Arms Caches	198-10005-10018
Arms Request	104-10227-10150
Arms Request	104-10236-10056
Arms Sales	124-90138-10066
Arms Shipments	104-10075-10200
Arms Smuggling	104-10338-10018
Arms Smuggling	198-10005-10018
Arms Supply	104-10179-10025
Arms Trade	104-10177-10225
Arms Trafficking	104-10180-10044
Army	104-10110-10328
Army	104-10120-10290
Army Intelligence	124-90092-10002
Army Records Analysis	104-10161-10154
Army Training Schools	104-10185-10117
Army W-2	104-10112-10204
Army W-2	104-10131-10111
Arnold F. AREHART	104-10187-10003
Arnold Rodriguez	104-10247-10037
Arreliano	104-10232-10018
Arrest	104-10180-10179
Arrest	104-10180-10180
Arrest	104-10182-10137
Arrest	104-10218-10097
Arrest	104-10308-10127
Arrests	104-10183-10259
Arthur G. Vaivada	104-10215-10003
Arthur Henry Frentrop	104-10106-10716
Arthur L. Smith	124-90124-10055
Arthur Schlesinger Jr.	176-10030-10422
Artillery Schools	104-10185-10117
Artime	104-10306-10010
Arturo Botero	104-10177-10225
Arturo Colri	104-10169-10017
Ash & Company	104-10100-10247
Ashmead, Haniford Associates	104-10174-10033
Ashmead, Hanniferd & Associates	104-10174-10030
Assassination	104-10003-10041
Assassination	104-10012-10035
Assassination	104-10066-10010
Assassination	104-10068-10142
Assassination	104-10119-10183
Assassination	104-10177-10217
Assassination	104-10178-10136
Assassination	104-10306-10018
Assassination	104-10308-10029
Assassination	104-10308-10086
Assassination	104-10308-10165
Assassination	104-10308-10208
Assassination	104-10322-10056
Assassination	104-10326-10010
Assassination	104-10431-10102
Assassination	104-10433-10209
Assassination	124-10114-10010
Assassination	124-10150-10104
Assassination	124-10163-10134
Assassination	124-10181-10009
Assassination	157-10002-10105
Assassination	157-10002-10106
Assassination	157-10004-10095
Assassination	157-10014-10109
Assassination	157-10014-10242
Assassination	177-10001-10064
Assassination Attempt	104-10308-10168
Assassination Attempts	178-10002-10215
Assassination Attempts	178-10002-10279
Assassination Plan	124-10280-10030
Assassination Plans	104-10306-10010
Assassination Plans	157-10005-10141
Assassination Records	104-10326-10013
Assassination Records Act	104-10101-10129
Assassination Records Review Board	104-10332-10023
Assassination attempts	157-10011-10083
Assassination of President John Fitzgerald Kennedy	124-10058-10420
Assassination of President Kennedy	124-10115-10027
Assassinations	178-10002-10091
Assassinations Records Review Board	104-10326-10010
Asset	104-10119-10220
Assets	104-10183-10022
Assets	104-10187-10009
Assistant Director for Special Operations	104-10113-10181
Associations	104-10069-10359
Athens	104-10113-10030
Atlantic Operation	104-10069-10132
Audio Operation	104-10066-10076
Audio Operation	104-10095-10276
Audio Operations Branch	104-10179-10167
Audio Target	104-10183-10233
Audio-countermeasures	104-10123-10407
Aureliano SAN Romani	104-10227-10046
Austin Horn	124-90140-10012
Australia	104-10012-10078
Australia	104-10016-10021
Australia	104-10107-10089
Australia	104-10219-10282
Australia	104-10408-10329
Australia	177-10002-10096
Australian Security Intelligence Organization	104-10009-10222
Australian Security Intelligence Organization	104-10012-10079
Austria	104-10209-10018
Austria	124-10150-10104
Austria	124-10311-10292
Austria	124-90037-10081
Austrian Federal Security Police	124-10062-10456
Austrian Ministry of the Interior	124-90037-10081
Austrian Security Police	124-10320-10087
Authentication	104-10101-10256
Authentication Branch	104-10131-10016
Authentication Materials	104-10162-10108
Authentication Materials	104-10185-10209
Authentication Materials	104-10185-10247
Authorization	104-10183-10366
Autonomous Operations	104-10306-10010
Autonomy	176-10030-10422
Autonomy	176-10033-10145
Avila	104-10072-10212
Azores	104-10073-10113
B-26 Airplane	104-10172-10001
B/F INT	124-10212-10160
BAKGHOORN	104-10210-10020
BAKULIN	104-10215-10018
BALTIN	104-10183-10347
BANOS area	104-10234-10083
BARANOV	104-10173-10097
BARBI	104-10234-10105
BARBOSA Tomar	104-10219-10418
BARNET Gil, Enrique Raimundo	104-10122-10135
BARROSO Palacio, Jorge	104-10122-10135
BATISTA	124-10332-10047
BATISTA, Laureano	104-10115-10074
BAY OF PIGS	157-10002-10165
BD	104-10012-10076
BEFLATE 1	104-10100-10199
BEHEIREN	104-10064-10012
BELL	104-10180-10165
BELL	104-10183-10022
BELLS	104-10220-10294
BELT	124-90041-10023
BENICIA (GONZALEZ) GOMEZ	104-10172-10133
BENICIA (GONZALEZ) GOMEZ	104-10172-10137
BENITEZ Pineda, Andres	104-10122-10135
BERIO Planes, Darsicio	104-10122-10135
BERMUDEZ Garela	104-10180-10042
BERNARD BARKER	124-10284-10172
BESENSTEAL	104-10517-10121
BETIDE	104-10078-10014
BFV	104-10172-10243
BFV	124-90137-10355
BIFFRAY	104-10290-10155
BINY 45002	104-10069-10112
BIOGENESIS	104-10162-10017
BIRLIEVE	104-10290-10046
BKG	124-10212-10337
BKG	124-10291-10319
BKGB	104-10326-10013
BKHERALD	104-10174-10072
BLACK	104-10169-10265
BND	104-10170-10145
BOCAL	104-10235-10018
BOGO	104-10170-10096
BOGOTA	104-10101-10124
BOITEL	104-10170-10121
BONN	104-10234-10124
BOUFIEEO DEDICATOR	104-10290-10199
BRAZIL CONSULATE MIAMI	104-10512-10101
BRIEFING	104-10078-10014
BRITISH	104-10175-10101
BROTHER 28	104-10097-10360
BUCHBINDER	124-10158-10061
BUENAVENTURA FRANCESCO	104-10234-10069
BUGA1739	104-10220-10294
BURCHHARDT	104-10171-10138
BUSTAMANTE	104-10236-10054
BVD	104-10164-10032
BYECOM	104-10123-10220
BYEMAN	104-10123-10220
Background Check	104-10130-10356
Background Checks	104-10225-10035
Backstop	104-10110-10340
Backstop	104-10112-10186
Backstop	104-10112-10204
Backstop	104-10131-10111
Backstop	104-10161-10154
Backstopping	104-10070-10296
Backstopping	104-10120-10275
Backstopping	104-10121-10263
Backstopping	104-10256-10428
Baden-Baden	104-10185-10009
Baden-Baden	104-10185-10030
Bahamas	104-10306-10016
Bakatin	104-10014-10064
Baker	104-10072-10212
Balloon Operation	178-10003-10001
Balmes HIDALGO, Jr.	104-10250-10199
Bals scope lens	104-10188-10015
Baltimore	104-10180-10218
Bangkok	104-10123-10223
Bangkok	104-10222-10043
Bank Account	104-10174-10041
Bank Drafts	124-90137-10355
Bank of America	104-10174-10041
Barbados	104-10069-10077
Bares Dimitri	104-10130-10356
Barthe Tales	104-10077-10112
Bartolome Costa Amic	104-10175-10176
Basehouse	104-10065-10028
Bastille Day	104-10052-10130
Batabano	104-10076-10371
Bateiro	104-10072-10212
Batista	104-10179-10088
Batista	104-10180-10062
Batista	104-10229-10097
Batista Regime	104-10308-10269
Battalion Defensive Positions	104-10166-10068
Batteries	104-10183-10233
Bavaria	104-10179-10233
Bay of Pigs	104-10111-10079
Bay of Pigs	104-10228-10083
Bay of Pigs	104-10229-10002
Bayo	124-10284-10155
Beach Landings	104-10167-10375
Bebo Orozco	104-10216-10398
Beirut	104-10012-10024
Belarus	104-10326-10013
Belgium	104-10234-10007
Bell Telephone Laboratories	104-10226-10117
Ben Bella	176-10036-10027
Benefits	104-10194-10024
Benito BLANCO Cruz	104-10229-10002
Benito Ruiz Gorilo	104-10093-10065
Benito Ruiz Suarez	104-10290-10273
Berlin	104-10048-10252
Berlin	104-10290-10190
Berlin	104-10302-10030
Berlin	124-90092-10002
Berlin	124-90092-10016
Berlin	157-10005-10141
Berlin	177-10002-10096
Berlin	177-10002-10097
Berlin	177-10002-10103
Berlin Tunnel	157-10002-10105
Berlitz School	104-10180-10179
Bernard E. MONCURE	104-10106-10325
Bernard L. Barker	104-10163-10065
Bernard N. Hillary	104-10120-10297
Bertrand Russell Peace Foundation	104-10104-10262
Bethesda	104-10110-10242
Bethesda	104-10110-10243
BfV	124-90037-10081
BfV	124-90137-10488
Biafra	104-10182-10073
Biegfried Stefanovitch Morosoff	104-10106-10716
Bill Harvey	104-10122-10307
Binder	104-10119-10183
Bio Data	104-10117-10296
Biographic Data	104-10178-10054
Biographic Data	104-10215-10128
Biographical Data	104-10166-10158
Biographical Data	104-10179-10027
Birth Certificate	104-10260-10400
Birth Certificates	104-10186-10235
Bissell, Richard	157-10002-10105
Bissell, Richard	157-10002-10106
Black Air Transport	104-10066-10076
Black Departure	104-10162-10107
Black Operation	104-10103-10112
Black Power	104-10173-10166
Black Power	104-10433-10209
Blackmail	124-90155-10008
Blackmail	157-10004-10280
Blanca MARTINEZ de Hoya	104-10171-10003
Blank Documents	104-10260-10400
Bloc Relations	104-10302-10020
Blue Hole	104-10165-10004
Boat Landing	104-10165-10004
Bob Gambino	104-10122-10147
Boca Chica	104-10049-10375
Bogota	104-10183-10325
Bolang	104-10169-10269
Bolita racket	124-10212-10160
Bolivar Ballarino	157-10004-10095
Bolivia	104-10250-10035
Bolivia	104-10302-10030
Bolivia	104-10338-10018
Bomb	104-10527-10424
Bombing activities	104-10164-10050
Bombings	104-10171-10018
Bombings	104-10178-10096
Boniato Prison	104-10171-10047
Bonn	124-90037-10081
Book Publication	104-10248-10203
Book Review	104-10105-10277
Border Problem	176-10036-10073
Boris Aleksandrovich Kazantsev	104-10173-10104
Boston University	104-10172-10107
Boston University	104-10172-10112
Boumedienne	176-10036-10027
Boviot Bacar Shat	104-10072-10013
Boza Masvidalis	104-10308-10208
Bracero Program	177-10002-10069
Bracero Program	177-10002-10070
Brazil	104-10070-10272
Brazil	104-10103-10103
Brazil	104-10192-10110
Brazil	104-10269-10079
Brazil	104-10302-10030
Brazil	104-10338-10018
Brazil	176-10037-10440
Brazil	177-10002-10096
Brazil	177-10002-10097
Brazil	177-10002-10101
Brazil	177-10002-10102
Brazilian Embassy	104-10160-10207
Brazilian Embassy	177-10002-10092
Brazzaville	104-10182-10073
Bremer Bank	124-90137-10357
Briefing	104-10130-10344
Briefing	104-10186-10004
Briefing	104-10187-10147
Briefing Paper	104-10326-10075
Briefings	104-10187-10149
Britain	177-10002-10103
British	104-10071-10239
British Ambassador	176-10037-10453
British Embassy	104-10012-10035
British Embassy	104-10431-10102
British Empire Conference	104-10074-10007
British Forces	124-90037-10081
British Guiana	104-10290-10190
British Guiana	104-10338-10018
British Guiana	177-10002-10102
British Intelligence	194-10012-10030
British Intelligence Service	124-90137-10284
British Secret Intelligence Service	124-10058-10420
British Secret Intelligence Service	124-10181-10009
British Security Service	124-10058-10420
British Security Service	124-10181-10009
British Service	104-10179-10122
British Services Security Organization	124-90037-10081
British source	104-10059-10188
Broadcast Agreement	104-10245-10000
Brown Foundation	104-10116-10261
Brown Foundation	104-10117-10203
Brown and Root	104-10116-10261
Brown and Root	104-10117-10203
Bruce Solie	180-10131-10324
Bruno Pontecorvo	104-10106-10716
Brussels	104-10071-10239
Brussels	104-10218-10060
Brussels	104-10414-10002
Buddhism	176-10036-10135
Buddhist Issue	176-10036-10104
Buddhist Issue	176-10036-10117
Buddhist Situation	176-10036-10116
Buddhist association	176-10036-10098
Buddhist leaders	176-10036-10113
Buddhists	176-10036-10099
Budget	104-10230-10153
Budget	104-10301-10010
Budget	178-10004-10053
Budget Adjustment	104-10187-10003
Buenos Aires	104-10131-10014
Bui Van Luong	176-10037-10494
Building Passes	104-10121-10021
Bulgaria	104-10012-10035
Bulgaria	104-10431-10102
Bundesamt fuer Verfassungsschutz	124-90037-10081
Bundesamt fuer Verfassungsschutz	124-90137-10488
Bundesministerium für Inneres	124-10062-10456
Bundesunt fuer Verfassungsschutz	124-90137-10355
Bureau	104-10433-10209
Bureau Informant 100	124-10326-10104
Bureau Informant 200	124-10326-10103
Bureau Source 100	124-10326-10099
Bureau Source 100	124-10326-10100
Burglary	104-10106-10716
Burma	176-10036-10179
Burma	177-10002-10101
Business Security	104-10130-10472
Business Trip	104-10100-10086
Businessmen	104-10104-10172
Buu Hoi	176-10036-10135
C-2	104-10179-10113
C-78785	104-10182-10128
C-798301	104-10266-10138
C.I.A.	104-10177-10217
C.I.O.	104-10074-10007
C/SAS	104-10101-10109
C/WB/3	104-10101-10109
C/WH/3	104-10290-10038
C/WMD	104-10290-10038
CA	104-10290-10055
CA STAFF	104-10009-10021
CA reports	104-10171-10013
CA/35	104-10528-10149
CABEZA Coupau	104-10234-10105
CABRERA Rodriguez, Timoteo Amanão	104-10122-10135
CAC	104-10308-10023
CACKE NORTE THREE	104-10075-10225
CACT	104-10178-10046
CADALETRACE	104-10098-10391
CADALSO	104-10180-10042
CADELAIDA (MARTINEZ) ANDREADES	104-10172-10137
CAIP	104-10063-10206
CALATAYUD Rivera, Antonio	104-10122-10135
CAMBARO	104-10120-10381
CANTO	104-10216-10202
CARA	104-10170-10096
CARA	104-10219-10418
CARACUS	104-10180-10165
CARLOS (TEPEDINO) GONZALEZ	104-10517-10121
CARLOS FERNANDEZ CAMPOS	104-10229-10002
CARMENDIA Socarras, Rodolfo	104-10122-10135
CARNIVAL	104-10117-10203
CARRILLO	104-10183-10240
CARTIER	104-10100-10065
CAS	176-10038-10032
CASINO	104-10070-10079
CASTRO	104-10097-10360
CASTRO	104-10227-10046
CASTRO	124-10221-10229
CASTRO	157-10002-10165
CASUGAR/1	104-10234-10124
CAVATA	104-10172-10243
CAYO LEVISA	104-10076-10277
CCP	104-10100-10199
CCS	104-10131-10028
CCS	104-10161-10115
CCS/NC	104-10130-10472
CCS/NC	104-10266-10138
CD-071	104-10012-10079
CD-971	104-10009-10222
CD-971	104-10012-10078
CE Activity	104-10162-10120
CELAM	104-10308-10208
CEMEDIATE	104-10187-10109
CENTER SECTEMIC	104-10180-10233
CESAR DEL ANGEL FUENTES	124-10279-10020
CFTCODE	104-10117-10296
CHAPPIE	104-10215-10139
CHAS FOA	104-10183-10022
CHE GUEVARA	104-10170-10121
CHECKSIDE	104-10516-10239
CHEHN	104-10187-10109
CHEREPANOV	104-10210-10020
CHIARI	104-10227-10046
CHICOM	104-10100-10223
CHILE	157-10002-10165
CHKIST Birthday	104-10101-10215
CHO	180-10143-10100
CI	104-10076-10153
CI	104-10236-10054
CI	104-10516-10227
CI Operation	104-10128-10300
CI Staff	104-10106-10312
CI/CA	104-10076-10153
CI/CA	104-10516-10227
CI/CI	104-10516-10338
CI/IC	104-10516-10227
CI/OA	104-10129-10264
CI/OA	104-10172-10105
CI/OPS	104-10516-10227
CI/R&A	104-10009-10021
CIA	104-10012-10035
CIA	104-10070-10296
CIA	104-10100-10152
CIA	104-10100-10239
CIA	104-10100-10251
CIA	104-10102-10224
CIA	104-10103-10079
CIA	104-10103-10112
CIA	104-10104-10094
CIA	104-10105-10277
CIA	104-10105-10293
CIA	104-10106-10716
CIA	104-10107-10135
CIA	104-10107-10137
CIA	104-10111-10104
CIA	104-10117-10203
CIA	104-10119-10040
CIA	104-10119-10183
CIA	104-10120-10657
CIA	104-10123-10421
CIA	104-10129-10034
CIA	104-10130-10381
CIA	104-10131-10010
CIA	104-10132-10092
CIA	104-10133-10437
CIA	104-10165-10004
CIA	104-10169-10135
CIA	104-10170-10145
CIA	104-10171-10220
CIA	104-10172-10112
CIA	104-10173-10132
CIA	104-10173-10135
CIA	104-10174-10072
CIA	104-10177-10206
CIA	104-10177-10220
CIA	104-10180-10178
CIA	104-10181-10099
CIA	104-10183-10239
CIA	104-10183-10260
CIA	104-10186-10099
CIA	104-10186-10309
CIA	104-10187-10103
CIA	104-10187-10109
CIA	104-10187-10146
CIA	104-10192-10266
CIA	104-10209-10018
CIA	104-10217-10000
CIA	104-10219-10283
CIA	104-10226-10045
CIA	104-10228-10083
CIA	104-10250-10200
CIA	104-10302-10030
CIA	104-10307-10024
CIA	104-10308-10044
CIA	104-10310-10020
CIA	104-10326-10044
CIA	104-10326-10045
CIA	104-10326-10068
CIA	104-10337-10001
CIA	104-10437-10079
CIA	104-10527-10424
CIA	104-10534-10173
CIA	119-10021-10413
CIA	124-10062-10456
CIA	124-10115-10027
CIA	124-10158-10061
CIA	124-10181-10009
CIA	124-10212-10160
CIA	124-10221-10231
CIA	124-10239-10171
CIA	124-10273-10070
CIA	124-10273-10104
CIA	124-10280-10030
CIA	124-10281-10028
CIA	124-10284-10155
CIA	124-10284-10172
CIA	124-10320-10087
CIA	124-10325-10318
CIA	124-10326-10098
CIA	124-10326-10099
CIA	124-10326-10100
CIA	124-10326-10103
CIA	124-10326-10104
CIA	124-10326-10149
CIA	124-10326-10191
CIA	124-10332-10018
CIA	124-90037-10081
CIA	124-90060-10015
CIA	124-90092-10002
CIA	124-90092-10016
CIA	124-90110-10072
CIA	124-90110-10083
CIA	124-90124-10055
CIA	124-90124-10092
CIA	124-90135-10074
CIA	124-90137-10067
CIA	124-90137-10230
CIA	124-90137-10284
CIA	124-90137-10467
CIA	124-90137-10468
CIA	124-90138-10004
CIA	157-10002-10056
CIA	157-10002-10106
CIA	157-10002-10165
CIA	157-10004-10270
CIA	157-10005-10141
CIA	157-10011-10048
CIA	157-10014-10109
CIA	157-10014-10242
CIA	176-10030-10422
CIA	176-10033-10145
CIA	176-10036-10086
CIA	176-10036-10115
CIA	176-10036-10117
CIA	176-10037-10440
CIA	177-10001-10305
CIA	178-10002-10091
CIA	178-10002-10215
CIA	178-10002-10279
CIA	178-10003-10001
CIA	180-10110-10100
CIA	180-10131-10324
CIA	180-10143-10227
CIA	198-10004-10076
CIA	198-10007-10029
CIA	202-10001-10203
CIA Agent	104-10219-10439
CIA Agent	104-10248-10203
CIA Control	124-90110-10070
CIA LIAISON MATERIAL	124-90137-10355
CIA LIAISON MATERIAL	124-90137-10357
CIA LIAISON MATERIAL	124-90140-10004
CIA LIAISON MATERIAL	124-90140-10005
CIA Liaison	124-90138-10007
CIA Liaison	124-90138-10066
CIA Liaison	124-90138-10073
CIA Liaison	124-90139-10002
CIA Liaison	124-90139-10070
CIA Liaison	124-90139-10071
CIA Liaison File	124-10325-10318
CIA Liaison Material	124-90139-10050
CIA Liaison Material	124-90140-10012
CIA Regulation 10-3	104-10059-10099
CIA Reports	104-10171-10044
CIA Stations	104-10332-10020
CIA meeting	157-10004-10144
CIA operations	104-10105-10271
CIA operations	104-10210-10020
CIA sponsorship	104-10181-10117
CIGAS	104-10290-10046
CIN2645	104-10180-10176
CINCARIB Communications	178-10003-10001
CINODACID	104-10179-10143
CIS 3	104-10516-10338
CKASSAY	104-10098-10391
CKET 2022352	104-10516-10338
CKPOLAR	104-10187-10009
CLAE meeting	104-10170-10121
CLANDESTINE OPERATIONS	178-10003-10001
CLANDESTINE OPERATIONS	178-10004-10053
CLANDESTINE OPERATIONS	178-10004-10054
CLARA MOLINA CABRERA	104-10229-10002
CLARK JUNG	124-90092-10002
CLASC	104-10178-10334
CLASC	104-10192-10110
CLASH	124-10279-10020
CLBAN 55	104-10187-10142
CLC	176-10036-10051
CMUN	104-10180-10042
CNBR	104-10016-10021
CNBR	104-10408-10329
CNE	104-10092-10267
COBRA 13	104-10075-10225
COCO	104-10160-10207
COCO	104-10237-10120
COCOM	198-10004-10076
CODEL Shelby	104-10326-10074
COFORACO	104-10290-10046
COJIMAR	104-10179-10209
COL ARRIAGA	104-10185-10171
COL. PETERS	104-10182-10073
COLLABORATOR	104-10439-10113
COLONIA CONDESA	104-10290-10046
COMMO	104-10075-10200
COMMO	104-10076-10277
COMMUNIST PARTY	124-10212-10337
CONSEJO REVOLUCIONARIO	104-10228-10419
CONSPR	124-10284-10172
CONTACT	104-10175-10101
CONTACT	124-10180-10295
CONTE AGUERO	104-10228-10419
COORDINATION OFFICERS	104-10100-10152
COPADOP	104-10220-10294
COPAL CAPLES	104-10076-10116
COPRA GROWERS UNION	124-10279-10020
CORA Johnson, Ricardo	104-10122-10135
CORAL GABLES	104-10101-10124
CORAL GABLES	104-10290-10055
CORDERO	104-10101-10134
CORONA Villar, Ramon	104-10122-10135
COS	104-10095-10161
COS	104-10100-10419
COS stations	104-10186-10008
COSEC	104-10101-10134
COSEC	104-10101-10135
COSSC	104-10101-10135
COUNTERINSURGENCY	198-10004-10207
COYOKE	104-10183-10267
CP ACT	124-10212-10337
CP GLOBE	104-10107-10135
CPD/OP	104-10110-10340
CPLLC	124-10300-10012
CPSO F214442	104-10129-10034
CPUSA	104-10308-10163
CRASH	104-10220-10069
CRC	104-10227-10153
CRC	104-10231-10418
CROPTON	104-10172-10105
CROZIER	104-10112-10450
CRUZADA REVOLUCIONARIA ANTI COMUNISTA	124-90041-10023
CSSOP 210-53	104-10098-10380
CTBAN	104-10101-10198
CUBA	104-10183-10261
CUBA	104-10187-10110
CUBA	104-10187-10111
CUBA	104-10219-10418
CUBA	124-10180-10295
CUBA	124-10285-10254
CUBA	124-10291-10319
CUBA	157-10002-10165
CUBA IN ARMS	124-10213-10483
CUBAN DEFECTOR	104-10187-10110
CUBAN EXILES	104-10234-10069
CUBAN EXILES	178-10004-10054
CUBAN SUBVERSION	198-10004-10207
CUBAN TARGET	104-10187-10110
CUBANA	104-10220-10069
CUDA	104-10220-10294
CUERTLER	104-10076-10374
CURA DE VILLA	104-10075-10225
CVTC	176-10036-10078
CYFRAIL/1	104-10121-10174
Cabinet Recommendation	176-10036-10139
Cabrera	104-10179-10134
Cabrera	104-10179-10136
Cached funds	104-10180-10180
Caching	104-10077-10356
Caching	104-10215-10139
Caching	104-10267-10196
Cadres	176-10037-10494
Caibarien	104-10172-10147
California	104-10290-10062
California Driver's License	104-10123-10098
Calvet Munshey	104-10072-10212
Calvin W. Hicks	104-10120-10271
Calvin W. Hicks	104-10120-10275
Cambodia	104-10302-10030
Cambodia	176-10036-10079
Cambodia	176-10036-10179
Cambodia	176-10037-10460
Cambodia	176-10037-10491
Cambodia	177-10002-10098
Cambodia	177-10002-10101
Cambodia	177-10002-10102
Cambodian Border Problem	176-10036-10073
Camilo Domenech Gadea	104-10180-10050
Camp Pickett	104-10122-10147
Can Lao Party	176-10036-10078
Canada	104-10076-10400
Canada	104-10186-10235
Canada	104-10186-10264
Canada	104-10219-10154
Canberra Embassy	104-10012-10078
Capt Eduardo (Rodriguez) Campbell	104-10076-10442
Caracas	104-10112-10148
Caracas	104-10179-10122
Caracas	104-10275-10176
Caravelle Opposition Group	176-10037-10493
Cardena	104-10234-10050
Career Agent	104-10112-10450
Career Intelligence Medal	104-10303-10003
Cargo	104-10076-10229
Cargo	104-10529-10367
Cargo Unloading	104-10512-10110
Caribbean	104-10183-10276
Caribbean	104-10215-10003
Caribbean	104-10263-10111
Caribbean Legion	104-10172-10001
Caribbean Political Activities	104-10177-10206
Caribbean Political Situation	124-10279-10258
Caribbean Political Situation	124-10279-10258
Carletto Inc.	104-10183-10044
Carlos (Evans) Roman	104-10076-10295
Carlos CASTILLO Armas	104-10072-10001
Carlos Hevia	104-10231-10418
Carlos OLIVARES	104-10074-10413
Carlos Olivares	104-10269-10079
Carlos PAZ Tejada	104-10072-10001
Carlos PRADO	104-10171-10003
Carlos Prio Socarras	104-10073-10133
Carlos Prio Socarras	104-10170-10112
Carlos Rafael Rodriguez	104-10308-10163
Carlos Rodriguez	104-10231-10418
Carlos Tepedino Gonzales	104-10183-10044
Carlos Valdes Gonzalez	104-10177-10225
Carlos de VARONA	104-10160-10207
Carlos de VARONA	104-10237-10120
Carriles	104-10220-10069
Carrillo	104-10234-10115
Carrillo	104-10517-10120
Cartas de un Care Commista	104-10167-10297
Casa Cuba	104-10308-10163
Case 9145	104-10070-10296
Cash	176-10036-10078
Castrista	104-10186-10235
Castrista priest	104-10074-10413
Castro	104-10100-10251
Castro	104-10101-10175
Castro	104-10101-10227
Castro	104-10102-10224
Castro	104-10114-10152
Castro	104-10119-10183
Castro	104-10174-10037
Castro	104-10179-10121
Castro	104-10179-10136
Castro	104-10183-10260
Castro	104-10192-10284
Castro	104-10226-10090
Castro	104-10232-10018
Castro	104-10234-10083
Castro	104-10290-10168
Castro	104-10306-10020
Castro	104-10307-10024
Castro	104-10308-10029
Castro	104-10308-10053
Castro	104-10527-10424
Castro	119-10021-10413
Castro	124-10279-10258
Castro	124-10280-10030
Castro	157-10002-10105
Castro	157-10002-10106
Castro Agent	104-10186-10235
Castro Communism	177-10002-10070
Castro Regime	104-10167-10366
Castro Regime	104-10179-10104
Castro Regime	104-10227-10150
Castro Regime	104-10236-10056
Castro Regime	104-10506-10028
Castro Revolution	124-10284-10155
Castro agents	104-10073-10133
Castro government	104-10171-10033
Castro regime	104-10232-10019
Castro-Communism	104-10170-10064
Cater op	104-10183-10347
Catholic Association for International Peace	104-10063-10206
Catholic Association for International Peace	104-10071-10060
Catholic Chaplain	104-10226-10011
Catholics	176-10036-10099
Cecilio PEREZ Ramos	104-10183-10347
Ceferino Alvarez	104-10308-10044
Cementer Feller	104-10072-10212
Central America	104-10100-10319
Central America	104-10183-10276
Central America	104-10215-10003
Central American Bank of Economic Integration	104-10165-10084
Central American Communist Parties	104-10012-10022
Central Committee	104-10074-10007
Central Committee of the Chinese Communist Party	104-10173-10134
Central Cover	104-10122-10307
Central Cover Division	104-10120-10271
Central Cover Division	104-10182-10128
Central Cover Staff	104-10130-10485
Central Files	104-10088-10074
Central Intelligence	104-10124-10037
Central Intelligence Agency	104-10332-10023
Central Intelligence Agency	104-10408-10078
Central Vietnam	176-10036-10098
Centro Nacional de Estudios Sociales	104-10175-10152
Cerenzason	104-10072-10212
Ceres Enterprises, Inc.	104-10104-10271
Cesar Baro	104-10231-10418
Cessna	104-10169-10271
Chamdetty Fernandez	104-10072-10212
Chamizal Settlement	177-10002-10069
Chamizal Settlement	177-10002-10070
Chaplin Oil and Refining Co	104-10209-10025
Character References	104-10131-10099
Charles C. Parlin	104-10106-10716
Charles Doh	104-10106-10716
Charles Kays	157-10011-10048
Charles Lufborrow	104-10177-10225
Charles Sternberg	104-10171-10136
Charleton Beals	104-10175-10176
Charlie Davis	104-10183-10232
Charlotte	124-10163-10134
Charlotte Bustos-Videla	104-10110-10095
Charter	104-10165-10169
Chartered Flights	104-10075-10200
Chase Manhattan Bank	104-10103-10038
Che GUEVARA	104-10171-10003
Che Guevara	104-10075-10365
Che Guevara	104-10097-10360
Che Guevara	104-10216-10398
Chelin	104-10171-10003
Chemical Products	104-10098-10401
Cheverly	104-10110-10433
Chiang Ching-kuo	104-10306-10007
Chicago Field Office	104-10110-10568
Chicoms	104-10178-10071
Chief Mission	104-10100-10419
Chief of AVALANCHE	104-10186-10004
Chief, WH/A/PA	104-10228-10076
Chile	104-10070-10272
Chile	104-10177-10219
Chile	104-10192-10110
Chile	104-10306-10010
Chile	104-10338-10018
Chile	177-10001-10064
Chilean Crisis	104-10303-10003
Chilean Swedish Trade	104-10177-10219
China	104-10071-10122
China	104-10169-10282
China	104-10173-10134
China	104-10218-10083
China	104-10290-10190
China	104-10302-10020
China	104-10302-10030
China	176-10036-10102
China	176-10037-10440
China	177-10002-10097
China Architectural Society	104-10529-10329
China Forum	104-10173-10134
Chinese Communist Party	104-10173-10134
Chinese Communists	104-10301-10010
Chinese Nationalist	178-10003-10001
Chinese funding	176-10036-10058
Chris Craft	104-10179-10209
Christian Democracy	104-10192-10110
Christine Hopkins	104-10413-10306
Christmas	104-10098-10328
Christmas card	104-10069-10359
Church	104-10186-10099
Church	104-10186-10309
Church	104-10308-10208
Cid Colon	104-10072-10212
Cienfuegos	104-10308-10127
Cienfuegos	104-10512-10110
Cipher	104-10308-10127
Cira Martinez	104-10179-10104
Citizenship	104-10129-10002
Civic Action	176-10036-10088
Civic Action	176-10037-10460
Civil Rights	104-10433-10209
Civil Rights	177-10002-10092
Civil War	104-10192-10284
Civil War	124-10291-10236
Civilian Identification Card	104-10120-10276
Claggett-Nolan Company	104-10176-10015
Clandestine Activities	104-10183-10346
Clandestine Activities	104-10306-10010
Clandestine Movement	198-10007-10013
Clandestine Movement	198-10008-10119
Clandestine Operations	176-10030-10422
Clandestine Operations	176-10033-10145
Clandestine Operations	178-10002-10091
Clandestine Operations	178-10002-10215
Clandestine Organization	104-10226-10011
Clandestine Radio	104-10216-10148
Clandestine Resistance	198-10005-10017
Clandestine channels	104-10306-10020
Clandestine operations	104-10232-10018
Clandestine return	176-10036-10058
Clandestineness	104-10230-10153
Clara ARTIME	104-10171-10003
Clarence	104-10169-10269
Clarendon	104-10183-10347
Clark Drouillard Goodman	104-10106-10716
Classification	104-10105-10293
Classified Document Release	104-10014-10051
Classified Information	104-10105-10277
Classified Information	124-10279-10209
Classified Message	104-10512-10102
Classified Message	104-10516-10338
Classified Pouch	104-10076-10116
Classified information	104-10119-10247
Clay Shaw	178-10002-10091
Clayton Kallander	104-10123-10097
Clearance	104-10077-10266
Clearance	104-10112-10148
Clearance	104-10123-10223
Clearance	104-10215-10128
Clearance	124-90110-10070
Clearance Branch	104-10130-10305
Clemard Joseph Charles	104-10217-10000
Cliff Roberts	104-10069-10077
Clinton	104-10180-10165
Clinton M. Jenks	124-90140-10012
Clog & Singer	104-10072-10013
Closed Circuit Television	124-10369-10022
Coal Situation	104-10177-10219
Coal and Steel Community	177-10002-10102
Code Names	104-10075-10200
Code information	157-10002-10105
Cody Maduro	104-10180-10178
Col Arriaga	104-10186-10037
Cold War	104-10064-10012
Cold War	104-10170-10064
Cold War	104-10173-10135
Cold War	104-10228-10045
Cold War	198-10007-10029
Colegio Nacional de Periodistas	104-10068-10172
Collin E. Ostrander	104-10170-10037
Collins Radio Company	104-10107-10180
Colombia	104-10070-10272
Colombia	104-10177-10225
Colombia	104-10262-10385
Colombia	104-10338-10018
Colombia	178-10003-10001
Colombian delegation	104-10048-10252
Colomer	104-10111-10079
Colonel Porres	104-10183-10259
Colorado River	177-10002-10069
Comandante William	104-10183-10325
Comando Unificado de la Liberacion en Cuba	176-10036-10051
Combined OPS	104-10192-10229
Comite Pro-Liberacion de los Cien (CPLLC)	124-10300-10024
Commando	104-10308-10086
Commando Action	104-10232-10004
Commando Action	104-10236-10056
Commando Plan	104-10227-10150
Commendation	104-10303-10003
Commercial Account	104-10174-10041
Commercial Aircraft	104-10169-10139
Commercial Attache	104-10185-10110
Commercial Attache	104-10186-10269
Commercial Barter	104-10098-10401
Commercial Barter	104-10516-10348
Commercial Missions	198-10007-10013
Commercial Missions	198-10008-10119
Commercial Representative	124-90110-10070
Commercial Stair	104-10291-10009
Commercial Viability	104-10263-10111
Commo Assessment	104-10172-10133
Common Market	104-10302-10030
Communication Channel	104-10100-10357
Communication Codes	104-10171-10020
Communication Experts	124-10291-10236
Communications	104-10070-10079
Communications	104-10107-10180
Communications	104-10227-10153
Communications	104-10301-10010
Communications Channel	104-10217-10185
Communications Intelligence	157-10002-10105
Communicators	104-10301-10008
Communism	104-10051-10106
Communism	104-10103-10103
Communism	104-10114-10152
Communism	104-10133-10437
Communism	104-10175-10085
Communism	104-10177-10225
Communism	104-10179-10113
Communism	104-10300-10124
Communism	104-10308-10163
Communism	104-10437-10079
Communism	119-10021-10413
Communism	124-90137-10355
Communism	177-10001-10305
Communist	104-10172-10111
Communist	124-10284-10172
Communist	124-90137-10067
Communist	124-90137-10230
Communist	124-90140-10012
Communist	198-10005-10018
Communist Activities	176-10036-10087
Communist Activity	177-10002-10101
Communist Associations	104-10059-10099
Communist Bloc	177-10002-10102
Communist China	177-10002-10069
Communist China	177-10002-10098
Communist Influence	104-10209-10259
Communist Influence	104-10418-10378
Communist International	104-10173-10134
Communist Parties	194-10012-10030
Communist Party	104-10005-10321
Communist Party	104-10107-10135
Communist Party	104-10180-10044
Communist Party	104-10186-10099
Communist Party	104-10187-10071
Communist Party	104-10234-10141
Communist Party	104-10250-10267
Communist Party	177-10002-10012
Communist Party Penetration	176-10038-10032
Communist Party of Haiti	104-10186-10308
Communist Party of Mexico	124-10279-10258
Communist Party of Venezuela	124-10273-10104
Communist Party of Venezuela	124-10281-10028
Communist Party-Cuba	124-90138-10066
Communist Propaganda	104-10114-10162
Communist Regime	104-10103-10112
Communist activities	104-10250-10199
Communist agitators	104-10165-10084
Communist influence	104-10213-10002
Communists	104-10071-10122
Communists	104-10072-10001
Communists	104-10074-10007
Communists	104-10101-10054
Communists	104-10167-10297
Communists	104-10529-10277
Community of Nations Fund	104-10183-10384
Compensation	104-10194-10024
Compliance	104-10332-10023
Composite	104-10178-10124
Compromised Operation	104-10174-10072
Comstvas Guaren	104-10072-10212
Conein	176-10036-10173
Conestoga Group	104-10107-10085
Confederación Mexicana de Cámaras Industriales	104-10175-10152
Conference	104-10070-10272
Confidential	104-10222-10001
Confidential Department	104-10186-10235
Confidential Informant	124-10326-10098
Confinement	104-10106-10300
Confinement	104-10418-10202
Conflict	176-10036-10078
Congo	104-10101-10239
Congo	104-10182-10073
Congo	104-10217-10228
Congo	104-10290-10190
Congo	176-10011-10152
Congo	176-10036-10023
Congo	177-10002-10096
Congo	177-10002-10097
Congo	177-10002-10098
Congo	177-10002-10103
Congress	104-10227-10121
Congressional Testimony	198-10009-10099
Consejo (CRC)	104-10232-10018
Consular	104-10173-10104
Consular Cover	104-10221-10032
Consular Officer	104-10431-10091
Consultant	104-10106-10300
Consultant	104-10418-10202
Contact	104-10100-10357
Contact	104-10183-10347
Contact	104-10183-10436
Contact Arrangements	104-10100-10086
Contact Division	104-10069-10112
Contact Plan	104-10183-10011
Contact Report	104-10072-10228
Contact Reports	104-10072-10227
Contacts	104-10101-10054
Contacts	104-10187-10071
Conte Aguero	104-10232-10018
Continental Electronics Company	104-10216-10073
Contingency Planning	198-10004-10076
Contract	104-10107-10180
Contract	104-10175-10179
Contract	104-10291-10003
Contract Agent	104-10123-10160
Contract Agent	104-10129-10002
Contract Agent	104-10222-10001
Contract Agent	104-10250-10267
Contract Employee	104-10250-10200
Contract Employment	104-10077-10266
Contract Employment	104-10194-10024
Contract Personnel	104-10439-10113
Control Cards	104-10117-10296
Control File	124-10326-10104
Control of Travel	198-10008-10119
Controlled American Source (CAS)	157-10002-10056
Controlled American Source (CAS)	176-10030-10422
Conversion of Status	104-10119-10339
Cook County Sheriff's Office	104-10110-10568
Cooperation	124-10325-10318
Coordination	104-10069-10185
Coordination	104-10234-10088
Copper Situation	104-10177-10219
Coral Gables	124-90130-10005
Cornelis Bijpus	104-10093-10266
Corpus Christi	104-10100-10237
Corpus Christi	104-10529-10367
Correspondence	104-10062-10227
Corsica	104-10185-10009
Corsican circles	104-10185-10030
Cost	124-10225-10195
Costa Conchez	104-10072-10212
Costa Rica	104-10072-10001
Costa Rica	104-10114-10042
Costa Rica	104-10177-10225
Costa Rica	104-10179-10182
Costa Rica	104-10179-10195
Costa Rica	104-10338-10018
Coto Coronado	104-10072-10212
Council	104-10232-10019
Council for Latin America	104-10175-10152
Counter Insurgency	178-10003-10001
Counter Intelligence	104-10088-10070
Counter Intelligence	104-10226-10011
Counter-Insurgency	119-10021-10413
Counter-Insurgency	198-10007-10013
Counter-Insurgency	198-10007-10021
Counter-Insurgency	198-10008-10119
Counter-Insurgency Team	178-10003-10001
Counter-Intelligence	104-10308-10044
Counter-Intelligence	180-10110-10100
Counter-Revolution	104-10103-10112
Counter-Revolution	104-10180-10165
Counter-Revolutionary	104-10179-10025
Counter-Revolutionary Activities	104-10102-10237
Counter-Revolutionary Activities	104-10308-10023
Counter-revolutionaries	104-10180-10180
Counter-surveillance	104-10180-10042
CounterSubversion Program	198-10008-10119
Counterattack	176-10036-10102
Counterfeiter	124-90092-10002
Counterguerrilla Tactics	176-10036-10085
Counterinsurgency	104-10183-10346
Counterinsurgency	176-10036-10179
Counterinsurgency	176-10037-10494
Counterintelligence	104-10006-10247
Counterintelligence	104-10065-10028
Counterintelligence	104-10066-10076
Counterintelligence	104-10076-10229
Counterintelligence	104-10100-10034
Counterintelligence	104-10103-10079
Counterintelligence	104-10106-10300
Counterintelligence	104-10121-10091
Counterintelligence	104-10162-10017
Counterintelligence	104-10167-10083
Counterintelligence	104-10172-10201
Counterintelligence	104-10172-10248
Counterintelligence	104-10172-10279
Counterintelligence	104-10173-10097
Counterintelligence	104-10173-10134
Counterintelligence	104-10175-10085
Counterintelligence	104-10176-10020
Counterintelligence	104-10183-10355
Counterintelligence	104-10185-10128
Counterintelligence	104-10186-10088
Counterintelligence	104-10187-10009
Counterintelligence	104-10187-10030
Counterintelligence	104-10210-10020
Counterintelligence	104-10219-10154
Counterintelligence	104-10219-10283
Counterintelligence	104-10226-10045
Counterintelligence	104-10301-10010
Counterintelligence	104-10326-10087
Counterintelligence	104-10408-10078
Counterintelligence	104-10412-10005
Counterintelligence	104-10534-10173
Counterintelligence	124-10273-10070
Counterintelligence	124-10326-10104
Counterintelligence	124-90092-10016
Counterintelligence	124-90138-10073
Counterintelligence	124-90155-10008
Counterintelligence	198-10007-10022
Countermeasures	177-10001-10305
Counterpropaganda	176-10036-10097
Counterrevolutionary Organizations	104-10186-10099
Coup d'Etat	176-10036-10131
Coup d'etat	104-10103-10112
Coup d'etat	176-10036-10143
Courier	124-90139-10050
Courier Routes	124-90137-10468
Court Foster Wood	104-10114-10162
Court WOOK	104-10128-10300
Court Wood	104-10114-10160
Court Wood	104-10114-10161
Courtney OWENS	104-10124-10149
Cover Activities	104-10194-10024
Cover Company	104-10107-10085
Cover Considerations	104-10256-10187
Cover Division	104-10174-10033
Cover Facility	104-10104-10271
Cover History	104-10131-10111
Cover Operations	104-10104-10172
Cover Post	104-10100-10319
Cover Status	104-10178-10046
Cover Status	104-10225-10035
Cover Story	104-10121-10263
Cover Story	104-10121-10304
Cover Story	104-10165-10169
Cover Support	104-10130-10472
Cover considerations	104-10112-10450
Cover correspondence	104-10180-10138
Covert Action	104-10095-10161
Covert Action	104-10104-10094
Covert Action	104-10303-10003
Covert Action	104-10304-10000
Covert Action	104-10306-10007
Covert Action	104-10529-10184
Covert Action	157-10002-10056
Covert Action	178-10002-10215
Covert Action Branch	104-10301-10008
Covert Activities	104-10306-10010
Covert Annex	176-10011-10152
Covert Approvals	104-10088-10070
Covert Approvals	104-10439-10113
Covert CIA	124-10150-10104
Covert Interest	104-10131-10099
Covert Operation	104-10078-10020
Covert Operation	104-10095-10276
Covert Operation	104-10103-10112
Covert Operations	104-10066-10076
Covert Operations	104-10070-10296
Covert Operations	104-10095-10161
Covert Operations	104-10116-10261
Covert Operations	104-10117-10203
Covert Operations	104-10120-10271
Covert Operations	104-10175-10085
Covert Operations	104-10178-10054
Covert Operations	104-10183-10022
Covert Operations	104-10183-10043
Covert Operations	104-10213-10209
Covert Operations	104-10222-10001
Covert Operations	104-10228-10045
Covert Operations	176-10030-10422
Covert Operations	176-10037-10460
Covert Operations	198-10007-10029
Covert Political Operations	176-10033-10145
Covert Propaganda	104-10301-10008
Covert Security	104-10241-10249
Covert Security Approval	104-10059-10099
Covert Security Clearance	104-10250-10267
Covert Site	104-10123-10160
Covert Training	104-10183-10346
Covert operations	104-10213-10002
Coxie propaganda	104-10218-10097
Crafted Ambaro	104-10179-10027
Credit	104-10516-10270
Creditable Service	104-10222-10043
Crespo	104-10169-10269
Crime	104-10101-10175
Criminal Syndicate	157-10014-10109
Criteria	104-10408-10078
Crombet	104-10216-10398
Cross Reference	104-10164-10085
Crotioto Mission	104-10171-10136
Cryptonym	104-10098-10264
Cryptonym	104-10211-10146
Crypts	104-10014-10051
Crypts	104-10326-10055
Cuadernos	104-10179-10182
Cuadernos	104-10275-10176
Cuba	104-10048-10252
Cuba	104-10061-10053
Cuba	104-10068-10172
Cuba	104-10069-10112
Cuba	104-10069-10359
Cuba	104-10070-10272
Cuba	104-10073-10074
Cuba	104-10073-10113
Cuba	104-10075-10200
Cuba	104-10075-10232
Cuba	104-10075-10365
Cuba	104-10076-10442
Cuba	104-10093-10266
Cuba	104-10095-10161
Cuba	104-10100-10034
Cuba	104-10100-10087
Cuba	104-10100-10357
Cuba	104-10102-10224
Cuba	104-10102-10237
Cuba	104-10103-10079
Cuba	104-10103-10112
Cuba	104-10110-10433
Cuba	104-10111-10094
Cuba	104-10114-10152
Cuba	104-10114-10162
Cuba	104-10119-10183
Cuba	104-10162-10120
Cuba	104-10162-10121
Cuba	104-10163-10065
Cuba	104-10163-10136
Cuba	104-10165-10004
Cuba	104-10165-10084
Cuba	104-10169-10017
Cuba	104-10169-10265
Cuba	104-10170-10015
Cuba	104-10170-10121
Cuba	104-10170-10125
Cuba	104-10171-10093
Cuba	104-10171-10097
Cuba	104-10171-10136
Cuba	104-10171-10220
Cuba	104-10172-10062
Cuba	104-10172-10112
Cuba	104-10174-10033
Cuba	104-10174-10037
Cuba	104-10174-10038
Cuba	104-10174-10043
Cuba	104-10177-10047
Cuba	104-10177-10206
Cuba	104-10179-10022
Cuba	104-10179-10025
Cuba	104-10179-10104
Cuba	104-10179-10182
Cuba	104-10179-10209
Cuba	104-10180-10062
Cuba	104-10180-10179
Cuba	104-10180-10180
Cuba	104-10180-10200
Cuba	104-10181-10117
Cuba	104-10183-10259
Cuba	104-10183-10260
Cuba	104-10185-10105
Cuba	104-10185-10128
Cuba	104-10185-10315
Cuba	104-10186-10264
Cuba	104-10187-10030
Cuba	104-10187-10208
Cuba	104-10192-10110
Cuba	104-10215-10128
Cuba	104-10216-10073
Cuba	104-10216-10075
Cuba	104-10219-10283
Cuba	104-10226-10011
Cuba	104-10226-10090
Cuba	104-10228-10045
Cuba	104-10228-10083
Cuba	104-10232-10018
Cuba	104-10234-10007
Cuba	104-10234-10050
Cuba	104-10234-10096
Cuba	104-10234-10102
Cuba	104-10234-10148
Cuba	104-10241-10249
Cuba	104-10245-10007
Cuba	104-10247-10064
Cuba	104-10247-10097
Cuba	104-10290-10190
Cuba	104-10290-10309
Cuba	104-10302-10030
Cuba	104-10306-10007
Cuba	104-10306-10011
Cuba	104-10306-10018
Cuba	104-10307-10024
Cuba	104-10308-10023
Cuba	104-10308-10029
Cuba	104-10308-10062
Cuba	104-10308-10163
Cuba	104-10308-10165
Cuba	104-10308-10208
Cuba	104-10310-10020
Cuba	104-10516-10103
Cuba	104-10516-10348
Cuba	104-10528-10053
Cuba	104-10529-10323
Cuba	124-10212-10160
Cuba	124-10239-10171
Cuba	124-10326-10149
Cuba	124-90124-10092
Cuba	124-90137-10067
Cuba	124-90137-10230
Cuba	124-90137-10284
Cuba	124-90137-10467
Cuba	124-90138-10004
Cuba	124-90138-10007
Cuba	124-90138-10073
Cuba	124-90140-10004
Cuba	124-90140-10005
Cuba	124-90140-10012
Cuba	157-10002-10056
Cuba	157-10002-10106
Cuba	157-10014-10109
Cuba	176-10011-10152
Cuba	176-10037-10440
Cuba	177-10001-10064
Cuba	177-10001-10445
Cuba	177-10002-10069
Cuba	177-10002-10098
Cuba	177-10002-10102
Cuba	177-10002-10103
Cuba	178-10003-10001
Cuba	198-10004-10076
Cuba	198-10005-10018
Cuba Operations	104-10095-10161
Cuba Project	202-10001-10203
Cubamb	104-10234-10007
Cuban	104-10181-10152
Cuban	104-10413-10053
Cuban	124-10325-10318
Cuban Activities	104-10066-10076
Cuban Air Force	104-10167-10083
Cuban Air Force	104-10171-10018
Cuban Air Force	124-10284-10172
Cuban Ambassador	104-10074-10413
Cuban Ambassador	124-10284-10155
Cuban Anniversary	104-10100-10424
Cuban Armed Forces	124-10225-10195
Cuban Asset	104-10216-10002
Cuban Brigade	198-10004-10076
Cuban Commercial Office	104-10183-10355
Cuban Communism	104-10308-10168
Cuban Communist penetration	104-10308-10044
Cuban Community	104-10174-10072
Cuban Complicity	104-10413-10306
Cuban Complicity	104-10506-10028
Cuban Consulate	124-10239-10171
Cuban Counterrevolutionaries	104-10069-10112
Cuban Crisis	194-10012-10030
Cuban Defector	104-10186-10410
Cuban Defector	104-10187-10103
Cuban Defector	104-10187-10109
Cuban Defector	104-10187-10117
Cuban Defector	104-10187-10147
Cuban Defectors	104-10187-10146
Cuban Diplomats	104-10275-10176
Cuban Documentation	104-10162-10107
Cuban Documents	104-10185-10209
Cuban Economic Matters	124-90139-10070
Cuban Economy	104-10172-10041
Cuban Embassies	104-10179-10134
Cuban Embassies	104-10179-10136
Cuban Embassy	104-10072-10228
Cuban Embassy	104-10180-10044
Cuban Embassy	104-10180-10050
Cuban Embassy	104-10181-10099
Cuban Embassy	104-10185-10110
Cuban Embassy	104-10216-10238
Cuban Embassy	104-10310-10118
Cuban Embassy	124-10058-10420
Cuban Embassy	124-10181-10009
Cuban Embassy	177-10001-10063
Cuban Embassy	177-10001-10064
Cuban Embassy	180-10110-10100
Cuban Exile	104-10183-10039
Cuban Exile	104-10192-10266
Cuban Exile	104-10192-10284
Cuban Exile	104-10234-10115
Cuban Exile Act	124-10279-10258
Cuban Exile Activities	124-10279-10258
Cuban Exile Asset	104-10187-10117
Cuban Exile Group	104-10110-10245
Cuban Exiles	104-10093-10010
Cuban Exiles	104-10167-10366
Cuban Exiles	104-10290-10219
Cuban Exiles	104-10306-10010
Cuban Exiles	178-10002-10091
Cuban Exiles	178-10002-10215
Cuban Exiles	178-10002-10279
Cuban Exiles	194-10012-10030
Cuban Foreign Minister	124-90139-10138
Cuban Government	104-10160-10207
Cuban Government	104-10222-10001
Cuban Government	104-10237-10120
Cuban Government	104-10516-10348
Cuban Government	177-10001-10060
Cuban Government in Arms	124-10213-10483
Cuban Government in Exile	104-10192-10284
Cuban Immigrants	104-10183-10384
Cuban Intel	104-10183-10261
Cuban Intelligence	104-10070-10079
Cuban Intelligence	104-10185-10105
Cuban Intelligence	104-10186-10088
Cuban Intelligence	104-10186-10099
Cuban Intelligence	104-10186-10264
Cuban Intelligence	104-10186-10269
Cuban Intelligence	104-10186-10308
Cuban Intelligence	104-10187-10174
Cuban Intelligence	124-90139-10002
Cuban Intelligence Directorate	104-10180-10042
Cuban Intelligence Service	104-10183-10276
Cuban Intelligence Service	104-10185-10110
Cuban Intelligence Service	104-10185-10117
Cuban Intelligence Service	104-10186-10235
Cuban Intelligence Service	124-10285-10254
Cuban Invasion	124-10225-10195
Cuban Merchant Ship	104-10527-10424
Cuban Military	104-10098-10404
Cuban Militia	104-10098-10404
Cuban Missile Crisis	104-10173-10135
Cuban Missile Crisis	198-10009-10099
Cuban Mission to the United Nations	104-10180-10042
Cuban Missions	119-10021-10413
Cuban National	104-10228-10419
Cuban National Revolutionary Council	104-10073-10061
Cuban Navy	104-10226-10045
Cuban Officials	104-10247-10097
Cuban Operation	104-10227-10121
Cuban Operations	104-10227-10153
Cuban Operations	104-10301-10010
Cuban Operations	124-90137-10468
Cuban Operations	157-10011-10083
Cuban Operations Group	178-10002-10215
Cuban Operations Group	178-10002-10279
Cuban Passport	104-10162-10108
Cuban Plot	157-10004-10095
Cuban Police Force	104-10186-10235
Cuban Political Activities	124-10284-10155
Cuban Politics	104-10170-10112
Cuban Ports	104-10512-10110
Cuban Power	104-10164-10050
Cuban Prison	104-10217-10185
Cuban Problem	124-10326-10191
Cuban Propaganda	198-10008-10119
Cuban Rebel Army	104-10185-10117
Cuban Revolution	104-10171-10020
Cuban Revolution	104-10269-10079
Cuban Revolution	124-10332-10018
Cuban Revolution	124-90135-10074
Cuban Revolutionaries	104-10219-10439
Cuban Revolutionary Council	104-10167-10366
Cuban Revolutionary Council	104-10227-10271
Cuban Revolutionary Council	104-10231-10418
Cuban Revolutionary Council	104-10232-10004
Cuban Revolutionary Council	104-10298-10095
Cuban Revolutionary activities	104-10213-10002
Cuban Security	104-10216-10238
Cuban Sponsored Subversion	198-10005-10018
Cuban Student Directorate	104-10181-10117
Cuban Subversion	104-10187-10149
Cuban Subversion	119-10021-10413
Cuban Subversion	198-10007-10021
Cuban Subversion	198-10008-10119
Cuban Subversion	198-10009-10098
Cuban Subversion	198-10009-10099
Cuban Target	104-10187-10109
Cuban Technicians	104-10100-10034
Cuban UN delegation	104-10308-10163
Cuban armed forces	104-10167-10127
Cuban celebrations	104-10052-10130
Cuban community	104-10183-10232
Cuban defector	104-10187-10113
Cuban delegate	104-10290-10273
Cuban economy	104-10232-10019
Cuban enclave	180-10143-10100
Cuban exile	104-10115-10074
Cuban exile	124-10213-10483
Cuban exile	124-10291-10319
Cuban exile organization	104-10178-10046
Cuban exile plans	176-10036-10052
Cuban exiles	104-10049-10362
Cuban exiles	104-10073-10061
Cuban exiles	104-10104-10094
Cuban exiles	104-10164-10050
Cuban exiles	104-10170-10059
Cuban exiles	104-10170-10125
Cuban exiles	104-10171-10106
Cuban exiles	104-10177-10217
Cuban exiles	104-10265-10118
Cuban exiles	104-10298-10095
Cuban exiles	104-10298-10184
Cuban exiles	104-10306-10016
Cuban exiles	176-10036-10051
Cuban financing	176-10036-10065
Cuban financing	177-10002-10016
Cuban forces	176-10036-10052
Cuban government	177-10001-10061
Cuban immigrants	104-10179-10143
Cuban media	104-10173-10166
Cuban media	104-10433-10212
Cuban merchant ship	104-10100-10251
Cuban militia	176-10036-10051
Cuban national	104-10073-10133
Cuban objectives	104-10236-10053
Cuban official	104-10171-10021
Cuban officials	104-10072-10228
Cuban political prisoners	104-10171-10021
Cuban political prisoners	124-10300-10024
Cuban prisoner release	104-10306-10020
Cuban prisoners	104-10111-10079
Cuban refugee	104-10221-10222
Cuban refugees	104-10069-10120
Cuban refugees	104-10232-10018
Cuban refugees	104-10306-10020
Cuban refugees	124-10300-10024
Cuban relations	104-10052-10130
Cuban shipping	104-10100-10192
Cuban ships	104-10308-10053
Cuban situation	104-10163-10019
Cuban student organization	104-10170-10091
Cuban subversion	104-10187-10142
Cuban subversion	177-10002-10012
Cuban subversion	198-10007-10022
Cuban technicians	104-10077-10153
Cuban technicians	104-10527-10212
Cuban training	176-10036-10058
Cuban transport system	104-10183-10139
Cuban youth	104-10192-10154
Cuban-American	104-10163-10136
Cuban-trained guerrillas	176-10036-10058
Cubana	104-10100-10424
Cubana Airlines	104-10180-10044
Cubana Airlines	124-90137-10467
Cubana Airlines	124-90137-10468
Cubana Airlines	124-90139-10050
Cubana Pilot	104-10183-10325
Cubana de Fianza	104-10180-10178
Cubans	104-10182-10137
Cubans	104-10183-10331
Cubans	104-10183-10437
Cubans	104-10236-10054
Cubela	124-10280-10030
Cuca	104-10171-10003
Cuchi	104-10171-10003
Cucho Fleites	104-10231-10418
Cultural Attache	104-10188-10454
Cultural Missions	198-10007-10013
Cultural Missions	198-10008-10119
Currency Exchange	104-10170-10112
Current Intelligence	104-10302-10030
Customs	104-10122-10147
Customs	104-10516-10195
Customs Office	124-10221-10231
Cutell Maga	104-10072-10212
Cutout	104-10065-10028
Cutout	104-10076-10374
Cutout	104-10183-10437
Cutout	104-10187-10146
Cutter Emile	104-10072-10212
Cypress	124-90130-10005
Cyprus	104-10302-10030
Cyrille Adoula	176-10036-10023
Czechoslovakia	104-10215-10035
Czechoslovakia	176-10037-10120
Czechoslovakia	177-10002-10098
Czechoslovakia	177-10002-10102
DAIBOLD	104-10077-10356
DALTON	104-10187-10110
DALTON	104-10187-10117
DALTON	104-10187-10146
DAMARCON	104-10219-10282
DAMASCUS	104-10219-10282
DANDORIC	104-10528-10149
DAVID ATLEE PHILLIPS	157-10002-10165
DAVID GREENDLINGER	124-90037-10081
DAVIS, Rudolph Richard	104-10115-10074
DCHAR	104-10167-10127
DCI	104-10306-10011
DCOS	104-10095-10161
DD/SET	104-10111-10086
DDC	104-10005-10321
DDO	104-10406-10136
DDO Policy	104-10213-10209
DDO panel	104-10105-10271
DDP	104-10075-10225
DDP	104-10076-10153
DDP	104-10131-10014
DDP/WH	104-10111-10094
DDP/WH	104-10129-10438
DDP/WH/CS/CS Dev Comp	104-10250-10035
DDS/IOS	104-10129-10034
DEFECTOR	104-10187-10142
DEFERRED	104-10180-10233
DELLUNDE	104-10234-10069
DELORRY	104-10234-10148
DELTASINS OFFICES	104-10100-10152
DEMIGOD	104-10185-10024
DESIGNET	104-10100-10086
DESMOND FITZGERALD	104-10101-10109
DESMOND FITZGERALD	104-10290-10038
DESTINATION	124-10221-10229
DEVISTA-1	104-10101-10054
DEVISTA-1	104-10529-10277
DFO	104-10117-10296
DFS	104-10187-10030
DGI	104-10180-10042
DGI	104-10183-10267
DGI	104-10183-10347
DGI	104-10185-10105
DGI	104-10185-10128
DGI	104-10186-10021
DGI	104-10186-10088
DGI	104-10186-10099
DGI	104-10186-10264
DGI	104-10186-10308
DGI	104-10186-10309
DGI	104-10187-10103
DI GERVENO	104-10072-10227
DIA	104-10076-10153
DIA	104-10170-10145
DIAGO	104-10075-10042
DIAT SILVEIRA	104-10228-10045
DIAZ	104-10234-10105
DIAZ Reyes, Mario Rolando	104-10122-10135
DIAZ SILVEIRA	104-10236-10054
DILAMPREY	104-10116-10261
DIMMER	124-10158-10061
DIOGENESIS	104-10113-10249
DIP 46562	104-10170-10096
DIP POUCH	104-10512-10101
DIPLOMAT IN MOSCOW	124-10279-10209
DIR 31166	104-10077-10067
DIR 6440	104-10170-10121
DIR 77179	104-10527-10421
DIR 86283	104-10290-10038
DIRECTOR CABLE	104-10078-10014
DIRECTORIO REVOLUCIONARIO ESTUDIANTIL	104-10226-10087
DISIP	104-10177-10217
DIVOUR/AMBARH	104-10170-10096
DO/CA	104-10009-10021
DOCUMENT SERVICE	104-10185-10024
DOD	198-10004-10076
DODD	104-10117-10296
DOLPHIN	124-10285-10254
DOMIGO	104-10183-10347
DOS	198-10004-10076
DRAGON agent	104-10183-10037
DRAGON agent	104-10215-10188
DRAKE Capiro	104-10180-10042
DRE	104-10170-10036
DRE	104-10171-10013
DRE	104-10171-10018
DRE	104-10171-10020
DRE	104-10171-10033
DRE	104-10171-10034
DRE	104-10171-10044
DRE	104-10181-10117
DRE	104-10226-10090
DRE internal organization	104-10171-10039
DRF	104-10171-10034
DRHORAS	104-10227-10046
DRIG D.FONIS	104-10100-10157
DRIL	124-90135-10074
DRS Internal Codes	104-10171-10020
DRUSS	104-10173-10097
DSE	104-10073-10101
DSE	104-10075-10365
DTDORIC	104-10092-10267
DTMIKADO	104-10177-10220
DTPILLAR	104-10107-10135
DTPILLAR	104-10107-10137
DYVOUR	104-10076-10116
DYVOUR	104-10183-10325
DYVOUR	104-10183-10331
Dade County Medical Society	104-10245-10000
Dallas	104-10097-10170
Dalton	104-10187-10103
Daltry Galarry	104-10072-10212
Daniel McLina	104-10180-10044
Daniel O'Neill	124-90092-10016
Daniel Schlumberger	104-10106-10716
Data Transmission	104-10107-10180
Database Records	104-10095-10075
Dave Phillips	104-10114-10161
Dave Watts	104-10217-10228
David	104-10075-10225
David Atlee PHILLIPS	104-10128-10300
David Atlee Phillips	180-10110-10100
David Baas	104-10100-10357
David Ferrie	178-10002-10091
David M. WILSTED	104-10413-10053
David P. Christ	104-10111-10086
David Rosenberg	104-10167-10297
David S.	104-10121-10304
David SALVADOR	104-10163-10065
David W. Carey	104-10332-10023
Daystrom, Inc.	104-10106-10716
DeGolyer & MacNaughton	104-10209-10025
Dead Drops	104-10077-10356
Deadlines	104-10337-10014
Death Threats	104-10174-10072
Debriefing	104-10100-10424
Debriefing	104-10121-10304
Debriefing	104-10174-10038
Debriefing Report	104-10187-10174
Debt Negotiations	104-10098-10401
Debts	104-10516-10348
Declaration of Compliance	104-10332-10023
Declassification	104-10012-10078
Declassification	104-10012-10079
Declassification	104-10326-10010
Declassification	104-10326-10045
Declassification	104-10332-10009
Declassification	104-10332-10020
Declassification	104-10332-10023
Declassification	104-10337-10001
Declassification	104-10337-10014
Deep Cover	104-10119-10339
Defection	104-10061-10053
Defection	104-10064-10012
Defection	104-10088-10070
Defection	104-10093-10010
Defection	104-10093-10109
Defection	104-10132-10092
Defection	104-10133-10437
Defection	104-10174-10037
Defection	104-10183-10276
Defection	104-10209-10259
Defection	104-10226-10045
Defection	104-10290-10219
Defection	104-10308-10168
Defection	104-10418-10378
Defection	124-10239-10171
Defection	124-90110-10071
Defection to Russia	180-10131-10324
Defections	104-10174-10038
Defector	104-10106-10300
Defector	104-10172-10201
Defector	104-10172-10279
Defector	104-10177-10219
Defector	104-10210-10020
Defector	104-10219-10154
Defector	104-10332-10009
Defector	104-10418-10202
Defector	104-10423-10337
Defector	104-10534-10173
Defector	124-90155-10008
Defectors	104-10179-10104
Defectors	104-10219-10283
Defectors	124-10325-10318
Defectors	180-10143-10227
Defense Language Institute	104-10160-10207
Delay	104-10174-10030
Delegates	104-10048-10252
Delegations	104-10230-10153
Deletions	104-10105-10293
Delhi Training and Orientation Centre	104-10071-10122
Delorry	104-10234-10007
Delorry	104-10247-10064
Delson, Levin & Gordon	104-10119-10040
Demobilization	104-10308-10163
Democratic Groups	104-10100-10396
Democratization	176-10037-10494
Demonstration	124-10273-10104
Departamento Tecnico de Investigaciones (DTI)	104-10186-10235
Department 13	104-10012-10022
Department 13	104-10431-10091
Department Store Union	104-10164-10032
Department V	104-10012-10024
Department of Justice	104-10178-10096
Department of State	104-10119-10339
Department of State	119-10021-10413
Department of the Army	104-10120-10319
Department of the Army	104-10121-10263
Department of the Army cover	104-10161-10144
Dependency Payments	104-10229-10002
Deployment Sketch	104-10166-10068
Deposits	104-10230-10153
Deputy Director for Plans	104-10301-10008
Derogatory Information	104-10164-10085
Desmond Fitzgerald	104-10103-10038
Desmond Fitzgerald	178-10002-10215
Detention	104-10073-10101
Detention	104-10095-10276
Developer $22669	104-10068-10164
Diaz Hanscom	104-10169-10269
Dick Sarma.es	104-10231-10418
Die Welt	104-10171-10138
Diem	176-10036-10095
Diem	176-10036-10173
Diem Government	176-10037-10491
Diem Regime	176-10036-10103
Diem Regime	176-10036-10104
Diem Regime	176-10036-10131
Diem government	176-10036-10113
Dieu Hue	176-10036-10135
Dillon Anderson	104-10106-10716
Diplomacy	104-10061-10053
Diplomacy	104-10173-10135
Diplomacy	177-10001-10060
Diplomatic Missions	198-10007-10013
Diplomatic Missions	198-10008-10119
Diplomatic Passport	104-10185-10110
Diplomatic Passport	104-10186-10269
Diplomatic Pouch	104-10093-10109
Diplomatic Pouch	104-10170-10036
Diplomatic Pouch	104-10220-10293
Diplomatic Relations	104-10227-10271
Diplomatic Relations	176-10036-10027
Diplomatic Surveillance	198-10007-10021
Diplomats	176-10037-10120
Director FBI	124-10115-10027
Directorate Revolutionario Estudiantil	104-10170-10036
Directorate of Intelligence Unit	104-10186-10004
Directorio Revolucionario	104-10170-10091
Directorio Revolucionario Estudiantil	104-10171-10018
Directorio Revolucionario Estudiantil	104-10171-10033
Directorio Revolucionario Estudiantil (DRE)	194-10012-10030
Dirk Struik	104-10106-10716
Disability Claim	104-10222-10043
Disaffection	104-10179-10134
Disarmament	104-10165-10077
Disarmament	104-10310-10020
Disbursement Voucher	104-10245-10000
Disinformation	104-10192-10266
Dissemination	124-10320-10087
Distribution	104-10129-10034
District 65	104-10164-10032
District Field Office	104-10110-10242
District Field Office	104-10110-10243
Division Traces	104-10241-10249
Dmitriy	104-10173-10104
Do Cao Tri	176-10036-10117
Doctor Jiveres	104-10075-10225
Doctor's Bag	104-10516-10195
Doctrine	176-10033-10145
Document Transfer	104-10164-10085
Documentation	104-10131-10028
Domestic Contact Service	104-10248-10203
Domestic Cover List	104-10120-10271
Domestic Field Investigation	104-10119-10225
Domestic Policy	177-10002-10092
Dominican	104-10236-10054
Dominican Air Force	104-10170-10059
Dominican Government	104-10049-10362
Dominican Navy	104-10170-10059
Dominican Republic	104-10167-10083
Dominican Republic	104-10167-10190
Dominican Republic	104-10170-10059
Dominican Republic	104-10186-10099
Dominican Republic	104-10186-10309
Dominican Republic	104-10192-10110
Dominican Republic	104-10216-10075
Dominican Republic	104-10265-10118
Dominican Republic	104-10265-10141
Dominican Republic	104-10302-10030
Dominican Republic	104-10338-10018
Dominican communist courier	104-10183-10331
Dominican postage stamps	104-10049-10375
Dominique Pire	104-10120-10502
Don Ranmann	124-90140-10012
Donald Emerson	104-10101-10135
Donald WEBSTER	104-10160-10207
Dorticos	104-10171-10220
Dorticos	104-10216-10398
Dossier Cancellation	104-10051-10170
Dossier Maintenance	104-10213-10352
Double Agent	124-10285-10254
Double Agents	104-10088-10070
Double Agents	104-10301-10010
Doubled Op	104-10216-10397
Douglas Root	104-10167-10127
Dr. Carlos (Rubi)	104-10076-10442
Dr. Fidencio (Sanchez) Escoto	104-10076-10442
Dr. Jose Julio Fernandez	104-10308-10044
Dr. Miro	104-10232-10018
Dr. Oscar (Pina) Hernandez	104-10076-10442
Dr. Osegueda	104-10175-10176
Dr. Rene (Zamora) Carbonell	104-10076-10442
Drew Pearson	104-10216-10075
Drinking Problem	104-10059-10099
Driver's License	104-10185-10253
Driver's License	104-10260-10400
Drop	104-10169-10271
Drug Enforcement	104-10174-10072
Drugs	104-10186-10235
Duclos	104-10074-10007
Dun & Bradstreet	104-10291-10009
Dunbarton College of Holy Cross	104-10071-10060
Dunlap	124-10325-10318
Duong Van Minh	176-10036-10117
Duong Van Minh	176-10036-10134
Duong Van Minh	176-10036-10142
Duong Van Minh	176-10037-10452
Duong Van Minh	176-10037-10453
Duplication	104-10337-10014
Duque	104-10169-10269
Dutch Internal Security Service	104-10164-10032
Dutch diplomatic pouch	104-10070-10079
Duvalier	104-10106-10325
Duvalier	104-10217-10000
E. Cabanes	104-10093-10266
E. Howard Hunt	104-10105-10271
E. Howard Hunt	104-10105-10277
E. Howard Hunt	104-10105-10290 (C06932214)
E. Howard Hunt	104-10105-10293
E. Howard Hunt	104-10173-10130
E. Howard Hunt	104-10173-10132
E. Howard Hunt	104-10194-10024
E. Howard Hunt	178-10002-10091
E. Howard Hunt	178-10002-10215
E.F. Hall	124-10326-10099
E2 IMPDET	104-10172-10255
EAC	104-10169-10017
EAPWORT Program	104-10124-10149
EASING OFFICER	104-10290-10038
ECA	104-10070-10296
EDDA (HERNANDEZ) GONZALEZ	104-10172-10137
EGD	124-10279-10018
EGD	124-10279-10020
EJOS	104-10170-10096
EL 6	104-10516-10338
ELENA GARRO DE PAZ	124-10279-10020
ELENA IVANOVNA Greendlinger	124-90037-10081
ELN	104-10226-10090
EMP	124-10212-10337
EMP	124-10284-10171
EMPLEADO	104-10185-10253
EMPLOYMENT SERVICE COMPANY	104-10120-10373
ENGINEELD	104-10180-10233
ENRIQUE (VICENTE SOCORRAS)	104-10076-10217
ENRIQUE COLLAZO	104-10219-10418
EOB	104-10183-10011
EPE	124-10284-10171
EPE	124-10284-10172
ESCAMBRAY	104-10169-10265
ESPINOSA Navarrete, Ramon	104-10122-10135
EUR Division	104-10009-10021
EUR Division	104-10012-10076
EXCOM	198-10004-10076
EXFILTRATIOS	104-10077-10356
EXILE ACTIVITIES	104-10175-10101
East Germany	197-10002-10190
East-West Relations	176-10037-10120
Echavarria	104-10170-10091
Economic	176-10036-10179
Economic Aid	104-10101-10239
Economic Aid	176-10036-10078
Economic Blockade	177-10001-10060
Economic Crisis	104-10172-10041
Economic Denial	104-10306-10018
Economic Development	104-10302-10020
Economic Emancipation	104-10070-10272
Economic Issues	104-10516-10270
Economic Matters	124-90139-10071
Economic Research	104-10070-10296
Economic Research	104-10121-10263
Economic Warfare	104-10102-10224
Economic Warfare	104-10103-10079
Economic Warfare	104-10307-10024
Ecuador	104-10048-10252
Ecuador	104-10216-10073
Ecuador	104-10338-10018
Ecuador	177-10002-10103
Ecuadorean Passport	104-10185-10209
Ecuadoreans	104-10052-10130
Edificio FOCSA	104-10180-10178
Edmund Cohen	104-10332-10023
Edmundo Fausto ZORRILLA Martinez	104-10173-10104
Edmundo Jardos Arzate	104-10180-10044
Edouard Poldini	104-10106-10716
Eduardo BOZA Masvidal	104-10160-10207
Eduardo BRINGAS	104-10171-10003
Eduardo Espinosa y Prieto	124-90137-10357
Eduardo Espinosa y Prieto	124-90137-10488
Eduardo NUNEZ Garcia	104-10227-10046
Education	104-10117-10076
Education	104-10129-10002
Edvard G. Tichborn	104-10174-10030
Edward Crowder Jr.	104-10164-10085
Edward F. PALLEY	104-10265-10141
Edward G. Tichborn	104-10174-10038
Edward G. Tichborn	104-10174-10041
Edward P. Morgan	104-10122-10307
Edward P. PAWLEY	104-10049-10375
Edward Scannell Butler	104-10069-10260
Egypt	104-10219-10282
Egypt	177-10002-10096
Egypt	177-10002-10098
Egypt	177-10002-10103
Ei Hurrow	104-10174-10037
Eileen Brant	104-10175-10176
Eisenhower	104-10171-10220
El Gallego	104-10185-10117
El Rubio	104-10180-10178
El Salvador	104-10072-10001
El Salvador	104-10073-10061
El Salvador	104-10180-10044
El Salvador	104-10187-10071
El Salvador	104-10187-10149
El Salvador	104-10192-10110
El Salvador	104-10248-10203
El Salvador	104-10338-10018
Elections	104-10529-10184
Electra Tollecios	104-10072-10212
Electrical Assembler	104-10414-10002
Electrician	104-10177-10224
Electro-Mechanical Research, Inc.	104-10106-10716
Elena B. Fleming	124-90140-10012
Elieodorina Garcia	104-10098-10328
Eloy GUTIERREZ Manoyo	104-10073-10113
Eloy GUTIERREZ Menoyo	124-90041-10023
Eloy Gutierrez Menoyo	104-10217-10185
Eloy Gutierrez Menoyo	124-10213-10483
Eloy Gutierrez Menoyo	124-90135-10074
Elpidio Baez Bigo	104-10216-10398
Emanuel Abraham USTROVSKY	104-10176-10015
Emanuel Carvajal	104-10308-10044
Embassies	104-10187-10030
Embassies	104-10290-10155
Embassy	104-10075-10250
Embassy	104-10172-10279
Embassy	104-10516-10195
Embassy Security	104-10326-10075
Embassy Threats	104-10012-10024
Embassy employee transactions	104-10052-10130
Embassy, Vienna	124-10237-10009
Emigration	104-10219-10154
Emigration Plan	104-10177-10219
Emilio Americo RODRIGUEZ	104-10180-10155
Emilio Aragones	104-10216-10398
Emilio Fernandez	104-10180-10178
Emilio MONTUONDO	104-10167-10083
Emilio Santana Galindo	104-10170-10146
Emma Harris	104-10076-10416
Employee	104-10250-10267
Employee Activity	104-10256-10187
Employment	104-10117-10075
Employment	104-10129-10002
Employment	104-10183-10384
Employment	104-10225-10035
Employment	104-10275-10176
Employment Details	104-10121-10239
Employment History	104-10117-10076
Encrypted Voice	104-10107-10180
Engineering Branch	104-10216-10159
Engineering Services	104-10107-10180
English Teacher	104-10006-10247
Enrico Mandel-Mantello	104-10291-10009
Enrique Camara	104-10308-10269
Enrique Garcia Armenteros	124-90138-10004
Enrique LLACA Orbiz	124-90041-10023
Enrique Oltuski Osacki	104-10216-10398
Enrique Ponce Luque	104-10216-10073
Enrique RODRIGUEZ Loeches	104-10163-10019
Enrique Rodriguez Loeches	104-10216-10398
Enrique Santana	104-10308-10269
Enrique Vicente Socorras	104-10076-10400
Entry on Duty	104-10121-10239
Envelopes	104-10076-10116
Environmental Task Force	104-10326-10092
Epidemic	104-10215-10200
Equipment	104-10183-10233
Eric D. Johnston	124-90140-10012
Eric Galt	104-10322-10056
Eric Starvo Galt	104-10071-10139
Eric Starvo Galt	104-10072-10034
Eric Starvo Galt	104-10178-10136
Erik Kassinov	104-10414-10002
Erik Schott	124-90137-10357
Ernest "Che" Guevara	104-10093-10266
Ernestina Acosta	104-10234-10096
Ernesto "Che" Guevara	104-10290-10309
Ernesto Abreu Gomez	104-10100-10394
Ernesto Abreu Gomez	104-10529-10182
Ernesto Castro Moro	104-10183-10325
Ernesto D'Espaigne	104-10231-10418
Ernesto Despain	104-10308-10044
Ernesto Guevara	104-10180-10062
Ernesto Jesus GARCIA Guzman	104-10185-10209
Ernesto Mitrani Levy	124-10239-10171
Eryva	104-10100-10411
Esbirros	124-10332-10018
Escambray	104-10169-10271
Escambray	104-10232-10019
Escambray guerrillas	104-10070-10079
Escambrey	104-10232-10018
Escuela Normal Rural de Santa Therobe Coahuila	104-10052-10130
Espionage	104-10073-10113
Espionage	104-10100-10034
Espionage	104-10103-10112
Espionage	104-10162-10120
Espionage	104-10167-10083
Espionage	104-10172-10112
Espionage	104-10173-10135
Espionage	104-10176-10015
Espionage	104-10180-10042
Espionage	104-10219-10282
Espionage	104-10219-10283
Espionage	104-10326-10101
Espionage	124-10273-10070
Espionage	124-10325-10318
Espionage	124-90155-10008
Esposito Lazouzo	104-10072-10212
Esso	104-10215-10128
Esteban Suarez Rojas	104-10075-10225
Esther GAVILAN Rosales	104-10180-10044
Esubio AZCUE	104-10163-10019
Etege.man legen	104-10183-10232
Ethiopia	177-10002-10097
Eubject	104-10180-10235
Eugene Norwinski	104-10231-10418
Eugenio	104-10180-10178
Eugenio MARTINEZ	104-10308-10044
Eugenio Martinez	157-10011-10083
Eugenio Martinez	178-10002-10279
Europe	104-10179-10136
Europe	124-90037-10081
European Christian Democratic Union	104-10192-10110
Eustace H. DANBRUNT	104-10110-10433
Evacuation	104-10169-10139
Evaluation	104-10215-10146
Evelio Duque	104-10169-10017
Evelio Duque	104-10169-10271
Evelyn Hersey	104-10071-10122
Everetning	104-10529-10329
Everett Straitor	104-10106-10716
Evidence	104-10290-10168
Exchange Program	104-10130-10339
Executive Action	104-10012-10022
Executive Action	104-10431-10091
Executive Action	157-10002-10105
Exfiltration	104-10075-10250
Exfiltration	104-10075-10365
Exfiltration	104-10182-10137
Exfiltration	104-10216-10148
Exfiltration	104-10306-10010
Exfiltration	104-10308-10062
Exfiltration	104-10308-10127
Exile	104-10068-10172
Exile	104-10219-10439
Exile	104-10226-10011
Exile	104-10248-10203
Exile	124-10291-10236
Exile Forces	124-10225-10195
Exile Front Groups	104-10167-10190
Exile Groups	104-10103-10079
Exile Groups	104-10172-10147
Exile Groups	104-10227-10150
Exile Groups	104-10236-10056
Exile Groups	176-10011-10152
Exile Raids	202-10002-10124
Exiles	104-10179-10122
Exiles	104-10307-10024
Exiles	104-10308-10029
Exiles	178-10003-10001
Exit Permit	104-10162-10107
Exit Permit	104-10162-10108
Exma Harris Johnson	104-10076-10416
Expense Records	104-10103-10038
Expenses	104-10230-10153
Exploitation	104-10101-10239
Explosives	104-10180-10044
Explosives	104-10192-10284
Explosives	124-10291-10236
Explosives	198-10005-10018
Export Regulations	124-90139-10070
Export-Import firm LABE (or LABEX)	104-10185-10024
Exposure	104-10117-10203
Expropriations	104-10516-10348
Expulsion	104-10218-10097
External Operations Branch	104-10301-10008
F.B.I.	104-10177-10217
F2D group	104-10170-10091
FACTS FORUM NEWS	104-10117-10203
FAIR PLAY FOR CUBA COMMITTEE	104-10114-10161
FAJARDO Rojas, Juan	104-10122-10135
FAL	104-10169-10017
FAL	104-10226-10090
FAL Rifle	104-10216-10234
FALN	177-10002-10012
FALSE FLAG	157-10002-10165
FBI	104-10012-10035
FBI	104-10106-10325
FBI	104-10106-10716
FBI	104-10107-10089
FBI	104-10107-10135
FBI	104-10107-10137
FBI	104-10110-10568
FBI	104-10111-10094
FBI	104-10114-10162
FBI	104-10123-10421
FBI	104-10128-10300
FBI	104-10130-10472
FBI	104-10172-10107
FBI	104-10172-10111
FBI	104-10172-10112
FBI	104-10177-10206
FBI	104-10178-10096
FBI	104-10178-10124
FBI	104-10209-10018
FBI	104-10219-10283
FBI	104-10226-10001
FBI	104-10250-10200
FBI	104-10250-10267
FBI	104-10308-10163
FBI	104-10322-10056
FBI	104-10326-10075
FBI	104-10326-10077
FBI	104-10406-10136
FBI	104-10423-10337
FBI	104-10431-10102
FBI	104-10433-10050
FBI	124-10062-10456
FBI	124-10115-10027
FBI	124-10273-10070
FBI	124-10273-10104
FBI	124-10285-10254
FBI	124-10325-10318
FBI	124-10326-10100
FBI	124-90060-10015
FBI	124-90110-10072
FBI	124-90135-10074
FBI	124-90137-10488
FBI Check	104-10119-10225
FBI Informant	104-10120-10301
FBI Investigation	104-10166-10158
FBI coordination	104-10172-10105
FBI investigation	104-10164-10050
FBIS	104-10100-10251
FBIS	104-10527-10424
FE Division	104-10009-10021
FE Division	104-10012-10076
FEBLES	104-10169-10269
FEDGUR	104-10076-10277
FEGDE	104-10183-10022
FELIX GUILLERMO OTHON PACHO	104-10170-10096
FELIXSTOWE	104-10209-10025
FELJO Fabregat, Jose Vicent	104-10122-10135
FEP	104-10183-10044
FEQ Part I	104-10098-10264
FERNANDEZ Padilla	104-10180-10042
FERNANDEZ Quirch, Sergio Raul	104-10122-10135
FERNANDO GARCIA-CHALON CHACON	104-10170-10096
FERNANDO PALENZUKIA VAQUET	104-10101-10109
FERNANDO PALKUZUKIA	104-10290-10038
FERUMEIN	104-10528-10052
FEU	104-10179-10088
FEU	104-10180-10062
FEU elections	104-10247-10097
FEXI	104-10076-10116
FI-CI Activity	104-10227-10153
FIAT	104-10100-10087
FIAT	104-10528-10053
FIDEL	124-10221-10229
FIGUEIRAS Leon, Delio	104-10122-10135
FIOPP	104-10068-10172
FIRE FLY	178-10003-10001
FIS	104-10192-10110
FISHFACE	124-10285-10254
FIUR	124-10213-10483
FIVA	104-10326-10101
FJDUST	104-10121-10174
FLA	104-10076-10116
FLAYA GIPO	104-10298-10184
FLIGHT PLAN	124-10221-10229
FLN	104-10183-10276
FLORIDA	104-10101-10124
FLORIDA	104-10290-10055
FM Asset	104-10077-10136
FND	104-10226-10090
FND	104-10308-10023
FNU Sosa	104-10187-10208
FOIA	104-10332-10009
FOIA Request	104-10433-10209
FOIA Review	104-10007-10345
FOIA Review	104-10009-10222
FONTEFORTE TOLEDO	104-10175-10101
FOREIGN LEADERS	157-10004-10280
FOREIGN audiences	104-10226-10067
FORTI CRYSTAL-1	104-10097-10170
FOSTER	124-10058-10420
FPCC	104-10114-10163
FPCC	104-10308-10163
FPCC	124-10180-10295
FR/Washington Office	104-10103-10038
FRADIOMERE OLE	104-10100-10152
FRANC PECAR	124-90110-10070
FRANCISCO	104-10076-10400
FRANCISCO MAREAMEZ	104-10101-10198
FRANCISCO MARQUEZ	104-10290-10046
FRANKFURT	104-10234-10124
FRANQUI	104-10179-10136
FRD	104-10179-10025
FRD	104-10180-10178
FRD	104-10236-10075
FREDERICK L. INGHURST	104-10229-10002
FRENCH	124-90060-10015
FRENTE ANTICOMUNISTA	104-10228-10419
FRIGER	104-10187-10111
FRIPPEL	104-10210-10020
FROB	104-10234-10124
FRONDIZI	104-10232-10019
FRONL/1	104-10121-10174
FSA	104-10187-10071
FSB	104-10326-10010
FUAC	104-10171-10044
FUR	176-10036-10051
FURRINY/4	104-10164-10088
FUSA	104-10092-10267
FUSA	104-10093-10279
FW Trainees	104-10241-10249
Fabio	104-10180-10178
Factions	176-10036-10078
Fair Play for Cuba Committee	104-10114-10160
Fair Play for Cuba Committee	104-10114-10162
Fair Play for Cuba Committee	104-10114-10163
Fair Play for Cuba Committee	104-10217-10196
Fair Play for Cuba Committee	177-10001-10064
Fair Play for Cuba Committee	180-10110-10100
False Flag Recruitment	104-10218-10083
False Visas	104-10171-10044
False identity	104-10180-10138
Family	104-10117-10075
Family	104-10177-10224
Family Rescue	104-10308-10062
Far East Regional Security Staff	104-10123-10219
Faure CHOMON Mediavilla	104-10163-10019
Faure Chomon	104-10216-10398
Faurelio A. Martinez	104-10171-10097
Faustino Perez	104-10308-10269
February 1964	104-10077-10382
Federal Aviation Agency	104-10106-10547
Federal Communications practice	104-10122-10307
Federico PALMIERI Guillermo	104-10248-10203
Ferdinand Robertovich CINNO	104-10173-10104
Ferenc Nagy	104-10291-10009
Fernandez Betancourt	104-10179-10027
Fernandez Coto	104-10072-10212
Fernandez Miranda	124-10279-10258
Fernandez Urierte	104-10072-10212
Fernando MONTERREY	104-10183-10347
Fertilizer	104-10098-10401
Fertilizer	104-10516-10270
Fertilizer	104-10516-10348
Festivals	104-10072-10013
Fidel Castro	104-10167-10127
Fidel Castro	104-10171-10220
Fidel Castro	104-10172-10041
Fidel Castro	104-10174-10038
Fidel Castro	104-10175-10176
Fidel Castro	104-10179-10088
Fidel Castro	104-10234-10141
Fidel Castro	104-10247-10064
Fidel Castro	104-10298-10095
Fidel Castro	104-10308-10044
Fidel Castro	104-10308-10165
Fidel Castro	104-10308-10168
Fidel Castro	124-10163-10134
Fidel Castro	157-10005-10141
Fidel Castro	157-10011-10083
Fidel Castro	176-10036-10027
Fidel Castro	176-10037-10440
Fidel Castro	177-10001-10060
Fidel Castro	178-10002-10215
Fidel Castro	178-10002-10279
Fidel Castro	194-10012-10030
Field Investigation	104-10114-10042
Field Investigation	104-10117-10296
Field Offices	104-10186-10008
Field Service Engineer	104-10107-10180
Field Traces	104-10172-10105
Fifth Column	104-10180-10178
File Access	104-10310-10118
File Maintenance	104-10051-10170
File Opening	104-10051-10170
File Restriction	104-10213-10352
Files	104-10301-10010
Files	180-10131-10324
Filli plan	104-10178-10049
Film Purchase	104-10215-10035
Finance	104-10174-10033
Finance	104-10230-10153
Finance Department	104-10236-10075
Finance Division	104-10180-10155
Finances	104-10070-10079
Financial	104-10291-10003
Financial Activities	104-10170-10112
Financial Arrangements	104-10165-10169
Financial Authorizations	104-10175-10085
Financial Involvement	104-10107-10085
Financial Management	104-10229-10002
Financial Request	104-10075-10250
Financial Status	104-10129-10002
Financial Support	104-10170-10121
Financial Transactions	104-10231-10042
Financing	104-10101-10227
Financing	124-90137-10355
Financing	176-10036-10023
Fingerprints	104-10322-10056
Fingerprints	124-10281-10028
Finland	104-10004-10143 (C06932208)
Finland	104-10004-10143
Finland	104-10004-10156
Finland	104-10172-10279
Finland	104-10290-10190
First Officer	104-10059-10099
Fiscal Reform	177-10002-10092
Fiscal Year 1962	104-10187-10003
Fiscal Year 1963	104-10187-10003
Fishermen	104-10172-10147
Fishermen	198-10005-10018
Fishing Strike	104-10177-10219
Fitness Report	104-10304-10000
Fitzgerald, Desmond	178-10002-10279
Fizzolo	104-10216-10398
Flame Throwers	104-10075-10099
Flavio	104-10169-10017
Floating Museum	104-10069-10077
Floreal CHOMON Mediavilla	104-10163-10019
Florence	104-10185-10030
Florence Horn	157-10011-10048
Florida	104-10104-10271
Florida	104-10120-10273
Florida	104-10179-10195
Florida	104-10221-10222
Florida	104-10510-10141
Florida	124-90130-10005
Florida Keys	124-10332-10047
Floryan Karty	104-10222-10043
Fluoroscopic Scanning	104-10123-10407
Folch	104-10170-10059
Food Products	198-10005-10018
Food Shortages	104-10516-10270
Ford Foundation	104-10071-10122
Ford Galaxie 500	104-10180-10044
Fordson	104-10111-10079
Foreign Agents Registration Act	104-10216-10075
Foreign Aid Policy	176-10036-10094
Foreign Head of State	157-10004-10270
Foreign Intelligence	104-10131-10010
Foreign Intelligence	104-10177-10206
Foreign Intelligence	124-10326-10098
Foreign Intelligence Staff Division D	157-10002-10105
Foreign Leaders	178-10002-10091
Foreign Ministry	104-10072-10227
Foreign Policy	157-10002-10056
Foreign Policy	176-10030-10422
Foreign Policy	176-10033-10145
Foreign Policy	176-10036-10116
Foreign Policy	177-10002-10092
Foreign Relations	104-10332-10020
Foreign Service	104-10186-10308
Foreign Service	104-10302-10020
Foreign Service	157-10005-10141
Foreign Travel	104-10117-10076
Foreign Travel	104-10121-10091
Foreign Travel	104-10130-10344
Foreign intelligence	104-10069-10260
Form 1322	104-10110-10340
Form 1322	104-10120-10290
Form 1323	104-10110-10340
Form 1323	104-10120-10290
Form 642	104-10120-10290
Form 642	104-10161-10115
Forms	104-10110-10328
Forms	104-10112-10204
Foster	124-10181-10009
Foster Wood	104-10114-10160
Fran MARSHALL	124-90041-10023
Franc Pecar	124-90110-10071
Franc Pecar	124-90110-10072
France	104-10061-10053
France	104-10185-10030
France	104-10209-10018
France	104-10290-10190
France	104-10290-10210
France	104-10516-10348
Francis Gary Powers	176-10011-10152
Francisco	104-10179-10025
Francisco COSENZA Galvez	104-10072-10001
Francisco DURAN Candela	104-10183-10347
Francisco FERNANDEZ Cabrera	104-10229-10002
Francisco GONZALEZ	124-90041-10023
Francisco Rodriguez Tamayo	124-90130-10005
Franco	177-10001-10445
Francois Saar-Demichel	104-10106-10716
Frank 'Lefty' Rosenthal	104-10178-10096
Frank A. Johnson	104-10077-10067
Frank Arias	104-10308-10044
Frank Austin	124-90124-10055
Frank Braden	104-10122-10147
Frank Class	104-10173-10134
Frank Fiorini	104-10221-10032
Frank Holcomb	104-10105-10277
Frank Holmes	104-10122-10307
Frank Jackson	104-10170-10112
Frank Sturgis	157-10011-10083
Frank Sturgis	178-10002-10091
Frank Sturgis	178-10002-10215
Frank Sturgis	178-10002-10279
Frankfurt	104-10113-10030
Frankfurt	104-10169-10139
Frankfurt	104-10183-10333
Franqui	104-10179-10134
Fraudulent International Travel Documentation	104-10187-10174
Fred C. Thomas, Jr.	104-10110-10245
Fred Morse	104-10174-10043
Fred SNSCI	104-10171-10138
Frederick Vanderbilt Field	104-10169-10282
Frederick W. Flott	176-10036-10138
Free Trade Union Committee	124-10326-10098
Freedom Fund	104-10170-10121
Freedom of Information Act	104-10337-10001
Freedom of Information Act	104-10433-10209
French	124-10325-10318
French Communist Party	104-10074-10007
French advisors	104-10179-10088
Frente Anti-Communista Cristiano	104-10231-10418
Frente Anti-Comunista de Liberacion (FAL)	176-10036-10052
Frente Interno de Unidad Revolucionaria	124-10213-10483
Frente Revolucionario Democratico	104-10308-10044
Frente Revolucionario Democratico	124-90110-10083
Frente Revolucionario Democratico (FRD)	124-10332-10018
Friberg	104-10004-10156
Friendship	104-10216-10238
Frits SNSCI	104-10171-10138
Front Organizations	104-10338-10018
Fugitive	104-10178-10136
Fulbright	104-10014-10064
Fulbright	104-10406-10136
Fund Transfer Control	198-10007-10021
Fund Transfers	198-10007-10013
Funding	104-10100-10396
Funding	104-10117-10203
Funding	104-10170-10051
Funding	104-10187-10014
Funding	104-10234-10101
Funding	104-10529-10184
Funding Mechanism	104-10104-10172
Funding Mechanisms	104-10116-10261
Funding of Subversion	198-10009-10099
G-2	104-10070-10079
G-2	104-10169-10017
G-2	104-10171-10047
G-2	104-10179-10121
G-2	104-10193-10016
G-2	104-10308-10189
G-2	124-90037-10081
G-2	124-90139-10002
G-2 Penetration	104-10171-10003
G-2 agents	104-10171-10020
G. Robert Blakey	104-10066-10010
G.L.	104-10101-10109
G2	104-10169-10265
GABINO FERNANDEZ	104-10180-10042
GALT	104-10178-10130
GAMBLING	124-10212-10160
GAN Trainees	104-10186-10410
GARCERAN	104-10232-10018
GARCIA	104-10075-10042
GARCIA	104-10077-10112
GARCIA ROSELL	104-10076-10153
GARRISON	104-10115-10074
GEDER DSE	104-10077-10356
GELABERT Martinez	104-10180-10042
GENAO	104-10183-10331
GERENDE	104-10101-10198
GERMANY	104-10234-10124
GERRITY	104-10229-10002
GHA JEAN III	104-10172-10059
GIBSON	124-10180-10295
GILBERTO LIWAY RODRIGUES	104-10077-10369
GIQUEL	104-10169-10265
GNVA	104-10183-10240
GNYA	104-10183-10240
GOBERNACION	104-10179-10143
GOC	104-10169-10271
GOICOCHEA	104-10075-10042
GOLD	104-10172-10279
GONZALEZ Ort	104-10234-10105
GONZALEZ, CARLOS HILARIO	124-10284-10172
GPIDEAL	104-10170-10051
GRACE HOLMES	104-10101-10124
GRACE HOLMES	104-10290-10055
GRAFEND	104-10068-10164
GRASSBAY	104-10516-10338
GREEN LIST	104-10172-10105
GRIBANOV	104-10210-10020
GRICA	104-10100-10319
GROWERY	104-10183-10037
GRU	104-10412-10005
GRU	104-10413-10306
GRU	124-10325-10318
GRU Agent SHUBIN	104-10210-10020
GRUPO FRANCES	104-10183-10331
GS Ratings	104-10121-10239
GS-13	104-10119-10339
GTDANCER	104-10326-10078
GUATEMALA	104-10101-10124
GUATEMALA	104-10180-10042
GUK	104-10210-10020
GVN Forces	176-10036-10073
GVN agents	176-10036-10138
GVN-DRV rapprochement	176-10036-10137
GYLOSE	104-10298-10184
GYROSE	104-10069-10185
GYROSE	104-10170-10037
GYROSE	104-10171-10003
GYROSE	104-10228-10045
GYROSE	104-10512-10101
GYROSE	104-10519-10182
GYROSE/PW	104-10171-10033
Galecano	104-10227-10046
Ganda	104-10527-10424
Garcia	124-90138-10007
Garrison Investigation	104-10170-10146
Garrison investigation	104-10170-10145
Gary Leos	104-10072-10212
Gatillo	104-10179-10209
Gavin Young	124-90137-10284
Geddes	104-10169-10269
Gene Gregory	176-10036-10104
General Anastasio Somoza	124-90124-10055
General Cargo	104-10512-10110
General Hardin	104-10107-10087
General Harkins	176-10036-10095
General Jani	104-10216-10046
General Lansdale	202-10001-10203
General Nghiem	176-10037-10493
General Staff	104-10185-10117
Geneva	104-10107-10135
Geneva	104-10183-10239
Geneva	104-10517-10120
Geneva Accords	176-10036-10115
Geneva Accords	176-10036-10117
Geneva Conference	176-10036-10073
Genoa	104-10100-10251
George BLAKE	104-10210-10020
George Carey	104-10107-10087
George De Mohrenschildt	104-10166-10262
George Hopping	104-10172-10177
George J. Tenet	104-10332-10023
George Joannides	104-10304-10000
George PERIS	104-10176-10020
George PERISTEROPOULOS	104-10176-10015
George Steers	104-10516-10338
George Wackenhut	104-10130-10472
George de Mohrenschildt	104-10164-10088
George de Mohrenschildt	104-10217-10000
Georges Papanton MITCHELL	104-10219-10282
Georgiy Stepanovich VISKO	104-10173-10104
German Arcienegas	104-10179-10182
German Camado-Blanco	104-10234-10007
German Lence	104-10074-10413
German Security	104-10172-10243
German Services	104-10172-10243
German authorities	124-90137-10488
Germany	104-10169-10139
Germany	104-10172-10248
Germany	124-90037-10081
Germany	124-90137-10355
Gestapo	104-10005-10321
Ghana	104-10101-10239
Giancana, Sam	157-10002-10106
Gianfranco Corsini	104-10003-10041
Gibson	104-10217-10228
Gilbert Pontecorvo	104-10106-10716
Giulio Mondello	104-10100-10087
Giulio Mondello	104-10528-10053
Gladys G. DANBRUNT	104-10110-10433
Glenn Fields	104-10122-10307
Glenn J. Fransworth	104-10231-10418
Gloria Cabrera	104-10216-10398
Gobernacion	104-10097-10170
Gold Smuggling	104-10172-10001
Goleniewski	124-10325-10318
Golf	104-10123-10421
Golitzyn	124-10325-10318
Gonzalez Kirmance Asuit	104-10072-10212
Goodwin	104-10232-10018
Gordon Barton	104-10177-10220
Gordon C. Jung	104-10231-10418
Gordon Campbell	104-10231-10418
Gordon Novel	104-10106-10716
Gore/Chernomyrdin Meetings	104-10326-10092
Gottlieb	157-10014-10109
Goulart	177-10001-10064
Government	104-10216-10073
Government	104-10235-10018
Government Change	176-10036-10117
Government Subsidies	104-10172-10041
Government in Cuba	104-10236-10056
Government of Vietnam	176-10036-10085
Government-in-exile	104-10232-10004
Governmental Structure	104-10186-10308
Grain Production	177-10002-10098
Grand Jury	104-10104-10094
Granma	104-10433-10212
Granma Landing	104-10308-10269
Grayston Lynch	104-10174-10072
Greece	104-10074-10007
Greece	104-10164-10088
Greece	177-10002-10101
Greek Maritime Organization	124-90137-10067
Greek Maritime Organization	124-90137-10230
Green List	104-10162-10120
Green List	104-10162-10121
Green List	104-10241-10249
Green List Number	104-10072-10212
Gregory, Peter Paul	104-10117-10296
Gregson Bautzer	157-10004-10270
Gri-State Engineering Service	104-10178-10046
Guanabara	104-10100-10396
Guanabo	104-10308-10062
Guantanamo	104-10179-10182
Guantanamo	104-10275-10176
Guantanamo	178-10004-10054
Guantanamo	202-10002-10124
Guantanamo Naval Base	104-10171-10047
Guantanamo Naval Base	124-10279-10258
Guaranty Trust Company	104-10170-10112
Guard	104-10177-10224
Guatemala	104-10048-10252
Guatemala	104-10061-10053
Guatemala	104-10111-10094
Guatemala	104-10183-10260
Guatemala	104-10187-10103
Guatemala	104-10187-10149
Guatemala	104-10192-10110
Guatemala	104-10218-10083
Guatemala	104-10218-10097
Guatemala	104-10227-10046
Guatemala	104-10227-10271
Guatemala	104-10248-10203
Guatemala	104-10338-10018
Guatemala	124-90124-10055
Guatemala City	124-90124-10055
Guatemalan Embassy	104-10105-10293
Guatemalan Exile Activities	104-10072-10001
Guerilla Warfare	104-10165-10004
Guerrilla	104-10171-10034
Guerrilla	104-10308-10086
Guerrilla Control	198-10007-10021
Guerrilla Movement	119-10021-10413
Guerrilla Teams	104-10172-10147
Guerrilla Warfare	104-10180-10062
Guerrilla Warfare	104-10183-10276
Guerrilla Warfare	104-10187-10071
Guerrilla Warfare	104-10187-10109
Guerrilla Warfare	104-10338-10018
Guerrilla Warfare	177-10001-10305
Guerrilla Warfare	198-10009-10099
Guerrilla activities	104-10170-10125
Guerrilla training	177-10002-10012
Guerrilla training	198-10007-10022
Guerrilla warfare training	104-10183-10259
Guerrillas	198-10007-10013
Guerrillas	198-10008-10119
Guerrilleros	104-10183-10261
Guevara	104-10093-10109
Guevara	104-10179-10088
Guevara	124-10279-10258
Guillermo ARASTAGUIA	104-10185-10128
Guillermo Rojas	104-10308-10044
Gusanos	104-10179-10134
Gustavo Abasolo	104-10290-10309
Gustavo Arcos y Banatics	104-10247-10064
Gustavo Gonzalez	104-10216-10398
H.A.F. Hohler	176-10037-10453
H.I.6	104-10074-10007
HABANA	104-10169-10265
HAFELE ODXOKE	104-10290-10199
HAGU	104-10170-10036
HAGU	104-10170-10037
HALPERIN	104-10172-10111
HALPERIN	104-10172-10112
HANDWRITTEN	104-10079-10391
HANUEL SALVAT-COQUE	104-10170-10096
HARRY V. WITHERBY	104-10512-10101
HARTA	104-10516-10103
HAVA	104-10219-10418
HAVA-6437	104-10171-10003
HAVANA	104-10093-10065
HAVANA	104-10100-10199
HAVANA	104-10308-10053
HAVANA	104-10512-10101
HAVANA	104-10516-10103
HAVASTA	104-10179-10022
HB 20-661-1	104-10161-10001
HB 20-800-2	104-10161-10001
HBEPITOME	104-10092-10267
HBFINCH	104-10178-10071
HBR 2529	176-10037-10440
HDC	104-10220-10293
HDOS	104-10100-10319
HEFAIRY	104-10183-10233
HEINRICH	124-10158-10061
HELSINKI TRIP	104-10004-10143 (C06932208)
HEMBASSY	104-10097-10360
HENRYK IGNACY JANIKOWSKI	124-90137-10357
HERPITONE	104-10101-10135
HERRERA Aro	104-10234-10105
HGS	124-10114-10010
HIDALK/2	104-10077-10382
HKI Embassy	104-10180-10178
HMM 12212	104-10101-10247
HMNW 9598	104-10219-10418
HMYA	104-10062-10227
HONONONO	104-10516-10239
HONT	104-10170-10096
HORTA Larrinaga	104-10180-10042
HOS	104-10098-10380
HOS	104-10229-10002
HOWARD ANDERSON	104-10101-10109
HOWARD ANDERSON	104-10290-10038
HQS Traces	104-10216-10202
HRE MISS	104-10077-10076
HSCA	104-10012-10035
HSCA	104-10304-10000
HSCA	104-10337-10014
HSCA	104-10413-10306
HSCA	180-10110-10100
HSCA ADMINISTRATIVE FOLDER	124-10369-10022
HTBASTE	104-10093-10010
HUAC	104-10132-10092
HUMARK COMPACT	104-10100-10199
HUMINT	104-10301-10008
HUNTING TOWERS	104-10185-10252
HUYNH VAN LANG	176-10036-10142
HYDROL	104-10175-10085
Habana	104-10075-10099
Habana	104-10076-10442
Habana	104-10171-10018
Habana	104-10180-10200
Habana	104-10186-10235
Habana	104-10215-10003
Habana	104-10512-10110
Habana Station	104-10180-10155
Hada Rosete	104-10236-10075
Haiti	104-10061-10053
Haiti	104-10106-10325
Haiti	104-10164-10088
Haiti	104-10166-10262
Haiti	104-10167-10190
Haiti	104-10186-10088
Haiti	104-10186-10308
Haiti	104-10217-10000
Haiti	104-10338-10018
Haitian	104-10236-10054
Haitian Tourist Bureau	104-10166-10262
Haitian invasion	104-10104-10094
Halifax	104-10186-10235
Handling	104-10129-10034
Hank Manfredi	104-10185-10009
Harassment	104-10306-10010
Hardway	180-10143-10100
Hargrave Secret Service	104-10110-10568
Harkins	176-10036-10173
Harold F. Swenson	104-10131-10014
Harold F. Swenson	104-10131-10016
Harold Francis SAFLEY	104-10131-10016
Harold Isaacs	104-10173-10134
Harry Rositzke	124-90092-10016
Hart Report	104-10332-10009
Harvey Lowmyer	104-10071-10139
Harvey Lowmyer	104-10072-10034
Harvey Lowmyer	104-10178-10136
Haspell	104-10072-10212
Havana	104-10066-10076
Havana	104-10069-10112
Havana	104-10076-10229
Havana	104-10077-10153
Havana	104-10095-10276
Havana	104-10097-10077
Havana	104-10100-10223
Havana	104-10100-10239
Havana	104-10103-10112
Havana	104-10170-10121
Havana	104-10171-10033
Havana	104-10171-10034
Havana	104-10173-10097
Havana	104-10180-10215
Havana	104-10183-10436
Havana	104-10216-10148
Havana	104-10216-10338
Havana	104-10226-10011
Havana	104-10234-10096
Havana	104-10247-10037
Havana	104-10529-10329
Havana	124-90138-10073
Havana	124-90140-10005
Havana Fire Department	104-10160-10207
Havana Power Plant	104-10275-10176
Havana, Cuba	104-10115-10074
Headquarters	104-10169-10139
Hector Jordi Chambonyer	104-10183-10259
Hector Rafael Lapa Vazquez	104-10092-10340
Heiberg	104-10014-10064
Heinz Theodor WEINER	104-10073-10113
Helene I. DAHLERUP	104-10049-10375
Helium	178-10003-10001
Helms	157-10014-10109
Helsinki	104-10004-10143
Helsinki	104-10004-10156
Helsinki	104-10169-10139
Helsinki	104-10172-10201
Hemisphere Relations	177-10002-10070
Henri Georges Doll	104-10106-10716
Henry Cabot Lodge	176-10036-10138
Henry Cabot Lodge Jr.	176-10036-10116
Henry Lopez	104-10174-10030
Henry P. Lopes	104-10174-10058
Henry P. Lopez	104-10119-10220
Henry P. Lopez	104-10174-10037
Henry Pleasants	104-10105-10277
Herbert Itkin	104-10106-10325
Herbert Itkin	104-10107-10087
Herbert Itkin	104-10107-10089
Herbert Itkin	104-10107-10135
Herbert Itkin	104-10107-10137
Herbert Itkin	104-10119-10040
Herbert Levy	124-90139-10070
Herbert Levy	124-90139-10071
Herbert Matthews	104-10174-10037
Herbert Yamada	104-10290-10210
Heriberto SARDINAS Campo	104-10172-10147
Herman Horton	104-10122-10307
Hero Station	104-10179-10022
Heroic Action	104-10124-10037
Herrrutibeascon	104-10171-10021
Hess	104-10005-10321
Hessian Cloth	124-90139-10070
Hessian Cloth	124-90139-10071
Hialeah	104-10510-10141
High Explosives	104-10179-10182
High Explosives	104-10275-10176
High Frequency Data Modems	104-10107-10180
High General Staff	124-10115-10027
High Speed Boat	104-10172-10177
Higinio Diaz	104-10231-10418
Hilton Lynn	104-10529-10182
Hipolito LAZARO	104-10171-10003
Hiring Channel	104-10527-10212
Hiring Channels	104-10100-10034
Historical Review Group	104-10337-10001
Historical Review Program	104-10337-10014
Holden	104-10217-10228
Holland	104-10308-10189
Hollywood	104-10326-10101
Holman Corporation	104-10104-10094
Home Leave	104-10130-10343
Home Purchase	104-10183-10333
Honduras	104-10070-10272
Honduras	104-10165-10084
Honduras	104-10183-10267
Honduras	104-10187-10208
Honduras	104-10338-10018
Honduras	178-10003-10001
Hong Kong	104-10123-10223
Honor Awards Board	104-10124-10037
Honor and Merit Award	104-10123-10407
Hopkins	104-10072-10212
Hortensia Orizondo Meneses	104-10234-10102
Hose L. BOTEL	104-10112-10186
Hotel Hamaca	104-10049-10375
Hotel Hamaca	104-10265-10141
Hotel Nacional	104-10290-10273
Hotels Internacional	104-10100-10319
Houma Munitions Bunker	104-10106-10716
House Committee on Government Operations	104-10337-10001
House Purchase	104-10225-10035
House Select Committee on Assassinations	104-10066-10010
House Select Committee on Assassinations	104-10165-10077
House Select Committee on Assassinations	104-10172-10111
House Select Committee on Assassinations	104-10266-10138
House Select Committee on Assassinations	104-10332-10023
House Select Committee on Assassinations	104-10408-10078
House of Representatives Select Committee on Assassinations	104-10147-10304
Housing	104-10301-10010
Housing Allowance	104-10194-10024
Housing Construction	104-10177-10219
Howard Hughes	104-10122-10344
Howard Hughes	157-10011-10048
Howard Hunt	104-10103-10038
Huang Tien-Mai	176-10037-10454
Hudson Institute	104-10262-10385
Hue Incident	176-10036-10099
Hugh C. MCDONALD	104-10124-10149
Human Intelligence	104-10213-10209
Humberto Nunez	104-10231-10418
Hungarian Freedom Fighters Federation	104-10115-10074
Hungarian refugees	104-10171-10138
Hungary	124-10311-10292
Hurricane Flora	104-10100-10192
Hurwitch	104-10227-10046
Hurwitz	104-10232-10018
Hydroelectric Plant	104-10177-10219
I&NS	104-10122-10147
I-94	104-10162-10108
I. Irving Davidson	104-10216-10075
I.R.R.C.	104-10171-10138
IBC Tactics	104-10101-10134
IBIZA	104-10182-10073
ICAP	104-10308-10163
ICBM	177-10002-10103
ICCCA	198-10008-10119
ICCCA	198-10009-10098
ICCCA	202-10002-10124
IDEN A	104-10104-10172
IDEN A	104-10121-10174
IDEN A	104-10170-10036
IDEN A	104-10174-10043
IDEN A	104-10174-10072
IDEN B	104-10170-10036
IDEN B	104-10216-10002
IDEN B	104-10528-10052
IDEN C	104-10183-10022
IDSA A	104-10100-10152
IDYLODYOKE	104-10220-10294
IDZN A	104-10528-10052
IF EMIGRE CHANNELS	104-10527-10277
II Front	124-90135-10074
IIS	104-10192-10110
IMC	104-10171-10138
IN 27353	104-10228-10076
IN 28181	104-10228-10076
IN26114	104-10519-10182
INCA	104-10069-10260
INDIO AZUL	104-10219-10418
INFO	124-10212-10160
INFT	124-10212-10160
ING	104-10180-10176
INROUP-6	104-10068-10164
INS	104-10162-10108
INS	104-10250-10199
INS card	104-10185-10243
INSTR	124-10212-10337
INSTR	124-10221-10231
INTEL ACT	124-10284-10171
INTEL CHIEF	104-10187-10110
INTERARMCO	104-10170-10145
INTERNAL RESISTANCE	124-10291-10236
INTERNAL SECURITY	124-90137-10355
INTV	124-10284-10171
IOS	104-10179-10195
IRAQ	104-10100-10239
IS-Cuba	124-10326-10149
IS-Cuba	124-10326-10191
IS-X	124-10311-10292
ISAAT SIEU	104-10290-10046
ISOLATION	104-10215-10139
ISOTROPIC	104-10215-10139
ITALIA	104-10220-10294
IUS Delegate	104-10187-10208
IVAN DMITRIYEVICH	104-10177-10224
IWF 74317	104-10076-10058
IZGROUP	104-10068-10164
Iden A	104-10171-10003
Identi-kit	104-10124-10149
Identification	104-10186-10382
Identification	104-10517-10121
Identification	104-10529-10196
Identikit	104-10178-10124
Identities	104-10101-10135
Identity	104-10167-10190
Identity	104-10170-10121
Identity Card	104-10260-10400
Identity Documents	104-10185-10315
Identity Sheet	104-10120-10276
Idlewild International Airport	124-90137-10467
Ignacio	104-10179-10022
Ignacio Lidon	104-10179-10104
Ignacy SACHS	104-10102-10233
Ignacy SACHS	104-10103-10103
Ignarra Matarran	104-10308-10269
Illegal travel	104-10114-10152
Illicit Armament Traffic	104-10177-10225
Immigrant Visa	104-10172-10278
Immigration	104-10167-10083
Immigration	104-10219-10282
Immigration Laws	104-10186-10235
Immigration Program	104-10177-10219
Immigration and Naturalization Service	104-10250-10199
Improved Sight	104-10216-10159
Independent Contractor	104-10291-10003
Independent Contractors	104-10439-10113
Index	104-10171-10044
Index Cand	104-10247-10064
Index Request	104-10006-10247
Indexing	104-10098-10264
Indexing	104-10337-10014
India	104-10071-10122
India	124-90139-10070
India	124-90139-10071
Indian political action	104-10174-10036
Indians	178-10003-10001
Individuals	104-10062-10227
Individuals of Interest	104-10408-10329
Indonesia	177-10002-10097
Indonesia	177-10002-10098
Indonesia	177-10002-10101
Indonesia	177-10002-10102
Indonesia-Philippines	177-10002-10101
Inductive Tap	104-10183-10233
Industrial Engineer	104-10093-10109
Industrial Slowdowns	104-10169-10017
Infiltration	104-10102-10237
Infiltration	104-10103-10112
Infiltration	104-10172-10062
Infiltration	104-10216-10148
Infiltration	104-10216-10273
Infiltration	104-10234-10101
Infiltration	104-10306-10010
Infiltration	124-10291-10236
Infiltration	176-10036-10087
Infiltration Candidates	104-10172-10147
Infiltration Operation	104-10069-10185
Infiltration Operation	104-10170-10146
Influence	104-10174-10037
Informant	104-10048-10252
Informant	104-10119-10040
Informant	104-10188-10454
Informant	104-10308-10163
Informant	124-10326-10100
Informant	124-90137-10067
Informant	124-90137-10230
Informant	124-90140-10004
Informants	124-10212-10160
Informants	124-10221-10231
Informants	124-10332-10047
Informants	124-90110-10070
Informants	124-90130-10005
Information	104-10222-10001
Information Council of the Americas	104-10069-10260
Information Exchange	104-10172-10243
Information Management	104-10337-10014
Information Release	104-10337-10014
Information Requests	104-10051-10170
Information Sharing	157-10004-10144
Information Telegram	176-10036-10117
Inspection Trip	104-10186-10264
Instituto de Investigaciones Sociales y Economicos	104-10218-10035
Instituto de Investigaciones Sociales y Económicas	104-10175-10152
Insurance	104-10075-10365
Insurgency	104-10302-10020
Insurrection	104-10171-10047
Intel	104-10413-10053
Intelligence	104-10048-10124
Intelligence	104-10048-10252
Intelligence	104-10072-10227
Intelligence	104-10075-10200
Intelligence	104-10102-10224
Intelligence	104-10103-10079
Intelligence	104-10170-10051
Intelligence	104-10172-10201
Intelligence	104-10172-10279
Intelligence	104-10173-10135
Intelligence	104-10177-10224
Intelligence	104-10181-10152
Intelligence	104-10183-10260
Intelligence	104-10185-10128
Intelligence	104-10187-10030
Intelligence	104-10187-10071
Intelligence	104-10187-10103
Intelligence	104-10187-10109
Intelligence	104-10187-10147
Intelligence	104-10213-10209
Intelligence	104-10215-10146
Intelligence	104-10218-10083
Intelligence	104-10227-10121
Intelligence	104-10247-10097
Intelligence	104-10307-10024
Intelligence	104-10308-10023
Intelligence	104-10308-10086
Intelligence	104-10308-10163
Intelligence	104-10408-10078
Intelligence	124-10326-10100
Intelligence	176-10030-10422
Intelligence	176-10033-10145
Intelligence	176-10036-10087
Intelligence	176-10038-10032
Intelligence	177-10002-10101
Intelligence	178-10004-10054
Intelligence	198-10007-10021
Intelligence	198-10007-10022
Intelligence	202-10001-10203
Intelligence Activities	157-10014-10109
Intelligence Asset	104-10183-10043
Intelligence Briefing	176-10036-10073
Intelligence Collection	104-10123-10220
Intelligence Exchange	119-10021-10413
Intelligence Exchange	198-10007-10013
Intelligence Exchange	198-10008-10119
Intelligence Gathering	104-10186-10088
Intelligence Gathering	104-10186-10099
Intelligence Matters	124-90138-10007
Intelligence Medal	104-10291-10002
Intelligence Officer	104-10119-10338
Intelligence Officer	104-10119-10339
Intelligence Operations	104-10076-10374
Intelligence Operations	104-10175-10085
Intelligence Report	177-10002-10096
Intelligence Report	177-10002-10097
Intelligence Report	177-10002-10098
Intelligence Report	177-10002-10102
Intelligence Reports	104-10075-10250
Intelligence Reports	104-10167-10190
Intelligence Summary	124-10279-10258
Inter-American Press Association	104-10232-10018
Inter-University Committee for Political and Social Action	104-10183-10333
Inter-University Committee for Political and Social Action	104-10225-10035
Inter-agency Defector Committee	104-10121-10021
Interagency Cooperation	104-10007-10345
Interagency Cooperation	104-10423-10337
Intercepted Communications	124-90139-10002
Interdepartmental Coordinating Committee of Cuban Affairs	198-10004-10076
Interdepartmental Coordinating Committee of Cuban Affairs	198-10008-10119
Interministerial Commission	176-10037-10494
Internal Affairs	104-10174-10072
Internal Politics	104-10186-10308
Internal Resistance	104-10192-10284
Internal Resistance	104-10226-10087
Internal Resistance	124-10291-10236
Internal Revolt	104-10234-10083
Internal Security	104-10114-10162
Internal Security	104-10169-10282
Internal Security	104-10433-10209
Internal Security	124-10273-10104
Internal Security	124-90138-10004
Internal Security	124-90138-10073
Internal Security	124-90139-10050
Internal Security	176-10036-10179
Internal Security Force	104-10166-10262
Internal Situation	104-10302-10020
Internal Subversion	177-10001-10060
Internal affairs	176-10036-10099
International Institute for Peace	104-10070-10272
International Left Opposition	104-10173-10134
International Ore and Fertilizer Company	124-90139-10070
International Ore and Fertilizer Company	124-90139-10071
International Petroleum Company	104-10215-10128
International Red Cross	104-10171-10021
International Relations	104-10302-10020
International Relations	104-10529-10330
International Relations	176-10036-10179
International Rescue Committee	104-10117-10203
International Rescue Committee	104-10171-10136
International Symposium	104-10097-10170
International Terrorism Group	104-10433-10209
International Vaccination Certificate	104-10113-10249
Interpolation	104-10187-10146
Interpreter	104-10130-10339
Interpreter	104-10167-10375
Interrogation	104-10073-10101
Interrogation	104-10172-10243
Interrogation	104-10183-10259
Interview	104-10250-10200
Interview	124-10150-10104
Interzonal Border	197-10002-10190
Inunoz Gimeno	104-10072-10212
Invasion	104-10192-10284
Invasion	104-10228-10083
Invasion Plans	198-10005-10018
Invasion of Cuba	177-10001-10064
Invasion plan	104-10171-10106
Investigation	104-10066-10010
Investigation	104-10119-10225
Investigation	104-10131-10099
Investigation	104-10147-10304
Investigation	104-10162-10121
Investigation	104-10234-10101
Investigation	104-10322-10056
Investigation	124-10115-10027
Investigation	124-10237-10009
Investigations Division	104-10123-10219
Investment Overseas Service	104-10121-10174
Invoice	104-10245-10000
Iraq	177-10002-10096
Iraq	177-10002-10097
Iraq	177-10002-10098
Iraq	177-10002-10103
Irina Shurakova	104-10059-10188
Iron Curtain	104-10187-10208
Irving Amron	104-10162-10247
Irving Davidson	104-10216-10046
Isabela de Sagua	104-10512-10110
Isidoro Esquerra Fernandez	104-10171-10018
Isidro Contreras	104-10308-10269
Isla de Pinos	104-10076-10371
Ismael Rodriguez	124-90139-10050
Isolation	104-10112-10450
Isolation of Cuba	104-10275-10176
Isonge Winters	104-10119-10247
Israel	104-10070-10272
Israel	104-10216-10075
Israel	104-10302-10030
Israel	104-10519-10184
Israel	177-10002-10101
Israeli Intelligence	124-10326-10099
Israeli Intelligence Service	124-10326-10098
Israeli Intelligence Service	124-10326-10103
Israeli Military Industries	104-10216-10073
Itabo	104-10076-10375
Italian Communist Party	104-10003-10041
Italian Embassy	104-10220-10293
Italian agent	104-10185-10024
Italy	104-10070-10296
Italy	104-10100-10087
Italy	104-10100-10251
Italy	104-10183-10022
Italy	104-10185-10030
Italy	104-10234-10007
Italy	104-10234-10148
Italy	104-10247-10064
Italy	104-10290-10190
Italy	104-10516-10348
Italy	104-10527-10424
Italy	177-10002-10096
Itinerary	104-10119-10247
Itinerary	124-10279-10209
Itkin	104-10107-10085
Ivan Efimovich SERGEEV	104-10263-10139
Ivan Gavrilevich ALFEROV	104-10162-10014
Ivan Gerald Shapiro	104-10169-10282
J. Edgar Hoover	104-10122-10307
J. Lee Rankin	104-10004-10213
JACK CANNON	104-10221-10222
JAVE 2	104-10183-10262
JAWAVE	104-10077-10285
JENTOMS	104-10077-10382
JESUS BADAL	104-10219-10418
JFK	124-10150-10104
JFK	124-10163-10134
JFK Act	104-10337-10014
JFK Assassination	104-10095-10075
JFK Assassination	104-10105-10290 (C06932214)
JFK Assassination	104-10326-10068
JFK Assassination	104-10326-10087
JFK Assassination	104-10332-10009
JFK Assassination	104-10332-10020
JFK Assassination Records	104-10337-10001
JFK Assassination Records Act	104-10290-10062
JFK Assassination Records Collection Act	104-10332-10023
JFK Records Review	104-10337-10014
JHPALM	104-10167-10190
JIGAVE	104-10166-10079
JIMENES	104-10076-10277
JIMENEZ PADRON	104-10180-10042
JMARC	104-10111-10094
JMATE	104-10129-10264
JMATE	104-10172-10105
JMCOBRA	104-10129-10027
JMCOBRA	104-10229-10002
JMHAVE PARIS	104-10234-10088
JMRAKE	104-10228-10419
JMWAVE	104-10048-10124
JMWAVE	104-10070-10079
JMWAVE	104-10072-10289
JMWAVE	104-10073-10101
JMWAVE	104-10075-10042
JMWAVE	104-10076-10058
JMWAVE	104-10076-10116
JMWAVE	104-10076-10217
JMWAVE	104-10077-10067
JMWAVE	104-10100-10239
JMWAVE	104-10103-10038
JMWAVE	104-10103-10112
JMWAVE	104-10104-10172
JMWAVE	104-10104-10271
JMWAVE	104-10120-10276
JMWAVE	104-10167-10375
JMWAVE	104-10170-10146
JMWAVE	104-10171-10033
JMWAVE	104-10178-10096
JMWAVE	104-10181-10117
JMWAVE	104-10182-10137
JMWAVE	104-10183-10325
JMWAVE	104-10183-10331
JMWAVE	104-10183-10333
JMWAVE	104-10183-10335
JMWAVE	104-10192-10229
JMWAVE	104-10192-10266
JMWAVE	104-10215-10139
JMWAVE	104-10220-10294
JMWAVE	104-10221-10310
JMWAVE	104-10225-10035
JMWAVE	104-10229-10002
JMWAVE	104-10234-10124
JMWAVE	104-10256-10208
JMWAVE	104-10267-10196
JMWAVE	104-10301-10008
JMWAVE	104-10304-10000
JMWAVE	104-10308-10023
JMWAVE	104-10308-10044
JMWAVE	104-10308-10127
JMZIP	104-10171-10020
JMZIP	104-10171-10093
JMZIP	104-10171-10095
JMZIP	104-10172-10177
JMZIP	104-10180-10176
JMZIP	104-10219-10418
JOAN GRASSIE	104-10077-10076
JOAQUIN KEHNANDEZ ARMAS	104-10290-10046
JOHN	124-10158-10061
JORGE RAUL ROBLEJO	124-10300-10012
JOSE ARTECONA	104-10170-10036
JOSE CAMPOS PEREZ	104-10076-10277
JOSE FERNANDEZ	104-10185-10117
JOSE LUIS	104-10528-10056
JOSE LUIS (ZALA)	104-10100-10090
JOSE LUIS GONZALEZ GALLARRETTA	104-10077-10369
JOSE RASCO BERMUDA	124-90041-10023
JOSEPH RAYMOND MEROLA	124-90110-10070
JRC	104-10160-10207
JU/3/MEXI	104-10101-10109
JUAVE 2	104-10183-10262
JULIO RODRIGUEZ	104-10101-10198
JUNAVE 1	104-10183-10261
JURE	104-10160-10207
JURE	104-10179-10104
JURE	104-10179-10182
JURE	104-10237-10120
JURE	104-10275-10176
JUSLOOP-1	104-10186-10021
JUVENTUD ACCION CUBANA ANTICOMUNISTA	104-10192-10154
JUWAVE	104-10077-10266
JYATE	104-10241-10249
JYVAPOROUS	104-10326-10013
JYVAPOROUS	104-10326-10077
JYVAPOROUS	104-10326-10078
JZIP	104-10220-10294
Jack Malloch	104-10182-10073
Jack Rubenstein	104-10519-10184
Jack Ruby	157-10004-10144
Jack Scanlan	104-10122-10147
Jack Soble	104-10106-10716
Jacksonville	104-10179-10195
Jaguar Group	104-10308-10168
Jaime Nebot Velasco	104-10216-10073
Jaime Sanchez Papo	104-10185-10247
Jakob Y. Fischer	104-10219-10143
Jamaica	104-10165-10004
Jamaica	104-10172-10147
Jamaica	104-10185-10110
Jamaica	104-10186-10269
Jamaica	104-10187-10208
Jamaica	104-10236-10054
Jamaican Government	104-10228-10045
James A. PERRY	104-10172-10107
James Angleton	124-10326-10098
James Angleton	124-10326-10099
James Angleton	124-10326-10100
James Angleton	124-10326-10103
James Angleton	124-10326-10104
James Buchanan	104-10192-10266
James Buchanan	104-10298-10184
James Earl Ray	104-10066-10010
James Earl Ray	104-10071-10404
James Earl Ray	104-10147-10304
James Earl Ray	104-10178-10120
James Earl Ray	104-10178-10124
James Earl Ray	104-10178-10130
James Earl Ray	104-10322-10056
James Fitchett	104-10122-10147
James O'Connell	157-10014-10109
James P. O'Connell	104-10123-10097
James Paul Olds	104-10123-10098
James S. Ovens	104-10166-10158
James W. McCord, Jr.	104-10123-10407
Jane Roman	124-90138-10004
Janio Quadros	176-10037-10440
Janus Kantas	104-10106-10716
Japan	104-10290-10210
Japan	104-10326-10044
Japan	104-10326-10045
Japan Peace for Vietnam Committee	104-10064-10012
Japanese Embassy	104-10076-10217
Japanese equipment	104-10179-10167
Jarima WE	104-10130-10356
Javier Alvares de la Torre	104-10162-10108
Jay Lovestone	124-10326-10098
Jean C. Legrand	104-10106-10716
Jean K. Saurel	104-10166-10262
Jean Schramme	104-10182-10073
Jeane De Mohrenschildt	104-10166-10262
Jervay	104-10179-10134
Jervay	104-10179-10136
Jerzy Plebanski	104-10097-10170
Jesus CABRERA	124-90041-10023
Jewelry Manufacturers	104-10183-10044
Jim Garrison	104-10104-10262
Jim Garrison	178-10002-10091
Jim McCord	104-10066-10076
Joachim Joesten	104-10005-10321
Joachim Joesten	124-10369-10022
Joao Goulart	176-10037-10440
Joaquin Mirabal	104-10177-10047
Johanna Beker	104-10106-10716
John Conyers, Jr.	104-10337-10001
John F. Gardiner, Jr.	104-10120-10271
John F. Kennedy	104-10012-10035
John F. Kennedy	104-10147-10304
John F. Kennedy	104-10298-10095
John F. Kennedy	104-10326-10010
John F. Kennedy	104-10408-10078
John F. Kennedy	104-10431-10102
John F. Kennedy	124-10181-10009
John F. Kennedy	124-10326-10149
John F. Kennedy	124-10326-10191
John F. Kennedy	176-10030-10422
John F. Kennedy	177-10002-10069
John F. Kennedy	177-10002-10092
John F. Kennedy Assassination	104-10234-10105
John F. Kennedy Assassination	104-10413-10306
John F. Kennedy Assassination Records Act	104-10529-10196
John F. Kennedy Assassination Records Act of 1992	104-10129-10034
John F. Kennedy Assassination Records Act of 1992	104-10180-10218
John F. Kennedy Assassination Records Act of 1992	104-10231-10418
John F. Kennedy Assassination Records Act of 1992	104-10266-10138
John F. Rittenhouse	104-10119-10339
John F. Rittenhouse	104-10120-10319
John Garrett Underhill Jr.	104-10170-10145
John Hugh Crimmins	104-10160-10207
John Joseph Casey	104-10219-10143
John Joseph Frank	157-10004-10280
John M. Dunn	176-10036-10138
John Milton	124-90140-10012
John R. Tunheim	104-10332-10023
John Ryan	104-10185-10252
John Stratos	104-10173-10104
John W. Thomas	124-90140-10012
John Willard	104-10071-10139
John Willard	104-10072-10034
John Willard	104-10178-10136
Johnny Roselli	157-10011-10048
Johnny Roselli	178-10002-10215
Joint Operations	176-10036-10102
Joint Operations Group	104-10110-10328
Joint Operations Group	104-10112-10204
Joint Operations Group	104-10120-10290
Joint Operations Group	104-10256-10428
Jomaron	104-10308-10269
Jordan	104-10121-10366
Jorge	104-10234-10102
Jorge ALVES POL	104-10163-10065
Jorge Antonio Abasolo Garcia	104-10093-10266
Jorge Antonio Abasolo Garcia	104-10290-10309
Jorge Beliard	124-90137-10467
Jorge Beliard	124-90137-10468
Jorge Del VALLE	104-10160-10207
Jorge GUTIERREZ Izaguirre	124-90041-10023
Jorge MEDINA Bringuier	104-10171-10003
Jorge Piloto	104-10180-10178
Jorge Pino	104-10180-10178
Jorge Raul Roblejo Lorie	124-10300-10024
Jorge Volsky	104-10179-10182
Jorge Volsky	104-10275-10176
Jose Alberto CALDERON Cotallo	104-10183-10347
Jose Alberto SEMIDEY Isalgue	104-10216-10148
Jose Antonio CASAS Rodriguez	104-10163-10019
Jose Antonio Echevarria	104-10170-10091
Jose Antonio PORTUONDO Valdor	104-10074-10413
Jose Castanera	104-10308-10269
Jose DALTON Larrea	104-10183-10347
Jose Eleutorio PEDRAZA	104-10049-10362
Jose Fernandez Badue	104-10231-10418
Jose Figueres	104-10177-10225
Jose Haria Velasco Ibarra	104-10216-10073
Jose Iglesias	104-10216-10338
Jose Ignacio RASCO	104-10220-10293
Jose Julio FERNANDEZ Gutierrez	104-10073-10061
Jose LLANGRA Gobel	104-10237-10120
Jose LLANUSA Sobel	104-10160-10207
Jose Luiz Aguilar Leon	124-90124-10055
Jose Maria Lasa rutibeasoon	104-10171-10021
Jose Marti Club	104-10308-10163
Jose Miguel Fernandez Roa	104-10180-10044
Jose Miro Cardona	104-10298-10095
Jose Naranjo	104-10216-10398
Jose Pineiro Paez	124-90124-10055
Jose Ponce	104-10308-10269
Jose Suarez	104-10308-10269
Jose Te Frana Carmona	104-10075-10225
Jose Toha	177-10001-10064
Jose Vasquez Kerey	104-10216-10398
Jose Vasquez Nerey	104-10234-10102
Jose Xavier CORTES Hernandez	104-10074-10413
Josefina ARTIME	104-10171-10003
Josefina Socarras	104-10308-10044
Joseph KING	104-10112-10450
Joseph McCarthy	104-10119-10040
Joseph Piccolo Jr.	104-10129-10438
Joseph Piccolo Jr.	104-10129-10439
Joseph R. Merola	104-10177-10206
Joseph Raymond Merola	124-90110-10071
Joseph Raymond Merola	124-90110-10072
Joseph Raymond Merola	124-90110-10083
Joseph Rex	124-90140-10012
Joseph S. Cecolo	104-10129-10033
Joseph S. PICCOLO	104-10161-10115
Joseph S. Piccolo	104-10129-10027
Joseph S. Piccolo	104-10161-10144
Joseph W. Jason	104-10219-10143
Journalist	104-10100-10424
Journalist	104-10173-10134
Journalist	104-10527-10277
Jozef Kozak	104-10209-10018
Juan Bautista (Gonzalez) Francisco	104-10075-10250
Juan Bosch	104-10179-10182
Juan Bosch Gaviño	104-10186-10099
Juan Estevez Ramiros	104-10179-10027
Juan Francisco Hernandez	104-10076-10372
Juan Gomez Blanco	104-10100-10185
Juan I. Cessnova Koiriguez	104-10180-10200
Juan Jose Arevalo	104-10175-10176
Juan Mendez	104-10180-10178
Juan Trippe	104-10107-10087
Juan Ventura	104-10216-10398
Juan Ventura Valker	104-10183-10044
Juan Ventura Valner	104-10234-10115
Judicatura Cubana Democrática	104-10230-10153
Judicial Police	124-90124-10055
Julio Damas Vasquez	104-10187-10208
Julio Damaso Vasquez	104-10187-10208
Julio LOBO	124-90041-10023
Julio Lobo	104-10167-10127
Julio Pablo Rodriguez Reyes	104-10226-10011
Julio V. Leal	124-10213-10483
Junta	104-10227-10046
Juri Sinches	104-10170-10091
Justice	104-10235-10018
Justice Department	104-10104-10094
Justin F. Gleichauf	124-10332-10018
Justin O'Donnell	157-10002-10105
Justo Cerrillo	104-10169-10017
Justo MONTES DE OCA Ceballos	104-10229-10002
Jute Bags	124-90139-10070
Jute Bags	124-90139-10071
Juventud Anti-comunista Catolica	104-10226-10090
K.K.	104-10217-10228
KAFOK	104-10100-10086
KANSAHI WATANABE	104-10101-10129
KAPOK	104-10062-10227
KAPOK	104-10100-10200
KAPOK	104-10183-10331
KAPOK	104-10528-10052
KAPOK	104-10529-10329
KAPOK LCHARVEST	104-10529-10330
KARASEV	104-10172-10279
KARAT ONE	104-10075-10225
KARAT TWO	104-10075-10225
KARIN ESPINOSA	104-10183-10039
KATANZAS	104-10098-10404
KDABSINTHE	104-10187-10009
KDAFGHAN	104-10188-10015
KDFACTOR	104-10187-10009
KDFACTOR	104-10187-10014
KDLITERAL	104-10187-10009
KDMARTINI	104-10326-10068
KDSOMBRERO	104-10326-10068
KELL	104-10290-10046
KENNEDY	124-10158-10061
KENNETH K. SUZUKI	104-10101-10129
KEYWAY	104-10077-10356
KEYWAY	104-10077-10382
KEYWAY	104-10100-10086
KEYWAY	104-10183-10011
KEYWAY	104-10183-10037
KEYWAY	104-10183-10039
KEYWAY	104-10183-10044
KEYWAY	104-10183-10239
KEYWAY	104-10528-10052
KEYWAY PBRUMEN UNRUMBLE	104-10220-10224
KGB	104-10012-10022
KGB	104-10012-10024
KGB	104-10014-10064
KGB	104-10092-10340
KGB	104-10101-10215
KGB	104-10106-10300
KGB	104-10106-10312
KGB	104-10162-10247
KGB	104-10172-10201
KGB	104-10172-10248
KGB	104-10172-10279
KGB	104-10173-10097
KGB	104-10173-10104
KGB	104-10173-10135
KGB	104-10177-10224
KGB	104-10187-10030
KGB	104-10210-10020
KGB	104-10218-10060
KGB	104-10226-10117
KGB	104-10263-10139
KGB	104-10326-10010
KGB	104-10326-10092
KGB	104-10326-10101
KGB	104-10332-10009
KGB	104-10413-10306
KGB	104-10418-10202
KGB	104-10431-10091
KGB	104-10534-10173
KGB	124-10279-10209
KGB	124-10325-10318
KGB	124-90155-10008
KGB	180-10131-10324
KGB	180-10143-10227
KHOY-BERGKAN-SHEARER	104-10209-10025
KIRA MISKOLCAPLE	104-10528-10052
KIRIOT	104-10260-10400
KISHIN-1	104-10173-10104
KLM	104-10164-10032
KMARTINEZ	104-10076-10277
KMW 8907	104-10179-10233
KOFACTOR	104-10188-10015
KORNELOS	104-10101-10134
KOTEN	104-10210-10020
KOWACE	104-10175-10152
KRUSCHEV	104-10167-10297
KRX	104-10527-10277
KUBANK	104-10097-10360
KUBARI	104-10181-10152
KUBARK	104-10005-10321
KUBARK	104-10048-10124
KUBARK	104-10068-10142
KUBARK	104-10068-10172
KUBARK	104-10070-10079
KUBARK	104-10072-10289
KUBARK	104-10073-10101
KUBARK	104-10075-10365
KUBARK	104-10077-10087
KUBARK	104-10100-10034
KUBARK	104-10100-10223
KUBARK	104-10100-10394
KUBARK	104-10100-10424
KUBARK	104-10101-10256
KUBARK	104-10103-10112
KUBARK	104-10165-10169
KUBARK	104-10167-10375
KUBARK	104-10169-10139
KUBARK	104-10170-10036
KUBARK	104-10170-10051
KUBARK	104-10170-10064
KUBARK	104-10171-10003
KUBARK	104-10172-10147
KUBARK	104-10172-10243
KUBARK	104-10173-10104
KUBARK	104-10175-10179
KUBARK	104-10179-10136
KUBARK	104-10183-10043
KUBARK	104-10183-10239
KUBARK	104-10183-10240
KUBARK	104-10185-10248
KUBARK	104-10193-10016
KUBARK	104-10216-10046
KUBARK	104-10216-10073
KUBARK	104-10216-10338
KUBARK	104-10220-10294
KUBARK	104-10227-10121
KUBARK	104-10228-10045
KUBARK	104-10234-10069
KUBARK	104-10234-10083
KUBARK	104-10234-10101
KUBARK	104-10234-10115
KUBARK	104-10234-10124
KUBARK	104-10234-10155
KUBARK	104-10236-10053
KUBARK	104-10236-10054
KUBARK	104-10256-10208
KUBARK	104-10263-10111
KUBARK	104-10295-10001
KUBARK	104-10308-10062
KUBARK	104-10308-10086
KUBARK	104-10517-10120
KUBARK	104-10527-10212
KUBARK	104-10527-10277
KUBARK	104-10529-10182
KUBARK DEX	104-10100-10251
KUBARK PBPRIME	104-10219-10418
KUBARKER	104-10100-10086
KUCAGE	104-10228-10419
KUDES	104-10171-10020
KUDESK	104-10171-10003
KUDESK	104-10172-10177
KUFARK	104-10077-10153
KULAMP	104-10170-10121
KURARK	104-10101-10134
KURIACHEV	104-10172-10279
KURIOT	104-10185-10253
KUROAR	104-10215-10139
KUSODA	104-10171-10020
KUSODA	104-10172-10177
KUSODA	104-10180-10179
KUTUBE	104-10073-10074
KUTUBE	104-10171-10003
KUTUBE	104-10171-10013
KUTUBE	104-10171-10020
KUTUBE	104-10236-10054
KUWOLF	104-10093-10279
KUWOLF	104-10171-10003
KUWOLF	104-10175-10179
KUWOLF	104-10236-10054
KUZARK	104-10183-10262
KYBAT	104-10100-10411
Kamchatka	178-10003-10001
Kapustin	124-90137-10488
Karl-Erik	124-10163-10134
Katanga	104-10182-10073
Kell	104-10179-10167
Kennedy	157-10014-10109
Kennedy Administration	104-10228-10083
Kennedy Assassination	104-10326-10045
Kennedy Assassination	104-10326-10077
Kennedy Assassination	104-10506-10028
Kennedy Assassination	104-10528-10149
Kennedy Assassination	176-10037-10120
Kennedy Assassination	177-10001-10060
Kennedy Assassination	197-10002-10190
Kennedy Murder	104-10003-10041
Kennedy assassination	104-10104-10262
Kennedy assassination	104-10170-10145
Kennedy assassination	104-10326-10074
Kennedy, John	157-10014-10242
Kennedy, John F.	157-10002-10105
Kennedy, Robert	178-10002-10279
Kenya	104-10306-10010
Kenya	177-10002-10102
Kessler	104-10111-10079
Key West	104-10174-10072
Key West	124-90130-10005
Khanh Hoa Province	176-10036-10078
Khrushchev	104-10308-10208
Khrushchev	176-10036-10027
Khrushchev visit	104-10209-10018
Kidnapping	124-10273-10104
Kidnapping	124-10281-10028
Kidnapping	176-10036-10087
Kiko Pernas	124-90135-10074
King of Jordan	104-10121-10366
King-Ray docs	104-10433-10209
Kingston	104-10165-10004
Kingston	104-10185-10110
Kingston	104-10186-10269
Knights of Columbus	104-10074-10413
Komar boats	104-10076-10400
Korea	104-10176-10015
Korea	176-10011-10152
Krishna Menon	104-10071-10122
Kruschev	104-10308-10044
Kuala Lumpur	104-10123-10223
Kubark	104-10179-10134
Kulpa	104-10217-10228
Kuomintang	104-10173-10134
Kuznetsov	104-10412-10005
LACERDA	104-10227-10150
LACERDA	104-10232-10019
LACHED	104-10180-10233
LAEGENFELDER	104-10219-10418
LAME	104-10052-10130
LANE	124-10158-10061
LANGOSCH	104-10183-10261
LANGOSCH	104-10183-10262
LANGOSCH	104-10183-10267
LANSKY, MEYER	157-10002-10165
LAPA	104-10170-10096
LAS VILLAS	104-10527-10424
LASS	104-10101-10134
LATIN AMERICA SECURITY	198-10004-10207
LAYC	104-10072-10289
LCA	124-10213-10483
LCFLUTTER	104-10103-10112
LCFLUTTERS	104-10215-10139
LCHARVEST	104-10100-10200
LCHARVEST	104-10217-10196
LCHARVEST	104-10529-10329
LCIMPROVE	104-10215-10018
LCIMPROVE	104-10263-10139
LCIMPROVE	104-10290-10155
LEARNING	104-10183-10347
LEASE DOCUMENTS	104-10177-10219
LEE HARVEY OSWALD	124-10369-10022
LEGATTS	104-10066-10010
LENROUP-1	104-10068-10164
LESIFER project	104-10175-10152
LHO	124-10058-10420
LHO	124-10180-10295
LHO	124-10239-10171
LHO	180-10143-10100
LI TAMIL-9	104-10052-10130
LIAISON	104-10326-10078
LIAISON WITH CIA	124-10180-10295
LIANG Szu-cheng	104-10529-10329
LIBERTAD 12	104-10076-10277
LICALLA	104-10065-10028
LICALLA	104-10173-10104
LICETI Cruz, Rene	104-10122-10135
LICHANT/1	104-10218-10035
LICOAX	104-10093-10279
LICOOKY-1	104-10175-10101
LICOOKY-1	104-10218-10083
LICOZY/5	104-10173-10097
LICOZY/5	104-10173-10104
LICRAFT	104-10177-10047
LICRAFT-1	104-10097-10360
LIEF project	104-10175-10152
LIEMPTY	104-10065-10028
LIEMPTY	104-10187-10014
LIENVOY	104-10187-10030
LIENVOY	104-10211-10326
LIENVOY	104-10301-10010
LIENVOY Project	104-10098-10072
LIENVOY Project	104-10187-10003
LIFEAT	104-10101-10198
LIFEAT	104-10211-10326
LIFEAT	104-10301-10010
LIFEAT	104-10413-10053
LIFEAT Project	104-10098-10072
LIFIRE	104-10173-10104
LIFIRE	104-10290-10309
LIGAFF	104-10062-10227
LIGIBON	104-10187-10147
LIHUFF/1	104-10175-10179
LIHUFF/1	104-10218-10035
LIHUFF/2	104-10175-10179
LIKAYAK/2	104-10101-10198
LILIK	104-10301-10010
LILING	104-10100-10247
LILINK	104-10527-10421
LILYRIC	104-10065-10028
LILYRIC	104-10173-10104
LIMA	104-10101-10124
LIMA	104-10170-10096
LIMITED	104-10065-10028
LIMUD	104-10062-10227
LINLUCK	104-10180-10042
LINLUCK-1	104-10218-10083
LIONION	104-10188-10015
LIOOZE-1	104-10219-10418
LIPAIL	104-10062-10227
LIRAZBIT	104-10062-10227
LIRCOK-1	104-10170-10121
LIRING-3	104-10266-10138
LIRULE	104-10062-10227
LISS GRACE HOMES	104-10076-10116
LIST	104-10079-10391
LISTAN Project	104-10187-10003
LITAMIL	104-10100-10411
LITAMIL-3	104-10290-10219
LITAMIL-5	104-10219-10418
LITAMIL-9	104-10072-10228
LITEMPO	104-10173-10104
LITEMPO	104-10179-10143
LIVACATE	104-10062-10227
LLOYD GEORGE	104-10100-10200
LNCOLLAR	104-10174-10072
LNERGO	104-10071-10139
LNERGO	104-10071-10404
LNERGO	104-10072-10034
LNERGO	104-10178-10120
LNERGO	104-10178-10130
LNERGO	104-10178-10136
LNERGO	104-10180-10042
LNERGO	104-10216-10002
LOND 5956	104-10228-10076
LOND 5963	104-10228-10076
LOPEZ	104-10183-10267
LOPEZ Fernandez, Julio Antonio	104-10122-10135
LORIE	124-10300-10012
LOWAS	104-10101-10198
LPCOIN	104-10116-10261
LPCOIN	104-10117-10203
LPCORSET	104-10117-10203
LPSHRINK	104-10098-10391
LPSHRINK	104-10516-10338
LUCIEN CONEIN	124-90060-10015
LUEN	104-10170-10096
LUIS FERNANDEZ ROCHA SODRIGUEZ	104-10170-10096
LUIS RICARDO ALONSO	124-10300-10012
LWOP Status	104-10130-10305
LWOPUS	104-10326-10101
La Joierria	104-10167-10297
La Paz	104-10250-10035
Labor	176-10036-10078
Labor Elections	104-10100-10396
Labor Federation	202-10002-10124
Labor Unions	104-10529-10184
Lacerda	104-10232-10018
Lacidonia	104-10072-10212
Lacombe, Louisiana	104-10115-10074
Laddie	104-10185-10230
Lagomesino Camacho	104-10072-10212
Lam A	104-10069-10132
Lamberto BESTA	104-10185-10024
Lamination	104-10260-10400
Land Expropriations	176-10036-10085
Land Improvement Projects	104-10516-10270
Langosch	104-10183-10333
Langosch	104-10216-10397
Language Skills	104-10117-10076
Lansdale	157-10014-10109
Laos	104-10121-10174
Laos	104-10290-10190
Laos	104-10302-10030
Laos	104-10306-10011
Laos	176-10036-10179
Laos	176-10037-10454
Laos	177-10002-10096
Laos	177-10002-10097
Laos	178-10003-10001
Laos	178-10003-10001
Laos Situation	176-10036-10073
Laparo Mora	104-10216-10398
Larry Crosby	157-10011-10048
Las Casas	104-10072-10212
Las Historias de Espionaje mas asombrosos del mundo	104-10167-10297
Las Pena	104-10170-10059
Las Villas	104-10100-10251
Las Villas	104-10171-10020
Las Villas	104-10171-10034
Las Villas Province	104-10193-10016
Latin America	104-10069-10260
Latin America	104-10070-10272
Latin America	104-10075-10200
Latin America	104-10163-10065
Latin America	104-10163-10136
Latin America	104-10170-10064
Latin America	104-10170-10121
Latin America	104-10192-10110
Latin America	104-10338-10018
Latin America	119-10021-10413
Latin America	176-10036-10065
Latin America	177-10001-10305
Latin America	177-10002-10012
Latin America	177-10002-10016
Latin America	177-10002-10092
Latin America	194-10012-10030
Latin America	198-10007-10022
Latin America	198-10009-10099
Latin America Security	198-10005-10018
Latin American Christian Trade Unions	104-10178-10334
Latin American Events	104-10167-10083
Latin American Govts	176-10036-10051
Latin American Study Seminar	104-10101-10134
Latin American Trade	104-10121-10263
Latinamerica	104-10167-10297
Lavastida	104-10308-10208
Lavton	104-10217-10228
Law Firm	104-10107-10085
Lawrence Fleishmann	104-10122-10147
Lawrence Houston	104-10106-10312
Laza	104-10072-10212
Lazaro Gutierrez Menoyo	104-10217-10185
Le Tap	176-10036-10078
Le Van Dong	176-10036-10079
Le Van Kim	176-10036-10134
Leadership	104-10215-10139
Leadership	104-10215-10146
Leadership	104-10267-10196
Leave of Absence	104-10100-10357
Lebanese Charge	104-10100-10239
Lee Harvey Oswald	104-10004-10143
Lee Harvey Oswald	104-10012-10022
Lee Harvey Oswald	104-10012-10024
Lee Harvey Oswald	104-10012-10035
Lee Harvey Oswald	104-10051-10106
Lee Harvey Oswald	104-10132-10092
Lee Harvey Oswald	104-10133-10437
Lee Harvey Oswald	104-10166-10262
Lee Harvey Oswald	104-10181-10117
Lee Harvey Oswald	104-10209-10259
Lee Harvey Oswald	104-10300-10124
Lee Harvey Oswald	104-10308-10165
Lee Harvey Oswald	104-10310-10118
Lee Harvey Oswald	104-10326-10010
Lee Harvey Oswald	104-10326-10013
Lee Harvey Oswald	104-10326-10044
Lee Harvey Oswald	104-10326-10045
Lee Harvey Oswald	104-10326-10055
Lee Harvey Oswald	104-10326-10075
Lee Harvey Oswald	104-10326-10077
Lee Harvey Oswald	104-10326-10101
Lee Harvey Oswald	104-10332-10009
Lee Harvey Oswald	104-10332-10023
Lee Harvey Oswald	104-10418-10378
Lee Harvey Oswald	104-10423-10337
Lee Harvey Oswald	104-10431-10091
Lee Harvey Oswald	104-10431-10102
Lee Harvey Oswald	104-10437-10079
Lee Harvey Oswald	124-10062-10456
Lee Harvey Oswald	124-10239-10171
Lee Harvey Oswald	157-10004-10144
Lee Harvey Oswald	180-10131-10324
Leftist	104-10114-10152
Leftist Forces	104-10186-10099
Legal Attache	104-10433-10050
Legal Consultant	104-10119-10220
Legal Travelers	104-10171-10039
Legal Travellers Program	180-10143-10227
Legat Paris	124-10115-10027
Legion Caribe	104-10177-10225
Legion Democrática Cubana	124-90041-10023
Legislation	104-10337-10001
Leo Cherne	104-10070-10296
Leonard Fourau	104-10106-10716
Leonel Brizola	176-10037-10440
Leonov	104-10218-10060
Leslie V Jarvis	104-10107-10089
Lessons Learned	104-10337-10014
Lester Carvin Rosales	104-10171-10018
Levi Laub	124-90137-10284
Levi Laub	124-90140-10012
Liaison	104-10014-10064
Liaison	104-10088-10070
Liaison	104-10095-10161
Liaison	104-10131-10010
Liaison	104-10177-10224
Liaison	104-10179-10233
Liaison	104-10181-10152
Liaison	104-10183-10233
Liaison	104-10183-10346
Liaison	104-10183-10355
Liaison	104-10186-10037
Liaison	104-10187-10030
Liaison	104-10187-10149
Liaison	104-10188-10454
Liaison	104-10219-10154
Liaison	104-10228-10076
Liaison	104-10269-10079
Liaison	104-10310-10118
Liaison	104-10322-10056
Liaison	104-10332-10020
Liaison	104-10412-10005
Liaison	104-10516-10239
Liaison	124-10326-10104
Liaison	124-90138-10004
Liaison	176-10038-10032
Liaison Service	104-10326-10055
Liaison Services	104-10101-10215
Liang Szu Ch'eng	104-10100-10199
Liang Szu-Cheng	104-10100-10223
Liberal Party	104-10262-10385
Lic. Agustin NAVARRO Vasquez	104-10218-10035
License Plate	104-10016-10021
License Plates	104-10408-10329
Lifanil	104-10100-10411
Limas	104-10169-10269
Lindsey LING	104-10073-10113
Lineras Lopez	104-10234-10105
Linotype	104-10100-10087
Linotype	104-10528-10053
Listener Trials	104-10216-10234
Live Address	104-10110-10433
Llaneras	104-10308-10269
Llewellyn Thompson	104-10051-10106
Llewellyn Thompson	104-10133-10437
Llewellyn Thompson	104-10209-10259
Llewellyn Thompson	104-10418-10378
Llewellyn Thompson	104-10437-10079
Lloyd George	104-10529-10330
Lloyd Lindland	104-10231-10418
Local Currency Costs	176-10036-10073
Local Detective	104-10048-10252
Local Liaison	104-10187-10174
Locations	104-10186-10008
Locomotive Sabotage	104-10247-10097
Loginov	104-10173-10097
Logistics	104-10077-10076
Logistics	104-10529-10367
Logistics Section	104-10111-10094
Lombardo Toledano	124-10279-10258
London	104-10075-10365
London	104-10431-10102
London	124-10058-10420
London	124-10181-10009
Long Committee	104-10122-10344
Lopez	124-10279-10258
Lopez Mateos	104-10171-10220
Lopez Mateos	124-10279-10258
Lopez Mateos	177-10002-10069
Lopez Mateos	177-10002-10070
Los Angeles	104-10170-10125
Los Angeles	104-10179-10113
Loss of support	176-10036-10099
Louisiana	104-10104-10271
Low Light Testing	104-10216-10234
Lucas Moran	104-10220-10293
Lucien Conein	104-10112-10148
Lucien E. Conein	104-10113-10030
Lucy Echevarria	104-10216-10398
Lucy Luchien	124-90124-10055
Luis	104-10220-10069
Luis Albert Ferre	104-10263-10111
Luis Alberto Condom Cajigal	124-10212-10160
Luis Alberto de Jesus Condom Cajigal	104-10180-10178
Luis Amado-Blanco	104-10247-10064
Luis Augusto Turcios Lima	104-10183-10259
Luis Braulio VILLAR Negret	104-10073-10101
Luis Casas Campa	104-10100-10357
Luis Clements POSADA-Carriles	104-10178-10096
Luis FERNANDEZ Rocha	104-10181-10117
Luis Gonzalez	104-10076-10400
Luis Manuel Cantillo Toirac	104-10216-10398
Luis Noboa	104-10216-10073
Luis POSADA Carriles	104-10178-10046
Luis POSADA Carriles	104-10178-10052
Luis Sanchez	104-10231-10418
Luiz Ramirez	104-10183-10259
Luna	104-10170-10059
Luxe	104-10185-10030
Lyle Stuart	104-10175-10176
Lyndon B. Johnson	124-10326-10149
Lyndon B. Johnson	124-10326-10191
Lyndon B. Johnson	177-10002-10092
Lyon L. (Slug) Tyler	104-10122-10307
Lyon Sosa	104-10183-10259
M. Charles	104-10164-10088
M. D. Anderson Foundation	104-10116-10261
M. D. Anderson Foundation	104-10117-10203
M/V ADA	104-10308-10062
M/V BARB	104-10104-10271
M/V JADE	104-10104-10271
M/V SONORA	104-10104-10271
MA Department	104-10186-10308
MAAG	176-10036-10095
MACEO Masque, Antonio	104-10122-10135
MADARA	104-10098-10404
MADOO TULLIO RODRIGUES	104-10290-10046
MADR station	104-10077-10087
MAHEU, ROBERT	157-10004-10280
MAIJA reps	104-10183-10331
MAKI	104-10070-10272
MALLOCH	104-10182-10073
MANILA	104-10516-10239
MANUEL VEGA Y SOCIO	104-10101-10198
MANUILA	104-10098-10380
MAPRON	104-10100-10357
MARCOS PEREZ JIMENEZ	124-10284-10171
MARIA C. NIEMEYER	104-10512-10101
MARIA FRANCISCA CRESPO FALCON	104-10101-10109
MARIA FRANCISCA CRESPO FALCON	104-10290-10038
MARIABO SANTOS MOLINA	104-10229-10002
MARIOTRIVA PATTERSON	124-10058-10420
MARK	124-10158-10061
MARQUEZ	104-10101-10198
MARTHA B. DRANGELIS	104-10229-10002
MARTICORENA Castillo, Reynaldo	104-10122-10135
MARTIN GREENDLINGER	124-90037-10081
MATLACK, DIECTHEK. (MRS)	104-10177-10219
MATUSA TIME	104-10167-10375
MAURICE HYMAN	104-10172-10111
MAURICE HYMAN	104-10172-10112
MAYA	104-10062-10227
MC CONE, JOHN	178-10004-10053
MC CONE, JOHN	178-10004-10054
MDC	104-10171-10003
MDC	104-10220-10294
MDC	104-10231-10418
MEDER AZAKINT	104-10290-10199
MEDURIC EXPITODE	104-10100-10152
MEIRV BOW	104-10290-10199
MERIDA	104-10516-10227
MEX-87	124-10279-10258
MEXI	104-10077-10112
MEXI	104-10093-10065
MEXI	104-10100-10090
MEXI	104-10100-10185
MEXI	104-10100-10239
MEXI	104-10101-10134
MEXI	104-10171-10095
MEXI	104-10171-10106
MEXI	104-10180-10176
MEXI	104-10183-10261
MEXI	104-10185-10315
MEXI	104-10216-10273
MEXI	104-10219-10418
MEXI	104-10516-10195
MEXI	104-10516-10239
MEXI	104-10528-10056
MEXI	104-10529-10277
MEXI	104-10529-10367
MEXI 6384	104-10092-10267
MEXI 7156	104-10171-10097
MEXI 7184	104-10171-10097
MEXI 7218	104-10097-10170
MEXI 7334	104-10516-10214
MEXI 7403	104-10098-10391
MEXI 7479	104-10098-10391
MEXICANA	104-10219-10418
MEXICO	104-10100-10086
MEXICO	124-90137-10355
MEXICO CITY	104-10100-10200
MEXICO CITY	104-10101-10124
MEXICO CITY	104-10290-10038
MEXICO CITY	104-10516-10227
MEXICO CITY	104-10528-10052
MEXICO CITY	104-10529-10330
MHAPRON	104-10216-10148
MHAPRON	104-10216-10273
MHAPRON	104-10234-10069
MHCHAOS program	104-10433-10209
MHHARSH Installation	104-10187-10009
MHMUTUAL	104-10229-10002
MHSPAWN	104-10218-10035
MHVIPER	104-10183-10139
MI-5	104-10104-10262
MI-5	124-10058-10420
MI-5	124-10181-10009
MI-6	104-10226-10045
MI-6	124-10058-10420
MI-6	124-10181-10009
MI-6	124-90137-10284
MIDW	104-10529-10367
MIERA Bonis, Arturo	104-10122-10135
MIG fighter plane	124-90092-10016
MIGALE/2	104-10077-10382
MIGNEL SHULTZ	104-10101-10198
MIGUEL ANGEL ESPINOSA BRAVO	104-10183-10039
MIK	104-10171-10021
MIL/1	104-10121-10174
MINIIN	104-10173-10104
MINIMER	104-10101-10256
MIPASHA	104-10064-10012
MIQUEZ Funez, Crestes	104-10122-10135
MIR	176-10036-10058
MIRAVELIN	104-10216-10075
MIRIAM FINKELMAN	124-10291-10319
MIRO Cardona	104-10227-10150
MIRO Cardona	104-10232-10004
MIRO Cardona	104-10232-10019
MIRO Cardona	104-10236-10056
MIRR	104-10164-10050
MISEREOR	104-10175-10152
MITCHELL LIVINGSTON WERBELL	124-90124-10092
MKN	104-10101-10109
MNTY	104-10185-10315
MOKKY	104-10101-10198
MONGOOSE	202-10001-10203
MONTANO	104-10183-10347
MORALES CARBALLO	104-10180-10042
MORAN	104-10220-10294
MOVIMIENTO REVOLUCIONARIO DEL PUEBLO	104-10226-10087
MOVIMIENTO REVOLUCIONARIO DEL PUEBLO	124-10291-10236
MOWTHEAJ	104-10290-10162
MR	124-10291-10236
MR	124-10300-10012
MRAC	104-10308-10023
MRP	104-10171-10003
MRP	104-10179-10121
MRP	104-10192-10284
MRP	104-10226-10090
MRP	104-10232-10018
MRR	104-10171-10003
MRR	104-10193-10016
MRR	104-10226-10090
MRR	104-10231-10418
MRR	104-10234-10083
MRR	124-90110-10083
MRR	176-10036-10051
MRR Group	198-10005-10017
MT. VERNON BLVD	104-10185-10252
MUNOZ de Juan, Mario	104-10122-10135
MURDER	124-10284-10172
MURO	104-10218-10035
MVD agent	124-90137-10488
MZF	124-10212-10160
Machine Listings	104-10051-10170
Machines Bull	104-10106-10716
Mackey Airlines	104-10165-10169
Madrid	104-10073-10113
Madrid	104-10161-10330
Madrid	104-10161-10331
Madrid	104-10173-10130
Madrid	104-10173-10132
Madrid	104-10181-10099
Madrid	104-10216-10002
Madrid	104-10216-10238
Madrid	124-10114-10010
Madrid	124-10115-10027
Madrid	124-10291-10319
Madrid Station	104-10103-10038
Mafia	104-10106-10325
Mafia	104-10308-10029
Mafia	157-10002-10105
Mafia	157-10002-10106
Mafia Connection	157-10011-10048
Magnolia	104-10172-10147
Magnum pistols	104-10076-10217
Magonetti	104-10185-10030
Mai Huu Xuan	176-10037-10452
Mail Coverage	124-10273-10070
Mail Recovery	104-10185-10253
Mailing	104-10100-10185
Main Index	104-10051-10170
Malaysia	177-10002-10096
Malaysia	177-10002-10098
Managua	104-10129-10027
Managua	104-10129-10033
Managua	124-90124-10055
Manfredi	104-10185-10030
Mangold Institute	124-10291-10319
Mangold Litigation	104-10332-10009
Manifestation	104-10308-10208
Manila	104-10123-10223
Manila	104-10290-10210
Mann Act	157-10004-10280
Manola Ray	104-10179-10121
Manolito	104-10169-10017
Manolo RAY Rivero	104-10160-10207
Manolo RAY Rivero	104-10237-10120
Manolo Ray	104-10179-10025
Manolo Ray	104-10179-10122
Manolo Ray	104-10179-10195
Manolo Ray	104-10192-10284
Manolo VEGA Abril	104-10163-10065
Manuel (Campanioni) Souza	104-10076-10442
Manuel (Vigos) Perez	104-10181-10099
Manuel ARTIME	104-10160-10207
Manuel ARTINE	104-10237-10120
Manuel Antonio de Varona Loredo	124-90110-10083
Manuel Aragon	104-10100-10152
Manuel Aregon	104-10528-10149
Manuel Artime	176-10036-10051
Manuel Artime y Buesa	104-10162-10107
Manuel BLANCO Navarro	124-90041-10023
Manuel ESTEVEZ Perez	104-10186-10382
Manuel F. ARTIME Buesa	104-10110-10242
Manuel F. ARTIME Buesa	104-10110-10243
Manuel F. ARTIME Buesa	104-10110-10245
Manuel Fuego	124-90124-10055
Manuel Joue Ortega Paz	104-10183-10259
Manuel PINEIRO	104-10180-10044
Manuel PINEIRO Lozada	104-10234-10148
Manuel Perez Borroto	104-10229-10097
Manuel Perez Hernandez	104-10247-10064
Manuel Ray	104-10179-10088
Manuel Ray	104-10179-10104
Manuel Ray	104-10180-10062
Manuel Ray	104-10192-10266
Manuel Ray	104-10298-10184
Manuel Ray	104-10306-10010
Manuel Ray Rivero	124-10225-10195
Manuel VILLAFANA	104-10160-10207
Manuscript	104-10326-10101
Mao Tse Tung	124-90140-10012
Mao Tse Tung	176-10037-10440
Mapping Work	104-10166-10158
Marco Robles	104-10235-10018
Marianna Argüelles	104-10308-10165
Mariano Virgilio de la Caridad (Ramirez) Alarcon	104-10076-10295
Marina Garcia Gonzalez	104-10216-10398
Marina Oswald	104-10004-10213
Marine Corps	104-10326-10045
Mario Brod	104-10119-10040
Mario De La Guardia	104-10093-10266
Mario Garcia Kohly	124-90124-10055
Mario Monteforte Toledo	104-10175-10176
Mario Rogerio Mestrinho de Mello	104-10308-10165
Mario Sosa Navarro	104-10187-10208
Marital Status	104-10129-10002
Maritime Activity	104-10227-10153
Maritime Operations	104-10167-10375
Maritime Reception Points	104-10172-10147
Maritime Vessel	104-10104-10271
Maritime c/0	104-10077-10285
Mark Lane	124-10062-10456
Mark Lane	124-10320-10087
Mark Tischman	124-90140-10012
Marrero Piedra	104-10072-10212
Marshall Foundation	104-10116-10261
Marshall Foundation	104-10117-10203
Marta Valdes Iernandez	104-10097-10077
Marti	104-10076-10375
Martin	104-10219-10143
Martin Fox	124-10212-10160
Martin Luther King	104-10066-10010
Martin Luther King	104-10120-10502
Martin Luther King	104-10147-10304
Martin Luther King	104-10173-10166
Martin Luther King	104-10433-10212
Martin Luther King Jr.	104-10071-10139
Martin Luther King Jr.	104-10072-10034
Martin Luther King Jr.	104-10178-10136
Martin Luther King Jr.	104-10322-10056
Martin Luther King Jr.	104-10433-10209
Martin Luther King, Jr.	104-10433-10050
Martinique	104-10061-10053
Martinique	104-10164-10088
Marxist-Leninist	124-90140-10012
Maryland	104-10110-10433
Maryland	104-10180-10218
Maryland	104-10185-10205
Maryland	104-10185-10244
Masferrer	124-10279-10258
Master 201 Record	104-10051-10170
Matanzas Province	104-10076-10375
Matanzas Province	104-10216-10148
Mateos	124-10279-10258
Material	176-10036-10078
Matthew E. Ontrich	104-10100-10357
Maude L. Burris	104-10219-10143
Maurice Halperin	104-10069-10359
Maurice Henri Martin	104-10106-10716
Maurice Hyman HALPERIN	104-10172-10107
Maurice Oldfield	104-10226-10045
Mauricio Carlavilla	104-10167-10297
Maximo Gomez	104-10076-10375
May Day	176-10036-10027
Maza Paez	104-10072-10212
McCarran Act	104-10172-10111
McCone	124-10325-10318
McCone	157-10014-10109
McCone, John	157-10002-10106
McLendon	104-10177-10220
Mchawad	104-10174-10058
Medallion	104-10256-10187
Medara Silva	104-10075-10203
Media	104-10216-10002
Media	104-10236-10075
Media	104-10326-10045
Media Relations	104-10221-10310
Medical	104-10245-10007
Medical Aid	177-10002-10092
Medical Evaluation	104-10250-10035
Medical Program	104-10245-10000
Medical Supplies	104-10215-10035
Meeting	104-10216-10002
Meetings	104-10170-10125
Meetings	104-10187-10071
Meetings	104-10187-10149
Meinturff	104-10217-10228
Melvin L. Manfull	176-10036-10138
Memoirs	104-10105-10277
Memoirs	104-10105-10293
Memorandum of Oral Commitment	104-10167-10375
Mendoza	104-10179-10022
Menez Gonzalez	104-10072-10212
Mercenary	104-10182-10073
Merida	104-10529-10182
Meritorious Achievement	104-10124-10037
Message Relay	104-10180-10179
Methodology	180-10131-10324
Mexican Ambassador	124-90137-10488
Mexican Apostolic Catholic Church	104-10074-10413
Mexican Consulate	104-10179-10143
Mexican Diplomatic Plates	104-10180-10050
Mexican Driver's License	104-10185-10247
Mexican Government	104-10310-10118
Mexican Liaison	104-10326-10087
Mexican Political Parties	124-10279-10258
Mexican Voters Certificate	104-10185-10247
Mexican visitor's visa	104-10101-10247
Mexico	104-10062-10227
Mexico	104-10066-10010
Mexico	104-10070-10272
Mexico	104-10072-10001
Mexico	104-10075-10232
Mexico	104-10075-10250
Mexico	104-10076-10000
Mexico	104-10077-10136
Mexico	104-10095-10075
Mexico	104-10095-10161
Mexico	104-10097-10077
Mexico	104-10100-10223
Mexico	104-10100-10319
Mexico	104-10100-10424
Mexico	104-10101-10054
Mexico	104-10112-10450
Mexico	104-10119-10183
Mexico	104-10147-10304
Mexico	104-10161-10144
Mexico	104-10171-10097
Mexico	104-10171-10220
Mexico	104-10175-10085
Mexico	104-10175-10176
Mexico	104-10179-10182
Mexico	104-10180-10044
Mexico	104-10183-10260
Mexico	104-10186-10264
Mexico	104-10187-10030
Mexico	104-10187-10103
Mexico	104-10213-10002
Mexico	104-10218-10035
Mexico	104-10218-10083
Mexico	104-10218-10097
Mexico	104-10219-10282
Mexico	104-10219-10283
Mexico	104-10269-10079
Mexico	104-10290-10309
Mexico	104-10308-10165
Mexico	104-10338-10018
Mexico	124-10212-10160
Mexico	176-10036-10058
Mexico	177-10002-10069
Mexico	177-10002-10070
Mexico	177-10002-10096
Mexico City	104-10012-10022
Mexico City	104-10012-10024
Mexico City	104-10072-10228
Mexico City	104-10074-10413
Mexico City	104-10092-10202
Mexico City	104-10100-10247
Mexico City	104-10105-10293
Mexico City	104-10119-10220
Mexico City	104-10119-10338
Mexico City	104-10119-10339
Mexico City	104-10129-10033
Mexico City	104-10129-10438
Mexico City	104-10129-10439
Mexico City	104-10130-10343
Mexico City	104-10130-10344
Mexico City	104-10130-10381
Mexico City	104-10161-10193
Mexico City	104-10171-10093
Mexico City	104-10172-10107
Mexico City	104-10172-10111
Mexico City	104-10173-10104
Mexico City	104-10175-10179
Mexico City	104-10177-10224
Mexico City	104-10180-10042
Mexico City	104-10185-10110
Mexico City	104-10187-10009
Mexico City	104-10187-10014
Mexico City	104-10188-10015
Mexico City	104-10211-10146
Mexico City	104-10218-10060
Mexico City	104-10222-10043
Mexico City	104-10248-10203
Mexico City	104-10301-10010
Mexico City	104-10326-10068
Mexico City	104-10326-10101
Mexico City	104-10413-10306
Mexico City	104-10431-10091
Mexico City	104-10516-10338
Mexico City	104-10527-10421
Mexico City	104-10529-10329
Mexico City	124-10239-10171
Mexico City	157-10004-10144
Mexico City	177-10001-10445
Mexico City	180-10110-10100
Mexico City	180-10131-10324
Mexico City Station	104-10332-10020
Mexico City Support	104-10187-10003
Miami	104-10075-10232
Miami	104-10078-10020
Miami	104-10104-10094
Miami	104-10104-10271
Miami	104-10129-10264
Miami	104-10162-10120
Miami	104-10167-10083
Miami	104-10167-10190
Miami	104-10169-10269
Miami	104-10170-10036
Miami	104-10177-10217
Miami	104-10183-10384
Miami	104-10221-10222
Miami	104-10226-10011
Miami	104-10229-10097
Miami	104-10234-10088
Miami	124-10212-10160
Miami	124-10285-10254
Miami	124-90110-10072
Miami	124-90135-10074
Miami	178-10002-10091
Miami Herald	104-10048-10124
Miami Herald	104-10072-10289
Miami Herald	104-10192-10266
Miami Herald	104-10298-10095
Miami Herald	104-10298-10184
Miami News	104-10298-10095
Miami Station	157-10011-10083
Miami Station	178-10002-10215
Miami Station	178-10002-10279
Michael Brown	124-90140-10012
Michael H. Martuffi	104-10179-10195
Michael Stratton	104-10114-10163
Michael WYNNE-ELLIS	104-10263-10139
Michael Weimer Stratton	104-10114-10162
Michel Chidiac	104-10100-10239
Michell Livingston WerBELL	104-10182-10128
Microdots	124-10273-10070
Migration Study	104-10183-10384
Miguel Los Santos DELGADO Martinez	104-10229-10002
Mike Hoare	104-10182-10073
Milan	104-10185-10024
Military	104-10075-10099
Military	104-10103-10112
Military	104-10302-10020
Military	176-10036-10179
Military Academy at Camp Managua	104-10185-10117
Military Action	104-10228-10083
Military Action	104-10232-10004
Military Aid	177-10002-10101
Military Camp	104-10075-10099
Military Cover	104-10110-10328
Military Cover	104-10110-10340
Military Cover	104-10112-10186
Military Cover	104-10112-10204
Military Cover	104-10129-10027
Military Cover	104-10131-10028
Military Cover	104-10131-10111
Military Cover	104-10161-10115
Military Cover	104-10161-10154
Military Documentation	104-10161-10115
Military Equipment	104-10098-10404
Military Equipment	104-10308-10168
Military Intervention	176-10036-10073
Military Maneuvers	104-10075-10099
Military Mobilization	124-10225-10195
Military Officers	104-10308-10269
Military Operations	104-10173-10135
Military Operations	176-10036-10087
Military Service	104-10117-10076
Military Service	104-10129-10002
Military Shipments	198-10009-10099
Military Subversion	176-10036-10097
Military Support	176-10036-10102
Military Weekly Summary	197-10002-10190
Military communications	198-10007-10022
Military installations	104-10171-10013
Military training	104-10171-10106
Militia	104-10308-10163
Milton Lywn	104-10100-10394
Mimi	104-10519-10184
Minerals	104-10265-10141
Mining Tax	104-10177-10219
Minister of Interior	104-10186-10004
Ministry of Health	104-10097-10077
Ministry of Health	104-10516-10103
Ministry of Industries	104-10097-10360
Ministry of Interior	176-10036-10094
Minox Cameras	104-10169-10017
Minsk	104-10326-10010
Minsk	104-10326-10013
Minsk	104-10326-10077
Miro	104-10192-10266
Miro	104-10298-10184
Miro Cardona	104-10179-10182
Missile Crisis	176-10036-10027
Missiles	104-10308-10163
Missiles in Cuba	124-90139-10138
Missing Package	104-10077-10076
Missouri State Penitentiary	104-10071-10404
Mitchell L. WER-BELL	104-10182-10137
Mitchell Livingston Werbell	124-90124-10055
Mobilization	124-10225-10195
Mobutu	104-10182-10073
Modernization	176-10037-10494
Modesto Orlando Crozco Basulto	104-10234-10102
Modesto Orlando Orozco Basulto	104-10216-10398
Modesto VENTOSO 05 Mendes	104-10166-10068
Mollie BLOCK	104-10164-10032
Molotov	104-10014-10064
Moncada	104-10308-10269
Mongo	104-10171-10003
Monica Kramer	104-10165-10077
Montagnard Cadres	176-10037-10460
Montagnards	178-10003-10001
Monte Cri	104-10170-10059
Montevideo	104-10186-10004
Montiel	104-10169-10269
Montreal	104-10164-10032
Moore Commercial Company	104-10248-10203
Morales	104-10121-10304
Morffi Machado	104-10179-10027
Morocco	177-10002-10102
Morris BLOCK	104-10164-10032
Moscow	104-10069-10359
Moscow	104-10071-10239
Moscow	104-10101-10239
Moscow	104-10121-10304
Moscow	104-10164-10032
Moscow	104-10172-10201
Moscow	104-10187-10071
Moscow	104-10218-10060
Moscow	104-10326-10010
Moscow	104-10414-10002
Moscow	176-10036-10027
Moscow Travel	104-10187-10109
Mosler Safe Company	124-90138-10073
Motivation	104-10215-10146
Motorola	104-10179-10167
Movimiento Democrata Cristiano	104-10220-10293
Movimiento Democratica Cristiano (MDC)	104-10115-10074
Movimiento Izquierda Revolucionario	176-10036-10058
Movimiento Revolucionario Del Pueblo	104-10179-10121
Movimiento Revolucionario Popular (MRP)	176-10036-10052
Movimiento de Liberacion Democratico Revolucionario	104-10221-10222
Movimiento de Recuperacion Revolucionaria	176-10036-10051
Mowerco Nunez	104-10073-10133
Mr. Morris	104-10529-10330
Mrs. Geddes	104-10172-10177
Multilateral Forces	104-10306-10016
N. Parrisson	104-10169-10135
NAC	104-10117-10296
NAME CHECK	104-10185-10024
NARA	104-10337-10014
NARA	176-10037-10440
NASTY Craft	104-10306-10010
NATO	104-10306-10016
NB Division	104-10009-10021
NE Division	104-10009-10021
NE Division	104-10012-10076
NE Security Officer	104-10120-10271
NEG	124-10212-10160
NENOTO Gutierrez	104-10160-10207
NEWSMAN	104-10175-10101
NGO Dinh Nhu	176-10036-10138
NIACP	104-10183-10011
NICOLAS RODRIGUEZ AZTARAEN	124-10300-10012
NIDOER AKANET	104-10290-10199
NIGALE	104-10077-10382
NIGHT 38	104-10187-10117
NIL	104-10180-10176
NOC	104-10326-10087
NODEC TON	104-10516-10239
NOFORN	104-10220-10294
NORMAND POULIN	104-10519-10182
NOSENKO	104-10106-10300
NOSENKO	104-10106-10312
NOSENKO	104-10226-10001
NOSENKO	104-10534-10173
NOSENKO 1964 REPORTINGS	124-90155-10008
NRO	104-10306-10011
NRO	124-10279-10258
NRO Activities	104-10306-10010
NRO agreement	178-10004-10053
NSA	104-10219-10283
NSC	198-10004-10076
NSC Executive Committee	198-10004-10076
NUEVE	104-10076-10400
NWBOLTAN	104-10326-10077
NWBOLTON	104-10326-10087
NY 3186-PS	124-90137-10468
Name Change	104-10076-10416
Name Check	104-10006-10247
Name Check	104-10119-10225
Name Check	104-10162-10121
Name Check	104-10241-10249
Name Check	124-10163-10134
Names	104-10234-10105
Names	104-10529-10196
Narciso NAVARRO	124-90041-10023
Narcotics	104-10178-10096
Narcotics	124-10212-10160
Narcotics	177-10002-10069
Narcotics Control	177-10002-10070
Narcotrafficking	104-10326-10087
Narimany	104-10130-10356
National Agency Checks	104-10117-10296
National Agency Checks	104-10131-10099
National Assembly Election	176-10036-10142
National Council of Churches	124-10273-10104
National Day Parade	176-10036-10142
National Day celebrations	176-10036-10137
National Defense Council	104-10165-10084
National Economy	104-10186-10099
National Economy	104-10186-10308
National Education Association	104-10116-10261
National Education Association	104-10117-10203
National Guard of Panama	157-10004-10095
National Intelligence Estimates	176-10030-10422
National Police	104-10048-10252
National Police	176-10038-10032
National Security	104-10173-10135
National Security	104-10332-10020
National Security	176-10036-10086
National Security	198-10004-10076
National Security Action Memoranda	198-10004-10076
National Sovereignty	104-10070-10272
National Student Association	124-10273-10104
Nationalist China	176-10037-10454
Nationalities Intelligence Section	124-90137-10467
Nationalities Intelligence Section	124-90138-10004
Nationalities Intelligence Section	124-90139-10002
Natolo Ray	104-10179-10195
Naval Attache	104-10221-10222
Naval promotions	104-10177-10219
Navy	104-10308-10086
Nebiolo	104-10528-10053
Nechiporenko	104-10326-10092
Negotiation Now!	104-10063-10206
Negotiation Now!	104-10071-10060
Neriolo	104-10100-10087
Nestor Sanchez	157-10011-10083
Netherlands Consul	104-10170-10037
Netherlands Embassy	104-10093-10266
Network	104-10075-10203
Neutralist Solution	176-10036-10085
Neutralist Solution	176-10037-10453
Neutrality	176-10036-10102
New China News Agency	104-10066-10076
New China News Agency	104-10095-10276
New Orleans	104-10104-10172
New Orleans	104-10104-10271
New Orleans	104-10181-10117
New Orleans	124-90137-10230
New Orleans	178-10002-10091
New South Wales	104-10107-10089
New York	104-10103-10103
New York City	104-10217-10228
New York City	124-90137-10467
New York FBI	104-10107-10135
New York FBI	104-10107-10137
New York Office	104-10069-10112
News Clippings	104-10062-10227
Newsweek	104-10108-10026
Ngo Dinh Can	176-10036-10078
Ngo Dinh Diem	176-10036-10099
Ngo Dinh Diem	176-10036-10116
Ngo Dinh Diem	176-10036-10137
Ngo Dinh Diem	176-10037-10452
Ngo Dinh Diem	176-10037-10453
Ngo Dinh Nhu	176-10036-10094
Ngo Dinh Nhu	176-10036-10104
Ngo Dinh Nhu	176-10036-10113
Ngo Dinh Nhu	176-10036-10117
Ngo Dinh Nhu	176-10036-10139
Ngo Dinh Nhu	176-10036-10143
Ngo Dinh Nhu	176-10037-10494
Nguyen Chanh Thai	176-10037-10491
Nguyen Duy Bach	176-10036-10138
Nguyen Hoang Cuong	176-10036-10139
Nguyen Khanh	176-10036-10131
Nguyen Khanh	176-10036-10134
Nguyen Khanh	176-10036-10142
Nguyen Ngoc Tho	176-10036-10115
Nguyen Ngoc Tho	176-10036-10117
Nguyen Ngoc Tho	176-10036-10139
Nhu	176-10036-10095
Niarchus	104-10122-10344
Nicaragua	104-10129-10027
Nicaragua	104-10163-10136
Nicaragua	104-10216-10075
Nicaragua	104-10338-10018
Nicaragua	124-90124-10055
Nicaragua	176-10011-10152
Nicaragua	176-10036-10051
Nicaragua	178-10003-10001
Nicholas Kagak	104-10106-10716
Nickel Supply	202-10001-10203
Nicolas	104-10072-10212
Nicolas Georges DAMASCOU	104-10219-10282
Nikolay Ivanovich CAMAROW	104-10173-10104
Nikolay Sergeyevich LEONOV	104-10173-10104
Nikolayev	104-10227-10003
Nikonov	104-10014-10064
Nils DIAZ	104-10160-10207
Nina Stevens	124-10279-10209
No Coexistence	104-10101-10175
Noah SEBORER	104-10172-10107
Noel Pallais	124-90124-10055
Non-Official Cover	104-10103-10038
Non-surfacable Leads	104-10183-10276
Nonofficial Cover	104-10182-10128
Nonstaff Personnel	104-10439-10113
Nora BRITZIUS	104-10049-10375
Norlando Mirret	104-10308-10269
Norma Valverde	104-10097-10069
Norman Mailer	104-10326-10013
North Korea	104-10302-10030
North Vietnam	104-10290-10190
North Vietnam	104-10306-10010
North Vietnam	176-10036-10088
North Vietnam	176-10037-10460
North Vietnam Plan	178-10003-10001
North Vietnam Presence	178-10003-10001
Norway	104-10433-10050
Nosenko	104-10059-10188
Nosenko	104-10227-10003
Nosenko	104-10332-10009
Nosenko	177-10001-10445
Noshenko	104-10172-10255
Nuclear Weapons	104-10165-10077
Nueva Papelera de Puentes Grandes	104-10093-10266
Nuevitas	104-10512-10110
Nuevo Laredo	104-10180-10044
Nuitz Rojas	104-10072-10212
OAS	104-10101-10175
OAS	104-10131-10010
OAS	104-10186-10410
OAS	104-10187-10103
OAS	104-10302-10020
OAS	104-10306-10018
OAS	124-90139-10138
OAS Spain	104-10077-10087
OBYEDKOV	104-10177-10224
ODA Makoto	104-10064-10012
ODACID	104-10103-10112
ODACID	104-10179-10195
ODACID	104-10183-10039
ODACID POLIT OFFICER	104-10179-10195
ODCA	104-10192-10110
ODCOIL	104-10100-10394
ODCOIL	104-10529-10182
ODENVY	104-10076-10295
ODENVY	104-10076-10442
ODENVY	104-10172-10137
ODENVY	104-10179-10209
ODENVY	104-10181-10152
ODENVY	104-10183-10376
ODENVY	104-10216-10073
ODENVY	104-10217-10196
ODENVY	104-10221-10032
ODENVY	104-10527-10277
ODIBEX	104-10070-10079
ODON ALVAREZ DELALA CAMPA	104-10077-10369
ODYOKE	104-10170-10051
ODYOKE	104-10179-10143
ODYOKE	104-10183-10437
ODYOKE	104-10216-10046
ODYOKE	104-10218-10083
ODYOKE	104-10228-10045
ODYOKE	104-10234-10101
ODYOKE	104-10234-10155
ODYOKE	104-10236-10053
ODYOKE	104-10236-10054
ODYOKE	104-10256-10208
ODYOKE	104-10308-10023
ODYOKE	104-10308-10053
ODYOKE	104-10308-10054
OEL-30,995	104-10179-10122
OENO	124-90137-10067
OENO	124-90137-10230
OI Code	104-10051-10170
OI codes	104-10023-10087
OI codes	104-10087-10054
OI codes	104-10143-10088
OI codes	104-10213-10202
OI codes	104-10213-10352
OI codes	104-10406-10139
OI codes	104-10408-10316
OIAMI	104-10180-10178
OKENVY	104-10216-10046
OLEAN	104-10326-10078
OLIVA Cantu, Oscar	104-10122-10135
OLT 713	104-10171-10097
OPC Staff Agent	104-10119-10339
OPC Staff Employee	104-10119-10338
OPC Staff Employee	104-10119-10339
OPERATION MONGOOSE	157-10002-10165
OPERATION MONGOOSE	178-10004-10053
OPERATION MONGOOSE	178-10004-10054
OPMEMO 20-800-11	104-10161-10001
OPN JEAN 111	104-10172-10059
OPS OFF	104-10131-10014
ORD	104-10111-10086
ORIZONDO Meneses	104-10234-10105
ORLANDO PIEDRA	124-10332-10047
OROZCO Basulto	104-10234-10105
OS Indices	104-10119-10225
OSA Amat, Jorge de le	104-10122-10135
OSD	104-10129-10034
OSD/OS	104-10110-10340
OSI	124-90092-10001
OSILY KUBARIK	104-10290-10199
OSS	104-10119-10040
OSVALDO RAMIREZ GROUP	104-10169-10265
OSWALD	104-10065-10028
OSWALD	104-10210-10020
OSWALD	124-10058-10420
OSWALD	124-10158-10061
OSWALD, LEE	180-10110-10100
OTR	104-10112-10450
OTS	104-10066-10076
OTTA	104-10101-10256
OTTAMA	104-10101-10256
OTTAWA	104-10234-10124
OTTAWA	104-10290-10199
OTTO	104-10076-10277
OTTOKE	104-10101-10256
OXCART	177-10001-10445
OXCART	178-10004-10053
OXTANK	124-90092-10001
OXTANK	124-90092-10002
Observation	104-10215-10139
Observation	104-10267-10196
Odessa	180-10143-10100
Office of Coordinator and Special Advisor	124-90037-10081
Office of Finance	104-10103-10038
Office of General Counsel	104-10107-10089
Office of Price Stabilization	104-10122-10307
Office of Security	104-10106-10312
Office of Security	104-10110-10245
Office of Security	104-10112-10450
Office of Security	104-10123-10219
Office of Security	104-10185-10244
Office of Security	104-10266-10138
Office of Security	157-10004-10270
Office of Special Investigations	124-90037-10081
Office of the Chief	104-10131-10014
Official Cover	104-10120-10275
Official Cover	104-10161-10154
Official Cover	104-10256-10428
Official Documentation	104-10120-10276
Official Release	104-10337-10014
Offshore Navigation Company	104-10104-10271
Ohio State University Research Foundation	104-10166-10158
Oil Industry	104-10215-10128
Ojeda	104-10308-10269
Oleg Maksimovich NECHIPORENKO	104-10173-10104
Oliver H. CORBUSTON	104-10063-10206
Oliver H. CORBUSTON	104-10071-10060
Oliverio A. TOMEU Vasallo	104-10237-10120
Oliverio Antonio TOMEU Vasallo	104-10160-10207
Oliveroy Riopa II	104-10072-10212
Olyguph Report	104-10266-10138
Onassis	104-10122-10344
Onassis	157-10011-10048
Onassis Shipping Co	157-10004-10280
Opa Locka	104-10069-10185
Open Sight Hood	104-10216-10234
Operating Component	104-10131-10111
Operating Component	104-10161-10115
Operation	104-10182-10073
Operation	104-10186-10410
Operation	104-10192-10266
Operation	104-10298-10184
Operation 24	104-10187-10103
Operation Alpha 66	124-90135-10074
Operation Antonico I	104-10172-10147
Operation Bolivar	104-10227-10153
Operation DT JOUNCE	104-10171-10138
Operation JEAN	104-10172-10062
Operation MONGOOSE	104-10306-10020
Operation Mongoose	157-10002-10105
Operation Mongoose	157-10002-10106
Operation Mongoose	157-10014-10109
Operation North Pole	104-10308-10189
Operation TYPIC/AMLEO	104-10308-10062
Operation Virgen del Cobre	104-10227-10153
Operational	104-10170-10121
Operational	104-10180-10138
Operational	104-10216-10273
Operational	104-10516-10239
Operational Advance	104-10174-10041
Operational Aid	104-10169-10139
Operational Approval	104-10098-10264
Operational Approval	104-10121-10366
Operational Approval	104-10162-10121
Operational Approval	104-10183-10366
Operational Approval	104-10211-10146
Operational Approval	104-10241-10249
Operational Approval	104-10254-10015
Operational Clearance	104-10114-10042
Operational Clearance	104-10166-10158
Operational Clearance	104-10250-10267
Operational Debriefing	104-10308-10023
Operational Expenditures	104-10103-10038
Operational Expenses	104-10194-10024
Operational Intelligence	104-10072-10289
Operational Intelligence	104-10221-10310
Operational Plan	104-10103-10079
Operational Review	104-10102-10237
Operational Review	104-10103-10112
Operational Security	104-10121-10091
Operational Support	104-10048-10124
Operational Use	104-10128-10300
Operational Use	104-10183-10366
Operational Use	104-10185-10247
Operational Use	104-10213-10209
Operational Use	104-10439-10113
Operations	104-10062-10227
Operations	104-10075-10200
Operations	104-10088-10070
Operations	104-10102-10224
Operations	104-10119-10183
Operations	104-10163-10065
Operations	104-10165-10004
Operations	104-10170-10051
Operations	104-10179-10025
Operations	104-10180-10165
Operations	104-10180-10180
Operations	104-10183-10022
Operations	104-10183-10260
Operations	104-10187-10030
Operations	104-10307-10024
Operations	104-10308-10086
Operations	104-10534-10173
Operations	124-90092-10016
Operations Branch	104-10301-10008
Operations Directorate	104-10051-10170
Operations Directorate	104-10087-10054
Operations Directorate	104-10088-10074
Operations Directorate	104-10143-10088
Operations Directorate	104-10213-10202
Operations Directorate	104-10406-10139
Operations Directorate	104-10408-10316
Operations Familiarization Course	104-10111-10044
Operations Familiarization Course	104-10111-10045
Operations Officer	104-10303-10003
Operations Officer	104-10304-10000
Operative Data	104-10186-10308
Opinion estudiantil	104-10167-10297
Opposition	176-10036-10078
Opposition Groups	104-10226-10087
Ops Off	104-10129-10027
Ora Ercuns	104-10076-10416
Oranienburg Garrison	197-10002-10190
Oreste Tamayo	104-10075-10203
Organizacion Autentica	104-10180-10215
Organization	104-10301-10008
Organization of American States	124-90139-10138
Organization of American States	198-10004-10076
Organizational affiliation	104-10120-10271
Organizations	104-10072-10013
Organizations	104-10117-10076
Organized Crime	104-10107-10089
Organized Crime	157-10014-10242
Organized Crime	178-10002-10215
Orlando BLANCO	104-10163-10019
Orlando Blanco	104-10216-10398
Orlando Bosch	104-10177-10217
Orlando Bosch	104-10192-10229
Orlando Bosch Avila	104-10164-10050
Orlando Fernandez	104-10308-10269
Orlando Letelier	104-10177-10217
Orlando Piedra	157-10004-10095
Orlando VELAZCO	124-90041-10023
Orozco	104-10247-10097
Osiel GONZALEZ	104-10160-10207
Oslo	104-10433-10050
Osorio Davila	104-10179-10104
Osvaldo RELOVA	104-10186-10264
Osvaldo RELOVA Penichet	104-10185-10105
Osvaldo Ramirez	104-10232-10018
Osvaldo Soto	104-10231-10418
Oswald	104-10004-10156
Oswald	104-10014-10064
Oswald	104-10059-10188
Oswald	104-10326-10092
Oswald	124-10181-10009
Oswald files	104-10326-10074
Overdue Payment	104-10185-10205
Overseas Assignment	104-10129-10027
Overseas Assignment	104-10130-10305
Overseas Processing	104-10113-10030
Overseas Realty Survey Associates	104-10527-10421
Overseas Riralty Survey Associates	104-10100-10247
Overseas Stations	104-10186-10008
Overseas Travel	104-10121-10304
Overthrow	104-10171-10220
Overthrow	104-10182-10073
Overthrow	176-10036-10103
Owiel GONZALEZ	104-10237-10120
P-6 boats	104-10076-10400
P.O.BOX 1767	104-10101-10124
PA-PROP Asset	104-10129-10264
PAA Flights	104-10275-10176
PAA flights	104-10179-10182
PACETTE	104-10183-10436
PACHANKIS	104-10181-10099
PACY	104-10235-10018
PADBAYON/1	104-10217-10196
PADRON Gonzalez, Rodolfo Armon	104-10122-10135
PAFLIPPER	104-10071-10122
PALLARS YEAR	104-10180-10233
PALP	104-10092-10267
PALP	104-10101-10134
PALP	104-10528-10149
PARI 1548	104-10220-10224
PARI 4520	104-10519-10182
PARI 4521	104-10519-10182
PARIS/L/PIPIT	104-10100-10152
PARIS/PIPI	104-10528-10149
PARTIAL CONSOLIDATION REQUEST	104-10185-10024
PARTY LEADERS	104-10516-10227
PASSON AB PUEREL	104-10100-10319
PASTRANA SANTOS	104-10229-10002
PASY	104-10170-10096
PAVLOV	104-10172-10279
PB	104-10129-10034
PBPRIME	104-10097-10360
PBPRIME	104-10171-10003
PBPRIME	104-10216-10073
PBPRIME	104-10220-10294
PBPRIME	104-10227-10121
PBPRIME	104-10308-10053
PBPRIMER	104-10308-10086
PBPRINE	104-10171-10020
PBQ	104-10211-10146
PBRIUMEN	104-10093-10010
PBRUMEN	104-10072-10227
PBRUMEN	104-10103-10112
PBRUMEN	104-10170-10036
PBRUMEN	104-10170-10051
PBRUMEN	104-10171-10003
PBRUMEN	104-10172-10133
PBRUMEN	104-10172-10147
PBRUMEN	104-10172-10177
PBRUMEN	104-10179-10209
PBRUMEN	104-10183-10011
PBRUMEN	104-10183-10037
PBRUMEN	104-10183-10037
PBRUMEN	104-10183-10139
PBRUMEN	104-10183-10239
PBRUMEN	104-10183-10325
PBRUMEN	104-10183-10331
PBRUMEN	104-10183-10335
PBRUMEN	104-10188-10015
PBRUMEN	104-10215-10188
PBRUMEN	104-10216-10397
PBRUMEN	104-10229-10097
PBRUMEN	104-10234-10069
PBRUMEN	104-10234-10115
PBRUMEN	104-10234-10124
PBRUMEN	104-10308-10086
PBRUMEN	104-10517-10121
PBRUXEN	104-10215-10139
PBSWING	104-10097-10170
PCA READERS	104-10516-10227
PCES	104-10183-10276
PCES	104-10187-10109
PCI	104-10101-10054
PCI	104-10529-10277
PCM	104-10062-10227
PCM	104-10098-10328
PCM	124-10279-10258
PCS	104-10110-10095
PCS	104-10129-10027
PCS	104-10130-10381
PCS Overseas Evaluation	104-10250-10035
PCS Reports	104-10414-10002
PCSA	104-10076-10416
PCSA	104-10078-10020
PD DIPPERS	104-10172-10255
PDL	124-10221-10229
PDL	124-10221-10231
PDLADLE	104-10172-10255
PEDRAZA	104-10234-10105
PEDROS MOUTSOS	124-90140-10005
PEG	104-10290-10055
PEGA CALA	104-10516-10239
PERDIGON Figarola, Pedro	104-10122-10135
PEREIRA Gonzalez	104-10180-10042
PERELETOV	104-10172-10279
PERES ALFONSO	104-10180-10042
PERGREN AMSTONE	104-10076-10153
PERIMETER Group	104-10179-10233
PEROMEN	104-10100-10394
PERROSO Amores, Acelo	104-10122-10135
PERSONAL HISTORY	124-10291-10319
PERUEN	104-10076-10116
PERUEN	104-10183-10232
PERUKEN	104-10100-10394
PERUKKN	104-10529-10182
PERUMEN	104-10093-10266
PERUMEN	104-10100-10086
PERUMEN	104-10183-10039
PERUMEN	104-10183-10043
PERUMEN	104-10183-10240
PERUMEN	104-10528-10052
PERUMEN	104-10529-10182
PERUNCH	104-10183-10044
PERUNEN	104-10183-10022
PESOS	104-10516-10227
PESVING	104-10183-10267
PETRY	104-10101-10256
PFIAB	178-10004-10053
PFIAB	178-10004-10054
PGT	104-10180-10042
PICHI MELLA	104-10183-10331
PILOT	124-10221-10229
PINAR DEL RIC	104-10098-10404
PINERO Eirin	104-10180-10042
PISCIS	104-10167-10375
PITZOHRAI	104-10290-10046
PL/CLOP	104-10100-10200
PLA	104-10187-10146
PLACIDO MAZED	104-10075-10225
PLAFS	104-10100-10424
PM Case Officers	104-10231-10418
PM Trainees	104-10162-10121
PMO Liaison	104-10408-10329
PO Box	104-10171-10093
POA	104-10172-10133
POA	104-10215-10018
POA	104-10236-10075
POA request	104-10077-10296
POAS	104-10076-10442
POAS	104-10183-10376
POES	104-10187-10071
POEs	104-10186-10021
POL	104-10512-10102
POLIT	104-10179-10195
POLIT	124-10284-10171
POLIT ACT	124-10300-10012
POLIT PRISONERS	124-10300-10012
PONOD CALVIN	104-10527-10277
POR	104-10516-10227
POST-RP	124-10058-10420
POST-RP	124-10180-10295
POST-RUSSIAN PERIOD	180-10110-10100
PP	124-10279-10258
PP Agent	104-10115-10074
PP/PA	104-10174-10036
PPJM	124-10279-10209
PREFAUFGA	104-10220-10294
PREISFREUND	104-10210-10020
PRENDES Gutierrez	104-10180-10042
PROGRILLO	104-10290-10199
PROLISSTON	104-10068-10164
PROP	104-10290-10055
PROPAGANDA FILMS	104-10215-10018
PROSTITUTES	157-10004-10280
PRPUNEN	104-10172-10147
PRQ Part II	104-10183-10366
PRUMEN	104-10077-10369
PRUNA Blanco	124-90041-10023
PSD/OS	104-10110-10340
PSI	124-90137-10468
PSYCH EXPLOITATION	104-10234-10141
PSYCH OP	104-10217-10196
PSYWAR	104-10226-10067
PURUMEN	104-10076-10058
PW Debriefing	104-10171-10039
Pablo Rodriguez	104-10161-10226
Paccio Carrillo	104-10169-10017
Pacifism	104-10064-10012
Padre Alberto de Castro	104-10174-10037
Pakistan	104-10061-10053
Palmes N. Jr.	104-10120-10290
Pan Am	104-10107-10087
Pan America Confederation	124-90130-10005
Pan American Airways	104-10166-10262
Pan American Foundation Scholarship	104-10215-10003
Pan American International	104-10209-10025
Pan American Union	104-10262-10385
Panama	104-10111-10094
Panama	104-10167-10366
Panama	104-10172-10001
Panama	104-10175-10085
Panama	104-10177-10206
Panama	104-10187-10208
Panama	104-10192-10110
Panama	104-10227-10046
Panama	104-10228-10419
Panama	104-10250-10200
Panama	104-10310-10020
Panama	104-10338-10018
Panamanian Dept of National Investigations	104-10164-10085
Paraguay	104-10338-10018
Paraicias del Communismo	104-10167-10297
Paramilitary	104-10215-10146
Paramilitary Activities	176-10030-10422
Paramilitary Activity	104-10227-10153
Paramilitary Operations	104-10103-10079
Paramilitary Operations	104-10301-10008
Paramilitary Operations	178-10002-10215
Paramilitary Warfare	157-10002-10056
Paramilitary Warfare	176-10033-10145
Paris	104-10048-10252
Paris	104-10074-10007
Paris	104-10183-10239
Paris	104-10183-10437
Paris	104-10183-10439
Paris	104-10209-10018
Paris	104-10215-10188
Paris	104-10215-10200
Paris	104-10295-10001
Paris	104-10414-10002
Paris	104-10517-10120
Paris Station	104-10234-10155
Paris coordination	176-10036-10058
Paris-Match	124-10114-10010
Participant List	104-10111-10044
Partido Comunista Mexicano	124-10279-10258
Partido Popular	124-10279-10258
Partido Popular Socialista	104-10172-10111
Paslo Armando Sosa Ramirez	104-10187-10208
Passport	104-10162-10107
Passport Regulations	104-10132-10092
Passport Regulations	104-10300-10124
Passport falsification	104-10164-10032
Passports	104-10051-10106
Passports	104-10437-10079
Patana	104-10092-10202
Patara Orozco	104-10072-10212
Patrice Lumumba	157-10002-10105
Patrice Lumumba	157-10005-10141
Paul George Anderson	124-10311-10292
Paul Hickman	124-90138-10066
Paul Pesik	104-10216-10046
Paul Rochelle	104-10219-10143
Paula	104-10232-10018
Payment	104-10174-10030
Payment	104-10174-10033
Peace	104-10070-10272
Peace Demonstrations	104-10063-10206
Peace Demonstrations	104-10071-10060
Peasant Projects	104-10301-10010
Pedro J. Menendez Gilbert	104-10216-10073
Pedro Luis Diaz Lanz	124-10221-10231
Pedro M. Diaz	104-10217-10185
Pedro Martinez Pirez	177-10001-10064
Pedro Miret	104-10308-10269
Pedroga	104-10100-10411
Penkovskiy	104-10306-10007
People's Revolutionary Movement	104-10179-10121
People's Revolutionary Movement	104-10192-10284
People's Revolutionary Movement	124-10291-10236
Pepe	104-10076-10400
Pepin Arruti	104-10308-10269
Peralta	104-10183-10260
Performance	104-10215-10146
Permanent Student Committee for Travel to Cuba	124-90140-10012
Permindex	104-10291-10009
Personal Conduct	104-10121-10091
Personal History	104-10117-10075
Personal History	104-10117-10076
Personal History	104-10129-10002
Personal History	104-10175-10179
Personal History Statements	104-10113-10181
Personnel	104-10072-10212
Personnel	104-10075-10200
Personnel	104-10077-10266
Personnel	104-10095-10075
Personnel	104-10095-10161
Personnel	104-10111-10045
Personnel	104-10119-10183
Personnel	104-10121-10021
Personnel	104-10129-10027
Personnel	104-10180-10042
Personnel	104-10185-10128
Personnel	104-10187-10030
Personnel	104-10215-10128
Personnel	104-10301-10010
Personnel	104-10306-10018
Personnel	104-10326-10075
Personnel Action	104-10113-10030
Personnel Action	104-10222-10043
Personnel Evaluation	104-10304-10000
Personnel Listing	104-10215-10035
Personnel Operations	104-10131-10028
Personnel Operations Division	104-10131-10111
Personnel Operations Division	104-10161-10115
Personnel Record	104-10112-10186
Personnel Record	104-10123-10421
Personnel Records	104-10121-10239
Personnel Reduction	176-10036-10095
Personnel Security	104-10059-10099
Personnel Security	104-10120-10275
Personnel Security	104-10131-10010
Personnel Security	104-10256-10428
Personnel Security	104-10306-10007
Personnel Security	124-10325-10318
Personnel Security Division	104-10250-10035
Personnel Travel	104-10229-10002
Peru	104-10070-10272
Peru	104-10100-10185
Peru	104-10192-10110
Peru	104-10338-10018
Peru	178-10003-10001
Peruvian guerrillas	176-10036-10058
Peter Minet	104-10075-10365
Peter Roberts	176-10037-10453
Peterman & Peterman Associates	104-10104-10271
Petroleum	104-10512-10110
Petros Moutsos	124-90137-10067
Petros Moutsos	124-90137-10230
Petrowski	104-10185-10228
Pham Ngoc Thao	176-10036-10134
Pham Ngoc Thao	176-10036-10143
Pham Van Lieu	176-10037-10491
Philip Harbin	104-10107-10087
Philip Harbin	104-10119-10040
Philip Noel-Baker	104-10120-10502
Philippines	177-10002-10097
Philippines	177-10002-10098
Phillip Luce	124-90140-10012
Phillips	180-10143-10100
Phnom Penh	104-10123-10223
Phnom Penh	176-10037-10491
Phone Taps	104-10095-10161
Phone call investigation	104-10161-10226
Photo Surveillance	104-10065-10028
Photograph	104-10186-10382
Photographic Surveillance	104-10187-10009
Photographs	104-10129-10034
Photographs	124-10281-10028
Physical Description	104-10517-10121
Physical Surveillance	104-10301-10010
Piccilly	104-10161-10193
Picketing	124-10273-10104
Pierre Schlumberger	104-10106-10716
Pilot Training	104-10183-10325
Piner Col Rio Province	104-10169-10017
Pinero	104-10216-10398
Pinio Prieto	104-10180-10178
Piotr Fedotov	104-10092-10340
Pitches	104-10187-10149
Pivero	104-10072-10212
Plan Omega	176-10036-10052
Plane Procurement	104-10165-10169
Planning	104-10215-10146
Planning	176-10036-10088
Plans	104-10216-10002
Playa Giron	104-10185-10117
Playa Giron	104-10193-10016
Plot	104-10182-10073
Poison Pills	157-10002-10106
Police Chiefs	104-10308-10269
Policia Nacional Revolucionaria (PNR)	104-10186-10235
Policy	198-10004-10076
Policy Control	157-10002-10056
Policy Directives	104-10186-10088
Policy Guidance	104-10186-10099
Policy Guidance	104-10186-10308
Polish	104-10413-10053
Polish Driver	104-10068-10142
Polish Embassy	104-10102-10233
Polish Embassy	104-10103-10103
Polish UN Delegation	124-90139-10138
Political	176-10036-10179
Political Action	104-10062-10227
Political Action	104-10103-10079
Political Action	104-10219-10439
Political Action	104-10222-10001
Political Action	104-10227-10153
Political Action	104-10304-10000
Political Action	104-10306-10010
Political Action	104-10307-10024
Political Action Projects	176-10011-10152
Political Affairs	104-10173-10135
Political Analysis	104-10186-10088
Political Assassination	104-10171-10034
Political Figures	104-10187-10030
Political Forces	104-10186-10308
Political Indoctrination	104-10101-10239
Political Influence	104-10529-10184
Political Instability	176-10036-10131
Political Instability	177-10002-10101
Political Intelligence	104-10072-10228
Political Opposition	176-10036-10103
Political Parties	104-10186-10099
Political Plans	104-10275-10176
Political Prisoners	104-10170-10121
Political Prisoners	124-10285-10254
Political Prisoners List	104-10170-10121
Political Situation	104-10217-10000
Political Unrest	104-10516-10270
Political Views	104-10072-10013
Political action	104-10213-10002
Political instability	176-10036-10099
Political views	104-10114-10152
Polygraph	104-10121-10304
Polygraph	104-10301-10010
Port Antonio	104-10165-10004
Portugal	104-10066-10010
Portugal	104-10147-10304
Portugal	104-10182-10073
Posada	104-10220-10069
Possible Cuban	124-10058-10420
Possible Retaliatory Actions by Cuban Government	202-10002-10124
Postage Stamps	104-10265-10141
Postal Notification	104-10110-10433
Potomac	104-10069-10077
Pre-WWII writings	104-10005-10321
President	104-10187-10071
President	104-10187-10142
President	124-10311-10292
President Chiari	104-10167-10366
President Diem	176-10036-10115
President Diem	176-10036-10117
President Diem	176-10036-10142
President Duvalier	104-10166-10262
President Johnson	177-10001-10060
President Johnson	177-10002-10070
President Kennedy	124-10114-10010
President Kennedy	124-90139-10138
President Kennedy	177-10001-10064
President Rivera	104-10187-10147
President of Panama	157-10004-10095
President's Report - Soviet Offensive Weapons in Cuba 1962	198-10009-10099
Presidential Protection	104-10007-10345
Presidential Protection	104-10310-10020
Presidential Protection	104-10423-10337
Presidential Security Service	176-10036-10138
Presidential line-up	104-10177-10219
Press	104-10103-10103
Press	104-10290-10210
Press Fieldga Committee	104-10177-10219
Press Release	104-10105-10293
Press Section	104-10172-10279
Prime Minister	176-10036-10139
Printing Establishment	104-10186-10235
Prio	104-10232-10018
Priscilla Johnson	104-10119-10247
Priscilla Johnson	124-10279-10209
Priscilla Johnson McMillan	180-10131-10324
Prisoners	104-10171-10047
Pro List	104-10162-10121
Pro-Castro	104-10114-10161
Pro-Cuban Acts	104-10101-10227
Pro-Cuban Acts	104-10290-10168
Procedures	104-10337-10014
Processing	104-10130-10356
Production	104-10187-10030
Progress Report	104-10170-10121
Progressive Labor Party	104-10169-10282
Project DILAMPREY	104-10117-10203
Project HBILKA/JBGREED	104-10059-10099
Project HUNTER	124-10273-10070
Project LINOG	104-10413-10053
Project Management	176-10038-10032
Project QJACTIVE	104-10209-10259
Project Renewal	104-10187-10003
Project Renewal	104-10211-10326
Project Review	104-10175-10085
Project TWIXT	104-10122-10344
Project ZRRIFLE	157-10002-10106
Proof of Address	104-10172-10137
Propaganda	104-10048-10124
Propaganda	104-10062-10227
Propaganda	104-10064-10012
Propaganda	104-10072-10289
Propaganda	104-10101-10175
Propaganda	104-10101-10239
Propaganda	104-10103-10079
Propaganda	104-10103-10103
Propaganda	104-10116-10261
Propaganda	104-10119-10183
Propaganda	104-10169-10017
Propaganda	104-10170-10051
Propaganda	104-10170-10121
Propaganda	104-10170-10125
Propaganda	104-10171-10018
Propaganda	104-10174-10038
Propaganda	104-10175-10179
Propaganda	104-10179-10134
Propaganda	104-10179-10182
Propaganda	104-10183-10259
Propaganda	104-10187-10030
Propaganda	104-10192-10229
Propaganda	104-10192-10266
Propaganda	104-10213-10002
Propaganda	104-10221-10310
Propaganda	104-10226-10067
Propaganda	104-10227-10150
Propaganda	104-10227-10153
Propaganda	104-10230-10153
Propaganda	104-10232-10004
Propaganda	104-10232-10018
Propaganda	104-10236-10056
Propaganda	104-10236-10075
Propaganda	104-10301-10010
Propaganda	104-10304-10000
Propaganda	104-10307-10024
Propaganda	104-10338-10018
Propaganda	119-10021-10413
Propaganda	177-10001-10305
Propaganda	198-10005-10017
Propaganda	198-10007-10022
Propaganda	198-10007-10029
Propaganda	198-10009-10099
Propaganda Commission	104-10227-10150
Propaganda Commission	104-10232-10019
Propaganda Control	198-10007-10013
Propaganda Control	198-10007-10021
Proprietary Approval	104-10241-10249
Prosecution	104-10107-10135
Protest	176-10036-10135
Protestant clerics	104-10234-10007
Protestant clerics	104-10247-10064
Provincial Authorities	176-10036-10078
Provisional Operational Approval	104-10129-10264
Provocateur	104-10186-10235
Provocateur	104-10226-10045
Psychological Assessment Associates	104-10120-10378
Psychological Programs - Cuba	202-10002-10124
Psychological Warfare	104-10102-10224
Psychological Warfare	104-10103-10079
Psychological Warfare	198-10007-10029
Psychological Warfare	202-10001-10203
Psyops Leaflets	104-10306-10010
Psywar	104-10170-10051
Psywar	176-10037-10460
Public Affairs	104-10326-10044
Public Health	104-10245-10007
Public Opinion	104-10101-10175
Public Opinion Research	104-10228-10419
Public Relations	104-10121-10366
Public Surveys Institute	104-10215-10003
Publications	104-10105-10277
Publicity	104-10104-10094
Publio RUIZ	104-10160-10207
Puerto Rican Cement Company	104-10263-10111
Puerto Rico	104-10070-10272
Puerto Rico	104-10160-10207
Pugwash Conference	104-10165-10077
Pumice	104-10164-10088
Punta Luna	104-10170-10059
Punta del Este Conference	198-10004-10076
Purchasing agent	104-10216-10073
QHOP/1	104-10247-10037
QJWIN	104-10185-10009
QJWIN	104-10185-10030
QJWIN	157-10002-10105
QJWIN	157-10002-10106
QKFLOWAGE	104-10103-10112
QUANTUM-51	104-10171-10003
QUANTUM-55	104-10171-10003
QUBANNER	104-10178-10071
QUIT	104-10170-10096
QUOLA	104-10076-10058
QUOTA	104-10077-10369
Questionnaire	104-10069-10260
Questionnaire	104-10117-10076
Questionnaire	176-10036-10088
Quick Reaction Facility	104-10179-10167
R 240-250	104-10161-10001
R. L.	104-10112-10450
RADIO	104-10219-10418
RADIO BROADCASTING	198-10007-10029
RADIO CUBA LIBRE	104-10219-10418
RADOP	104-10172-10133
RADOP	104-10183-10376
RAFANELLI	104-10413-10053
RAFS SALY MOLEX 5296	104-10187-10111
RAKEBRAND	104-10527-10277
RAMASCUS	104-10219-10282
RAMPARTS	104-10117-10203
RANROD	104-10215-10139
RAS TAFARIS	104-10236-10053
RASCO	104-10220-10294
RCF	124-10212-10337
RCK	124-10221-10229
RD-177	104-10124-10149
REBECA	104-10076-10372
REBELLON	104-10171-10003
REC-85	124-90137-10468
RECE	104-10178-10046
RECIPROCITY	104-10326-10078
RECRUITMENT	124-10279-10209
REDCAP	180-10143-10227
REDCAP sheet	104-10162-10014
REDSKIN	104-10098-10380
REDSKIN	104-10120-10373
REDSKIN	180-10143-10227
REDSKIN Agent	104-10120-10378
REDTOP	104-10064-10012
REDWOOD	104-10098-10380
REDWOOD	104-10263-10139
REDWOOD	104-10290-10155
REDWOOD	180-10143-10227
REINALDO ABREU	124-10300-10012
REL	124-10291-10319
RELOVA	104-10185-10105
RELUCTANT DRAGON	104-10183-10037
RENARD	104-10512-10101
RENE	104-10075-10203
RENE SATOS	104-10229-10002
RES	124-10284-10171
RES	124-10300-10012
RETTIE	104-10175-10101
REUTEMAN	104-10072-10289
REUTEMAN	104-10077-10356
REYES GARCIA	104-10229-10002
REYES Goicochea	104-10180-10042
REYES Vega	104-10180-10042
RI Traces	104-10172-10105
RI Traces	104-10241-10249
RICARDO Earas, Jose Manuel	104-10122-10135
RICD 8316	104-10512-10102
RICHARD	124-10180-10295
RICHARD CYRIL FRANK	124-10212-10337
RICHARD WALKER	104-10100-10200
RIDAT TIPIC	104-10290-10038
RIFTY SEXI	104-10076-10116
RIOD	104-10170-10096
RIOD 8317	104-10512-10102
RIS	104-10177-10224
RIS	104-10226-10117
RITTENHOUSE, John F.	104-10119-10338
RIVAL FACTIONS	124-10279-10020
RKG	176-10036-10079
ROBERT A ACKERMANN	124-90092-10002
ROBERT A. MAHEU AND ASSOCIATES (RAMA)	157-10004-10280
ROBERT F. LAUDWEIN	124-90092-10001
ROBERT GLENN THOMPSON	124-90092-10001
ROBERTO FERNANDEZ MIRANDA	124-10332-10047
ROBRENO	104-10183-10240
RODRIGUEZ Careno, Fabio M.	104-10122-10135
RODRIGUEZ Couzaiez, Ismael	104-10122-10135
ROGELIO IGLESIAS PATINO	104-10077-10369
ROGSE	104-10180-10233
ROLE	124-10279-10018
ROME	104-10100-10086
ROMREY Alvarez, Leslie	104-10122-10135
RONIS	104-10100-10157
ROSELLy Layva, Florentino Orelia	104-10122-10135
ROUKOTSO ITDICATOR	104-10290-10199
ROUSSEAU Bueno, Santiago	104-10122-10135
ROUTINE	104-10180-10233
ROUTING	104-10180-10233
ROUTING	104-10519-10182
ROY HARGRAVES	104-10221-10222
RR	104-10176-10015
RRF DIR 77179	104-10100-10247
RS-1	104-10180-10215
RUABBE	104-10228-10045
RUABBE	104-10236-10053
RUABBE	104-10236-10054
RUBIOW ASSIGNED	104-10290-10199
RUBY, JACK	157-10002-10165
RUGSUN ABSICHIED	104-10290-10199
RUPEK DUDIN	104-10100-10065
RUSION	104-10101-10256
RYBAT	104-10014-10051
RYBAT	104-10064-10012
RYBAT	104-10075-10200
RYBAT	104-10076-10217
RYBAT	104-10076-10277
RYBAT	104-10077-10356
RYBAT	104-10093-10065
RYBAT	104-10100-10065
RYBAT	104-10100-10090
RYBAT	104-10100-10357
RYBAT	104-10101-10109
RYBAT	104-10101-10198
RYBAT	104-10178-10130
RYBAT	104-10179-10195
RYBAT	104-10183-10240
RYBAT	104-10216-10202
RYBAT	104-10219-10418
RYBAT	104-10220-10294
RYBAT	104-10290-10046
RYBAT	104-10326-10078
RYBAT	104-10528-10056
RYBAT ZROCEAN	104-10527-10277
RYBOVITCH	104-10179-10209
Rabat	104-10183-10437
Racism	104-10101-10239
Radar Information	178-10003-10001
Radio & Electronics Equipment Company	104-10178-10054
Radio Communication	104-10308-10127
Radio Habana	104-10433-10212
Radio Link	104-10275-10176
Radio New York Worldwide	104-10245-10000
Radio Plant	104-10169-10017
Radio Program	104-10245-10007
Radio Station	104-10216-10073
Radio Stuttgart	104-10171-10138
Radio Swan	104-10180-10178
Radio broadcasting	104-10069-10260
Radio reception in Cuba	104-10171-10039
Radios	104-10076-10217
Rafael AGUIRRE	104-10220-10293
Rafael Aurelio QUINTERO Ibarbia	104-10110-10242
Rafael Aurelio QUINTERO Ibarbia	104-10110-10243
Rafael CALDERA	104-10192-10110
Rafael HERNANDEZ	104-10073-10113
Rafael Padron Prado	124-10212-10160
Raids	104-10306-10016
Rally	104-10308-10208
Ramirez	104-10169-10269
Ramon PEREZ	104-10308-10127
Ramon Tomas Guin Diaz	104-10234-10105
Ramon UiATEGUI Lezara	104-10163-10065
Ramparts	104-10170-10145
Rancho Boyeros Airport	104-10070-10079
Raoul Castro	104-10174-10038
Raoul Curiel	104-10106-10716
Ratline	104-10216-10273
Raul Avila	104-10101-10135
Raul Castro	104-10167-10127
Raul Castro	104-10174-10037
Raul Castro	104-10216-10398
Raul Cosio Villegas y Chapa	104-10180-10044
Raul Diaz Arguelles	104-10216-10398
Raul Mendez Pirez	104-10231-10418
Raul Primellas	104-10308-10163
Raul Roa	124-90139-10138
Ray	104-10179-10022
Ray	104-10179-10134
Ray	104-10179-10136
Ray Hutchins	104-10119-10247
Ray Murphy	104-10173-10134
Ray Rocca	104-10105-10277
Ray Scofield	104-10185-10252
Rayon Ivan (Ledo) Garvallo	104-10076-10442
Rean 559-5-64	104-10100-10237
Reassignment	104-10112-10148
Reassignment	104-10113-10030
Reassignment	104-10222-10043
Rebel Officers	176-10037-10491
Rebels	104-10221-10032
Recalled to Yugoslavia	124-90110-10070
Reconnaissance	104-10306-10010
Record Blocking	104-10110-10328
Recorded Conversations	104-10408-10329
Records	104-10131-10111
Records Management	104-10110-10340
Records Search	104-10332-10023
Recruit Dependents	104-10231-10042
Recruiting Program	104-10100-10034
Recruitment	104-10052-10130
Recruitment	104-10070-10079
Recruitment	104-10073-10101
Recruitment	104-10075-10203
Recruitment	104-10088-10070
Recruitment	104-10163-10065
Recruitment	104-10171-10106
Recruitment	104-10173-10097
Recruitment	104-10175-10085
Recruitment	104-10175-10179
Recruitment	104-10181-10099
Recruitment	104-10182-10073
Recruitment	104-10183-10022
Recruitment	104-10183-10259
Recruitment	104-10183-10261
Recruitment	104-10183-10276
Recruitment	104-10187-10071
Recruitment	104-10213-10209
Recruitment	104-10216-10148
Recruitment	104-10216-10273
Recruitment	104-10218-10083
Recruitment	104-10247-10037
Recruitment	104-10290-10309
Recruitment	104-10301-10010
Recruitment	104-10308-10023
Recruitment	124-90092-10016
Recruitment	124-90110-10072
Recruitment	124-90155-10008
Recruitment	177-10001-10305
Red China	177-10002-10070
Red Cross	104-10406-10136
Redaction	104-10337-10014
Refugee Interrogation	198-10005-10017
Refugee Referral	104-10069-10185
Refugees	104-10301-10010
Registration Act Violations	104-10221-10032
Registry	104-10301-10010
Regulations	104-10408-10078
Reimbursements	104-10231-10042
Reinaldo BLANCO Navarro	124-90041-10023
Reinaldo PICO Ramon	104-10178-10334
Reinvestigation	104-10130-10305
Related Mission Directive	104-10213-10002
Relations	124-10325-10318
Relations with CIA	124-10273-10104
Relations with the United States	104-10186-10308
Release	104-10129-10034
Release	104-10529-10196
Release 2025	104-10290-10062
Release Contingency OPLAN 62-2	104-10066-10076
Release of Classified Document	104-10326-10055
Religious conflict	176-10036-10099
Relma Trading Corporation	104-10165-10084
Renaldo Blanco Hernandez	124-10221-10231
Rent	104-10185-10205
Reoccupation	176-10036-10088
Reorganization	176-10030-10422
Reorganization	176-10033-10145
Reporting	104-10215-10139
Reporting	104-10267-10196
Reports Section	104-10301-10008
Republic of Nicaragua	104-10216-10073
Rescate	104-10231-10418
Research Branch	124-10150-10104
Research Branch (Covert CID)	124-10237-10009
Research Institute of America	104-10070-10296
Research Work	104-10072-10013
Reserve Officers Association	104-10123-10098
Residence	104-10117-10075
Residence Address	104-10121-10263
Resignation	104-10059-10099
Resignation	104-10130-10305
Resistance	104-10215-10146
Resistance	104-10308-10029
Resistance Activity	104-10171-10047
Resistance Group	104-10179-10233
Resistance Movement	104-10171-10044
Resistance Movement	202-10001-10203
Restricted Dossiers	104-10051-10170
Restrictions	104-10213-10209
Restrictions	104-10439-10113
Restrictions on Travel to and From Cuba	198-10009-10098
Retail	104-10164-10032
Retirement	104-10130-10305
Retirement	104-10194-10024
Retirement	104-10256-10187
Returned Documents	104-10185-10247
Revalidation	104-10113-10249
Review	104-10310-10118
Revolution	104-10101-10175
Revolution	104-10180-10062
Revolution magazine	104-10217-10196
Revolutionaire (I)	104-10217-10228
Revolutionaries	104-10228-10083
Revolutionaries	104-10308-10269
Revolutionary Activities	104-10170-10112
Revolutionary Activities	124-10284-10155
Revolutionary Air Force	104-10167-10083
Revolutionary Committee	176-10037-10493
Revolutionary Council	104-10227-10150
Revolutionary Council	104-10232-10019
Revolutionary Council	104-10236-10056
Revolutionary Council	104-10236-10075
Revolutionary Party	176-10036-10085
Revolutionary Student Directorate	104-10171-10047
Revolutionary movements	177-10002-10012
Revolutionary plans	176-10036-10058
Rhodesia	104-10182-10073
Rhodesia	104-10302-10030
Ricardo	104-10183-10347
Ricardo Augusto Martinez	104-10187-10208
Ricardo Martinez	104-10187-10208
Ricardo Morales	104-10177-10217
Ricardo Poery Cervantes	104-10092-10340
Ricardo Subirana y Lobo	104-10247-10064
Ricario martirezzperderio	104-10171-10018
Rice Exports	176-10036-10073
Richard Cain	104-10110-10568
Richard Cyril Frank	104-10169-10282
Richard Gibson	104-10217-10196
Richard Goodwin	176-10037-10440
Richard Helms	104-10004-10213
Richard Helms	104-10106-10312
Richard Helms	104-10173-10132
Richard Rown	104-10177-10225
Richard Walker	104-10529-10330
Richardson	104-10098-10380
Ridderstrale	124-10163-10134
Right-Wing Elements	176-10037-10120
Rinascita	104-10003-10041
Rio Cronso	104-10100-10192
Rio Grande	177-10002-10069
Rio Grande	177-10002-10070
Rio Palma	104-10076-10375
Rio de Janeiro	104-10100-10223
Rio de Janeiro	104-10100-10396
Rio de Janeiro	104-10183-10232
Rita Naman	104-10165-10077
Riva Patterson	124-10181-10009
Rivard G. Tichborn	104-10174-10033
Rivera	104-10187-10142
Rivero	104-10180-10178
Robert A. Maheu	104-10121-10366
Robert A. Maheu	104-10122-10344
Robert D. Asmus	104-10111-10079
Robert Delson	104-10107-10135
Robert Delson	104-10107-10137
Robert F. Kennedy	124-10326-10149
Robert F. Kennedy	178-10002-10215
Robert Horton Geddes	104-10226-10045
Robert Kleberg	124-10326-10191
Robert M. Gates	104-10337-10001
Robert Maheu	157-10004-10270
Robert Maheu	157-10011-10048
Robert Prachett	104-10069-10112
Robert R. Mullen	104-10173-10130
Robert SWENDIMAN	104-10124-10149
Robert Soble	104-10106-10716
Robert West Pugh	104-10059-10099
Robert Williams	104-10308-10163
Roberto Campos	177-10002-10092
Roberto Legon	104-10075-10203
Roberto Quinteros Santiso	104-10171-10018
Roberto Roque Nunez	104-10308-10269
Roberto de Varona	104-10171-10106
Roberts Electronic and Engineering Service	104-10180-10218
Roberts Electronic and Engineering Service	104-10180-10235
Robin Moore	104-10165-10004
Robreno	104-10517-10120
Rockefeller Commission	104-10310-10118
Rodriguez Gonzalos	104-10072-10212
Rogelio Cisneros	104-10179-10182
Rogelio RODRIGUEZ Lopez	104-10180-10044
Rogelio Rodriguez	104-10187-10208
Rogelio Rodriguez Lopez	104-10180-10042
Rogelio Wenceslav Cisneros Diaz	104-10165-10084
Roger MCK. SHEA	104-10161-10226
Roger Robert Henri Kenquet	104-10106-10716
Roger Shea	104-10185-10205
Rolando CUBELA Secades	104-10216-10199
Rolando CUBELA Secades	104-10234-10096
Rolando Masferrer	104-10104-10094
Rolando Reyes	104-10075-10203
Rolio (Montenegro) Guasp	104-10234-10007
Roman Alvarez	104-10308-10269
Roman Catholic Church	104-10074-10413
Romania	176-10037-10120
Rome	104-10183-10011
Rome	104-10183-10043
Rome	104-10183-10239
Rome	104-10185-10030
Rome	157-10005-10141
Romulo Betancourt	124-90139-10138
Ron MacMillan	104-10122-10307
Roque Dalton	104-10187-10109
Roque Dalton Garcia	104-10187-10208
Ros Perez	104-10179-10027
Rose Realty	104-10178-10049
Roselio Montegro Quasp	104-10247-10064
Roselli	157-10014-10109
Roselli, Johnny	157-10002-10105
Roslyn, VA	104-10161-10321
Ross CROZIER	104-10181-10117
Ross Crozier	104-10215-10004
Rosselli, Johnny	157-10002-10106
Roster	104-10111-10044
Roster	104-10111-10045
Rota Kapello network	104-10171-10138
Rothman	124-10279-10258
Rotterdam	104-10308-10053
Routing Indicator	104-10101-10256
Rowan, Dan	157-10002-10106
Royal Cambodian Government	176-10036-10079
Royalists	104-10182-10073
Royalties	104-10194-10024
Rumania-US	177-10002-10101
Rumors	104-10003-10041
Rumors	104-10308-10208
Rural Development	176-10037-10494
Russia	104-10326-10010
Russian	104-10227-10003
Russian	104-10413-10053
Russian Embassy	104-10130-10215
Russian Period	180-10131-10324
Russian Professors	104-10188-10454
Russian Ship	104-10076-10229
Russian bases	176-10036-10052
Russian immigrants	104-10171-10138
Russian language linguist	104-10162-10247
Rwanda-Burundi	177-10002-10101
Ryabchenya	104-10326-10092
S/M agents	104-10171-10097
S/W	104-10295-10001
S/W system	104-10216-10199
S/W system	104-10234-10096
SAB	104-10129-10034
SABOTAGE TEAM	104-10219-10418
SAC Letter 54-27	124-10326-10103
SAC Planes	104-10306-10010
SACHEZ Raul Gutierrez	104-10122-10135
SACREA	104-10290-10038
SAGO	104-10170-10096
SAGTEL	104-10076-10217
SAIGON	124-90060-10015
SAL SALVAD	104-10187-10110
SALU	104-10187-10110
SALV	104-10529-10277
SALV5296	104-10187-10110
SALVADORAN	104-10187-10110
SALY	104-10101-10054
SAM Sites	177-10002-10098
SAMBORA LEGEND	104-10101-10247
SAMKO	104-10181-10099
SANARA	104-10290-10046
SANCHEZ	104-10075-10042
SANCHEZ Rives, Enriques Reimundo	104-10122-10135
SANDOVICH BROTHERS	104-10176-10015
SANTA CLAUS	104-10516-10227
SANTANA Fraiz	104-10180-10042
SANTIACÓ DE CURA	104-10098-10404
SANTIAGO ALVAREZ RODRIGUEZ	124-10332-10047
SANTIAGO Humet	104-10180-10042
SAS	104-10077-10266
SAS	104-10110-10243
SAS	104-10110-10245
SAS	104-10183-10011
SAS 8	104-10076-10153
SAS Employee	104-10120-10276
SAS/BOB	104-10100-10239
SAS/EOD	104-10100-10157
SAS/HOR/PA/PROP/C-DEX	104-10101-10124
SAS/MBA/PA/PROP	104-10290-10055
SAS/OS	104-10172-10105
SAS/PERSONNEL	104-10077-10285
SAS/SEC	104-10101-10109
SAS/SEC: MKH or G	104-10290-10038
SAS/UCC/PA-PROP INDEX	104-10170-10096
SAVALVEY	104-10172-10279
SB	104-10129-10034
SB Division	104-10012-10076
SB/CI/KGB	104-10218-10060
SBE	124-10291-10319
SBGAA	124-10158-10061
SCANTLING	104-10065-10028
SCANTLING	104-10101-10198
SCHEAFFER	104-10225-10035
SCTRICAL ESTIM	104-10180-10233
SDOM	104-10165-10169
SEAR	104-10169-10135
SECHEN	104-10413-10053
SECK	104-10069-10112
SECURITY INDEX	124-10212-10337
SEFLATS SVEN ATTACCA-6710	104-10180-10200
SELCAL	104-10100-10419
SEOTH	104-10100-10424
SERGEYEV	104-10172-10279
SERGIO OSWALDO BETANCOURT COLLAZO	124-10300-10012
SEXI 7479	104-10516-10338
SEXIT 7433	104-10516-10338
SHAKHOV	104-10210-10020
SHF	124-10212-10337
SHITHAM	104-10183-10037
SHUMAROV	104-10172-10279
SIFA	104-10183-10346
SIGINT Operations	178-10004-10054
SIROLOGIST	104-10100-10223
SIS CEN	104-10100-10247
SITICINA	104-10290-10199
SKEWER/1	104-10263-10111
SLESINGER	104-10210-10020
SLUBAN DETECTOR	104-10187-10111
SM Match $23209	104-10068-10164
SMABOVEs	104-10234-10124
SMEDIFY	104-10102-10233
SMEDIFY	104-10103-10103
SMITHAM	104-10215-10188
SMOTE	104-10181-10152
SMOTH	104-10075-10365
SMOTH	104-10182-10073
SO/OTR	104-10112-10450
SOCIALIST PARTY OF JAMAICA	104-10236-10053
SOLATIO	104-10267-10196
SORICE Industrial Equipment	104-10414-10002
SOTUS	104-10232-10018
SOURCE	104-10439-10113
SOUTH VIETNAM	124-90060-10015
SOVEMB	104-10215-10018
SPOT	104-10215-10018
SR/3/FI	104-10071-10239
SRS	104-10128-10300
SRS flag	104-10129-10439
SS Radnor	124-90137-10230
SSCIA	157-10002-10165
SSCIA	157-10011-10048
SSCIA	157-10011-10083
SSOL	104-10187-10110
SST/IOS	104-10129-10034
STATION	104-10183-10436
STEEL R	104-10187-10110
STESCALADE	104-10066-10076
STEVE KISHA	104-10100-10200
STOLIAKOV	104-10162-10017
STPLATE 1	104-10529-10329
STPOLLY Flight	176-10011-10152
SUAREZ	104-10075-10042
SUAREZ Hernandez, Roberto Guillermo	104-10122-10135
SUMIT HILL PROPERTIES, INC.	104-10185-10205
SURVEILLANCE	124-10158-10061
SUSAN HEILIG FRANK	124-10212-10337
SUSP	124-10284-10172
SVENCHANSKIY	104-10210-10020
SVLUCK	104-10516-10227
SVR	104-10326-10010
SVRR	104-10326-10092
SW Supplies	104-10180-10138
SW instructor	104-10120-10381
SWIFT Craft	104-10306-10010
SWISS FEDERAL POLICE	124-10212-10337
SWISS MOVEMENT AGAINST ATOMIC ARMAMENT	124-10158-10061
SWITZERLAND	124-10158-10061
SWMSG	104-10076-10374
Sabotage	104-10069-10112
Sabotage	104-10103-10079
Sabotage	104-10169-10017
Sabotage	104-10171-10047
Sabotage	104-10179-10182
Sabotage	104-10275-10176
Sabotage	104-10306-10010
Sabotage	104-10307-10024
Sabotage	104-10527-10424
Sabotage	176-10036-10087
Sabotage	177-10001-10305
Sabotage	202-10001-10203
Safe house	124-10273-10104
Safe-cracker	124-90092-10002
Safehouse	104-10161-10226
Safehouse Branch	104-10185-10252
Safes	124-90138-10073
Safez Real	104-10072-10212
Saigon	104-10113-10030
Saigon	104-10123-10223
Saigon	176-10036-10087
Saigon	176-10036-10097
Saigon	176-10036-10116
Saigon	176-10036-10137
Saigon	176-10036-10173
Saigon	176-10037-10452
Saigon	178-10003-10001
Salary	104-10174-10033
Salary	104-10174-10041
Salary Adjustment	104-10222-10043
Salazar-Sanchez	124-10284-10155
Salinity Problem	177-10002-10070
Salv	104-10187-10071
Salvador	104-10070-10272
Salvador	104-10187-10113
Salvador Rodriguez Santena	104-10171-10136
Salvador Romani	176-10036-10051
Salvadoran Asset	104-10187-10117
Salvadoran Intel	104-10187-10146
Salvadorans	104-10186-10410
Saly 4839	104-10529-10277
Salzburg	104-10209-10018
Sam Giancana	157-10011-10048
Sam Giancana	178-10002-10215
Samuel George Cummings	104-10170-10145
Samuel Gonzalez Rodriguez-Planes	104-10216-10398
Samuel Wiese	104-10209-10259
Samuel Wise	104-10051-10106
Samuel Wise	104-10132-10092
Samuel Wise	104-10133-10437
Samuel Wise	104-10300-10124
Samuel Wise	104-10418-10378
Samuel Wise	104-10437-10079
San Antonio de los Banos Air Base	104-10183-10325
San Francisco	104-10101-10129
San Francisco	104-10123-10098
San Jacinto Fund	104-10116-10261
San Jacinto Fund	104-10117-10203
San Juan	104-10170-10037
San Salvador	104-10120-10301
Sanitization	104-10310-10118
Santa Maria	104-10073-10113
Santiago	177-10001-10064
Santiago ALTATA Fernandez	104-10241-10249
Santiago Alvarez Fernandez	104-10162-10120
Santiago Alvarez Rodriguez	124-10332-10018
Santiago SANCHEZ de la Torre	104-10193-10016
Santiago de Cuba	104-10171-10013
Santiago de Cuba	104-10221-10032
Santiago de Cuba	104-10512-10110
Santo Domingo	104-10170-10059
Santo Domingo	104-10275-10176
Santo Domingo	124-90124-10092
Satellite Branch	104-10301-10010
Satellites	177-10002-10103
Saturday Evening Post	124-90092-10001
Saudi Arabia	157-10011-10048
Saul	104-10413-10306
Saulo	104-10075-10225
Sauret	104-10308-10269
Saverio TUTINO	104-10234-10148
Saverio Tutino	104-10234-10007
Saverio Tutino	104-10247-10064
Savings Accounts	104-10231-10042
Schiphol Airport	104-10164-10032
Schlumberger	104-10106-10716
Schneider and Company	104-10106-10716
Schweizerisches Zentralpolizeibureau	124-10062-10456
Scorch System	104-10275-10176
Scott McCloud	157-10011-10048
Scouting	104-10123-10421
Sea Dads Industries	104-10078-10020
Seattle	104-10069-10077
Secades	124-10280-10030
Second Front of Escambray	104-10160-10207
Second Front of Escambray	104-10237-10120
Second Front of Escambray	176-10036-10052
Second Latin American Youth Congress	202-10002-10124
Secrecy	104-10291-10003
Secrecy Agreement	104-10123-10220
Secret Service	104-10007-10345
Secret Service	104-10310-10020
Secret Service	104-10423-10337
Secret Service	124-10311-10292
Secret Services	104-10003-10041
Secret Writing	104-10069-10185
Secret Writing	124-10273-10070
Secretary Rusk	178-10003-10001
Secundino (Fernandez) Gonzalez	104-10076-10442
Secundo Frente Escambray	104-10226-10090
Security	104-10048-10124
Security	104-10070-10079
Security	104-10072-10227
Security	104-10072-10228
Security	104-10072-10289
Security	104-10076-10416
Security	104-10088-10070
Security	104-10098-10072
Security	104-10106-10300
Security	104-10107-10135
Security	104-10110-10095
Security	104-10112-10186
Security	104-10119-10040
Security	104-10121-10091
Security	104-10123-10407
Security	104-10123-10421
Security	104-10124-10149
Security	104-10129-10438
Security	104-10130-10339
Security	104-10130-10344
Security	104-10163-10065
Security	104-10167-10190
Security	104-10169-10139
Security	104-10179-10025
Security	104-10183-10233
Security	104-10183-10260
Security	104-10183-10346
Security	104-10185-10248
Security	104-10187-10030
Security	104-10187-10071
Security	104-10187-10103
Security	104-10188-10454
Security	104-10192-10229
Security	104-10247-10097
Security	104-10310-10118
Security	104-10418-10202
Security	104-10423-10337
Security	104-10534-10173
Security	124-10326-10099
Security	176-10037-10494
Security Approval	104-10121-10366
Security Approval	104-10123-10160
Security Approval	104-10162-10121
Security Approval	104-10241-10249
Security Approval	104-10263-10111
Security Branch	104-10113-10181
Security Briefing	104-10121-10304
Security Checks	104-10113-10181
Security Checks	104-10166-10158
Security Checks	104-10215-10128
Security Clearance	104-10051-10106
Security Clearance	104-10078-10020
Security Clearance	104-10117-10075
Security Clearance	104-10117-10076
Security Clearance	104-10117-10203
Security Clearance	104-10120-10301
Security Clearance	104-10121-10021
Security Clearance	104-10123-10220
Security Clearance	104-10132-10092
Security Clearance	104-10133-10437
Security Clearance	104-10209-10259
Security Clearance	104-10250-10267
Security Clearance	104-10300-10124
Security Clearance	104-10418-10378
Security Clearance	104-10437-10079
Security Clearances	104-10113-10030
Security Clearances	104-10116-10261
Security Files	104-10107-10137
Security Flag	104-10121-10239
Security Indoctrination	104-10123-10220
Security Information	124-10320-10087
Security Investigation	104-10059-10099
Security Investigation	104-10129-10264
Security Matter	124-90037-10081
Security Measures	104-10180-10165
Security Office	104-10130-10472
Security Office	124-90037-10081
Security Officer	124-10163-10134
Security Police	124-90037-10081
Security Problem	104-10211-10326
Security Regulations	104-10121-10304
Security Research Staff	104-10123-10160
Security Review	104-10105-10277
Security Review	104-10187-10014
Security Risk	104-10516-10195
Security Service	176-10038-10032
Security Systems	104-10130-10472
Security conscious	104-10177-10224
Security considerations	104-10112-10450
Segregation	104-10101-10239
Segundo (Ferrero) Cuevas	104-10076-10442
Selective Conscientious Objection	104-10063-10206
Selective Conscientious Objection	104-10071-10060
Self-Sufficiency	176-10036-10094
Semen Spiridon Pohorilyj	104-10209-10018
Seminar	104-10068-10172
Seminar Room	104-10111-10044
Senate Select Committee on Intelligence	104-10310-10118
Serasoft	104-10130-10356
Serge Michel	104-10217-10228
Serge Peter Karlow	124-90092-10016
Sergey Seperyevich Konstantinov	104-10092-10340
Sergio Arcacha Site	104-10106-10716
Sergio Oswaldo Betancourt Collazo	124-10300-10024
Sergio Tollon	104-10216-10398
Sergyj Czornonoh	104-10012-10035
Sergyj Czornonoh	104-10431-10102
Service Award	104-10124-10037
Services	104-10222-10001
Servicio Secreto Revolucionario (SSR)	104-10186-10235
Sheffield Edwards	157-10014-10109
Shipment	104-10077-10076
Shipment	104-10180-10044
Shipping	104-10263-10111
Shipping	104-10302-10020
Shipping Documents	104-10512-10110
Sicilians	104-10178-10071
Sierra Maestra	104-10171-10047
Sihanouk	176-10037-10460
Silencer	104-10216-10234
Silver Spring	104-10185-10205
Silver Spring	104-10185-10234
Silver Spring	104-10185-10244
Silver Springs	104-10185-10228
Silver, Arnold	157-10002-10105
Silvia Anna	104-10092-10202
Silvia Duran	180-10110-10100
Simon Fraser University	104-10172-10112
Singapore	104-10123-10223
Singapore	157-10002-10056
Sino-Indian conflict	124-90139-10138
Sino-Soviet Dispute	177-10002-10102
Sino-Soviet bloc	104-10213-10002
Siqueiros	124-10279-10258
Situation in Latin America	198-10009-10099
Skills	104-10215-10146
Small Arms	104-10170-10036
Smith	104-10014-10064
Smith and Gillespie FUCISEFES	104-10179-10195
Sniper Scope	104-10216-10234
Social Security card	104-10120-10297
Social Security card	104-10123-10098
Social Security card	104-10260-10400
Social Situation	104-10186-10308
Socialist Camp	176-10036-10027
Society of Former Agents of the FBI	104-10122-10307
Society of Friends of Cuba	124-10279-10258
Sofia	104-10012-10035
Sofia	104-10431-10102
Solidarity with Cuba	104-10186-10099
Solidarity with Cuba	104-10186-10308
Solitary Confinement	104-10187-10117
Son Ngoc Thanh	176-10037-10460
Soto	104-10072-10212
Source	104-10069-10359
Source Handling	104-10098-10072
Source Protection	104-10332-10020
Source Protection	124-10326-10100
Sources	104-10171-10020
Sources and Methods	104-10310-10118
South American Trip	124-10279-10258
South American Trip	124-10279-10258
South Korea	104-10290-10190
South Korea	177-10002-10098
South Vietnam	104-10306-10010
South Vietnam	104-10306-10020
South Vietnam	176-10036-10079
South Vietnam	176-10036-10086
South Vietnam	176-10036-10094
South Vietnam	176-10036-10095
South Vietnam	176-10036-10097
South Vietnam	176-10036-10113
South Vietnam	176-10036-10117
South Vietnam	176-10036-10131
South Vietnam	176-10036-10134
South Vietnam	176-10036-10142
South Vietnam	176-10036-10149
South Vietnam	176-10037-10454
South Vietnam	176-10037-10460
South Vietnam	176-10037-10491
South Vietnam	176-10037-10493
South Vietnam	177-10002-10097
South Vietnam	177-10002-10101
South Vietnam	177-10002-10102
South Vietnam	178-10003-10001
Southeast Asia	104-10306-10011
Southeast Asia	104-10306-10020
Southeast Asia	176-10036-10179
Southeast Asia	178-10003-10001
Southern Bell Telephone and Telegraph Company	124-90130-10005
Southwest Center for Advanced Studies	104-10097-10170
Sovereignty	176-10036-10095
Soviet	104-10016-10021
Soviet	104-10068-10142
Soviet	104-10076-10371
Soviet	104-10106-10300
Soviet	104-10167-10127
Soviet	104-10172-10201
Soviet	104-10173-10097
Soviet	104-10187-10030
Soviet	104-10226-10001
Soviet	104-10226-10117
Soviet	104-10408-10329
Soviet	104-10413-10053
Soviet	124-10325-10318
Soviet Agent	104-10176-10015
Soviet Agent	104-10176-10020
Soviet Agriculture	177-10002-10098
Soviet Ambassador	104-10263-10139
Soviet Bloc	176-10037-10120
Soviet COMINT	104-10308-10023
Soviet Clinics	104-10215-10200
Soviet Consulate	104-10004-10143 (C06932208)
Soviet Consulate	104-10004-10143
Soviet Consulate	104-10004-10156
Soviet Contacts	104-10172-10278
Soviet Defector	104-10169-10139
Soviet Delegation	104-10130-10339
Soviet Diplomats	104-10101-10239
Soviet Embassy	104-10006-10247
Soviet Embassy	104-10012-10022
Soviet Embassy	104-10065-10028
Soviet Embassy	104-10162-10014
Soviet Embassy	104-10164-10032
Soviet Embassy	104-10173-10104
Soviet Embassy	104-10177-10224
Soviet Embassy	104-10187-10014
Soviet Embassy	104-10326-10068
Soviet Embassy	104-10413-10306
Soviet Embassy	124-90138-10066
Soviet Embassy	124-90138-10073
Soviet Embassy	180-10110-10100
Soviet Executive Action	157-10002-10105
Soviet Fishing Boats	198-10005-10018
Soviet Intelligence	104-10092-10340
Soviet Intelligence	104-10219-10143
Soviet Intelligence	104-10219-10283
Soviet Intelligence	124-90137-10488
Soviet Intelligence Activities	124-10279-10258
Soviet Intelligence Branch	157-10005-10141
Soviet Liaison	104-10064-10012
Soviet Merchant Vessels	104-10512-10110
Soviet Military Alert	197-10002-10190
Soviet Military Attache	124-10369-10022
Soviet Military Buildup	178-10004-10054
Soviet Military Equipment	198-10005-10017
Soviet Military Forces in Cuba	198-10009-10099
Soviet Nationals	124-90155-10008
Soviet Officials	104-10534-10173
Soviet Operations	104-10301-10010
Soviet Operations	180-10143-10227
Soviet Principal	124-90092-10002
Soviet State Security Organization	104-10101-10215
Soviet State Security Organization	104-10290-10155
Soviet Target	104-10095-10161
Soviet Technicians	104-10098-10404
Soviet Transcribers	104-10095-10161
Soviet Union	104-10051-10106
Soviet Union	104-10093-10109
Soviet Union	104-10095-10161
Soviet Union	104-10119-10247
Soviet Union	104-10130-10215
Soviet Union	104-10132-10092
Soviet Union	104-10133-10437
Soviet Union	104-10162-10247
Soviet Union	104-10172-10107
Soviet Union	104-10172-10111
Soviet Union	104-10172-10112
Soviet Union	104-10173-10134
Soviet Union	104-10173-10135
Soviet Union	104-10185-10117
Soviet Union	104-10209-10259
Soviet Union	104-10227-10003
Soviet Union	104-10290-10190
Soviet Union	104-10290-10309
Soviet Union	104-10300-10124
Soviet Union	104-10302-10030
Soviet Union	104-10306-10016
Soviet Union	104-10306-10018
Soviet Union	104-10307-10024
Soviet Union	104-10308-10163
Soviet Union	104-10308-10208
Soviet Union	104-10326-10010
Soviet Union	104-10418-10378
Soviet Union	104-10437-10079
Soviet Union	124-10273-10070
Soviet Union	124-10285-10254
Soviet Union	124-90139-10138
Soviet Union	176-10036-10027
Soviet Union	176-10037-10120
Soviet Union	177-10002-10092
Soviet Visa	104-10012-10024
Soviet bloc	104-10232-10019
Soviet citizen	104-10209-10018
Soviet embassy	180-10143-10100
Soviet emigration	104-10004-10213
Soviet intelligence	104-10209-10018
Soviet intelligence services	104-10004-10213
Soviet machinery	104-10097-10360
Soviet presence	104-10098-10404
Spain	104-10161-10330
Spain	104-10161-10331
Spain	104-10194-10024
Spain	104-10215-10003
Spain	104-10216-10000
Spain	124-10115-10027
Spain	177-10001-10445
Spanish Connection	104-10527-10277
Spanish Embassy	104-10070-10079
Spanish Government	124-90138-10007
Spanish Letter	124-10115-10027
Spanish Sahara	104-10209-10025
Spanish Service	104-10245-10000
Spanish transcripts	180-10143-10100
Spanish version	104-10185-10171
Spanish version	104-10186-10037
Special Activities Staff	178-10002-10279
Special Affairs Staff	104-10179-10167
Special Agent Harold G. TITSLER	104-10110-10243
Special Forces	104-10165-10004
Special Group	104-10310-10020
Special Group	178-10004-10054
Special Group Meeting	176-10011-10152
Special Inquiry	104-10241-10249
Special Operation	104-10262-10385
Special Projects	124-10326-10098
Special Security Division	104-10114-10042
Spotmatics	104-10188-10015
Spotting	104-10185-10009
St. Regis Paper Company	124-90139-10070
St. Regis Paper Company	124-90139-10071
Staff Agent	104-10187-10003
Staff C/ICB	104-10250-10199
Staff capacity	104-10112-10450
Standards	104-10337-10014
Stanislav GALKIN	104-10263-10139
Stanislav Sergeyevich SILNIKON	104-10173-10104
Stanko-Canada LTD	104-10414-10002
Stanley M. Moskowitz	104-10337-10001
Stanley Shultz	104-10162-10107
State Department	104-10051-10106
State Department	104-10077-10136
State Department	104-10120-10301
State Department	104-10121-10263
State Department	104-10130-10339
State Department	104-10130-10381
State Department	104-10132-10092
State Department	104-10133-10437
State Department	104-10172-10111
State Department	104-10173-10134
State Department	104-10174-10038
State Department	104-10437-10079
State Department	124-90138-10007
State Department	157-10002-10056
State Department	157-10004-10270
State Department	157-10011-10048
State Department	176-10030-10422
State Department	176-10033-10145
State Integree	104-10110-10095
Station	104-10100-10247
Station	104-10119-10183
Station D	104-10107-10180
Station Operations	104-10301-10010
Station Support	104-10187-10003
Stay-behind nets	104-10180-10180
Steve	104-10529-10330
Steve Minas	124-10212-10160
Steve Murray	104-10172-10001
Stockholm	124-10163-10134
Stokely Carmichael	104-10173-10166
Stokely Carmichael	104-10433-10212
Strategic Hamlet Program	176-10036-10078
Strategic Hamlet Program	176-10036-10103
Strategic Hamlet Program	176-10036-10116
Strategic Hamlets	176-10036-10088
Strategic Hamlets	176-10036-10094
Strategic Hamlets	176-10036-10179
Strategic Hamlets	176-10037-10494
Strategic Hamlets	178-10003-10001
Strategic Information	104-10186-10088
Strategic Information	104-10186-10308
Student Activism	104-10114-10160
Student Elections	104-10062-10227
Student Groups	104-10170-10121
Student Groups	104-10175-10179
Student Organizations	104-10093-10279
Student Project	104-10304-10000
Student Resistance	104-10171-10018
Student Revolutionary Directorate	104-10181-10117
Student Travel	124-90140-10012
Sturbitts, William	178-10002-10279
Sub-agents	104-10070-10079
Sub-agents	104-10308-10127
Subcommittee on Cuban Subversion	198-10009-10098
Subversion	104-10101-10239
Subversion	104-10183-10259
Subversion	104-10302-10020
Subversion	104-10338-10018
Subversion	177-10001-10305
Subversion	202-10002-10124
Subversive Activities Control Board	104-10250-10200
Subversives	198-10005-10018
Sudan	104-10182-10073
Sugar	104-10516-10348
Sugar Crop	104-10098-10401
Sugar Industry	104-10172-10041
Suicide	176-10036-10135
Sukarno	104-10122-10344
Summit Hill	104-10185-10243
Summit Hill Apartments	104-10185-10230
Summit Hill Apartments	104-10185-10234
Summit Hills Apartments	104-10161-10226
Summit Hills Apartments	104-10185-10244
Supervisory Responsibilities	104-10304-10000
Supply Apparatus	104-10179-10134
Supply Request	104-10076-10229
Support Branch	104-10301-10008
Supreme Court Justice	104-10232-10019
Surete Nationale	104-10074-10007
Surface-to-Air Missiles	104-10076-10372
Surveillance	104-10065-10028
Surveillance	104-10077-10356
Surveillance	104-10095-10161
Surveillance	104-10095-10276
Surveillance	104-10101-10215
Surveillance	104-10180-10050
Surveillance	104-10183-10346
Surveillance	104-10187-10009
Surveillance	104-10187-10014
Surveillance	104-10218-10060
Surveillance	104-10301-10010
Surveillance	180-10110-10100
Surveillance	198-10007-10013
Susan Heiligman Frank	104-10169-10282
Suspect	124-10163-10134
Swan propaganda	104-10232-10018
Sweden	124-10163-10134
Sweeten	104-10072-10212
Swiss Embassy	124-90138-10007
Swiss Federal Police	124-10062-10456
Swiss Federal Police	124-10320-10087
Switzerland	104-10107-10135
Switzerland	124-10284-10155
Switzerland	124-10311-10292
Syria	177-10002-10096
Syria	177-10002-10097
Syria	177-10002-10098
Syria	177-10002-10103
T. A. Bisson	104-10173-10134
TACKLE	176-10011-10152
TAD	124-90092-10016
TAMAYO FNU	104-10219-10418
TARASOFF BORIS DIMITRI	104-10130-10305
TARROT	104-10075-10200
TDCS	104-10179-10122
TDCS-3/485,732	176-10037-10440
TDCSDB-3/658	177-10001-10060
TDCSDB-3/658, 582	177-10001-10060
TDY	104-10130-10344
TEGU	104-10516-10227
TEJANA	104-10172-10062
TELTAP	104-10326-10087
TERLAUP	104-10071-10122
TESTIMONY	157-10002-10165
THEMISTOCLES APOSPOROS	104-10076-10153
THER LAULT	104-10071-10122
THOMPSON	104-10183-10037
THOMPSON	104-10215-10188
TICRYSTAL	104-10516-10214
TIME Magazine	104-10179-10209
TOMAS BENE (INGUANZO) ORTIZ	104-10076-10277
TOP SECRET clearance	104-10107-10180
TORKS	104-10528-10149
TORRES Pacheco Hector de	104-10122-10135
TOY Assignment	104-10120-10301
TOY Replacement	104-10130-10343
TRA	124-10212-10337
TRA	124-10221-10229
TRA	124-10300-10012
TRAFFICANTE, SANTOS	157-10002-10165
TRAIN	104-10068-10164
TRAINING	104-10078-10014
TRAVEL	180-10110-10100
TRAVEL PLANS	104-10078-10014
TRIP TO MEXICO	180-10110-10100
TROTSKYITE	124-10158-10061
TSD	104-10066-10076
TSD	104-10095-10161
TSD	104-10110-10245
TSD	104-10124-10149
TSD	104-10179-10167
TSD material	104-10122-10147
TSD/DB	104-10185-10247
TSD/IB	104-10162-10107
TSD/IB	104-10162-10108
TSD/IB	104-10185-10209
TSINGHUA University	104-10100-10199
TSIRIMOKOS	104-10170-10121
TSYMBAL	104-10210-10020
TTW/Support	104-10131-10016
TV Tube Factory	104-10100-10087
TV intrusion	104-10171-10039
TYP	104-10290-10046
TYPIC	104-10075-10200
TYPIC	104-10076-10277
TYPIC	104-10077-10356
TYPIC	104-10100-10357
TYPIC	104-10101-10109
TYPIC	104-10216-10273
TYPIC	104-10528-10056
TYPICH	104-10101-10198
Tactics	104-10215-10146
Tadeusz SZULC	104-10102-10233
Tadeusz SZULC	104-10103-10103
Taiwan	176-10036-10102
Tamara Espinosa	124-90137-10488
Tampa	104-10174-10072
Tampico	104-10052-10130
Tanks	104-10075-10099
Tape Analysis	104-10227-10003
Tarasoff	104-10130-10215
Target Analysis	104-10183-10276
Target Lines	104-10187-10030
Task Force Report	104-10506-10028
Task Force Southeast Asia	176-10037-10460
Task Force W	104-10102-10224
Task Force W	104-10131-10014
Task Force W	104-10171-10033
Task Force W	157-10011-10083
Task Force W	178-10002-10215
Task Force W	178-10002-10279
Tax	104-10161-10154
Teachers Strike	104-10177-10219
Teahouse of the Blue Lagoon	104-10165-10004
Teamwork	104-10215-10146
Technical	104-10187-10030
Technical Capabilities	124-90092-10016
Technical Coverage	124-10325-10318
Technical Division	104-10123-10219
Technical Division	104-10123-10407
Technical Interrogation	104-10172-10105
Technical Interrogation Report	104-10266-10138
Technical Operations	104-10187-10009
Technical Operations	104-10301-10010
Technical Security Countermeasures Committee	104-10123-10407
Technical Services Division	104-10123-10097
Technical Services Division	104-10131-10016
Technical Services Section	104-10301-10008
Technical Supervisor	104-10178-10052
Technician/Instructor	104-10178-10052
Tehran	104-10177-10224
Tejana III	104-10172-10177
Tel-Taps	104-10332-10020
TelTaps	104-10326-10068
Telefonos de Mexico	104-10413-10053
Telegram	104-10174-10030
Telephone	104-10177-10224
Telephone Calls	104-10016-10021
Telephone Conversation	104-10068-10142
Telephone Intercepts	157-10004-10144
Telephone Monitoring	104-10105-10293
Telephone Surveillance	124-90124-10055
Telephone Taps	180-10110-10100
Telescopic sight	104-10216-10171
Tenelli	104-10072-10212
Tensions	176-10036-10095
Teodoro	104-10075-10225
Tepedino	124-10280-10030
Termination	104-10103-10112
Termination	104-10194-10024
Termination	104-10291-10003
Termination Bonus	104-10187-10009
Termination Report	104-10211-10326
Terrorism	104-10177-10217
Terrorism	104-10326-10087
Terrorism	177-10001-10305
Terrorism	177-10002-10012
Terrorism	198-10009-10099
Terrorist Activity	176-10036-10097
Terrorist Acts	104-10101-10227
Terrorist Financing	104-10290-10168
Terry Knott	124-90110-10083
Test Ban Treaty	104-10306-10007
Test Ban Treaty	104-10306-10016
Testimony	104-10250-10200
Testimony	157-10005-10141
Testimony	180-10131-10324
Tetrahydrofuran	104-10308-10053
Thailand	176-10036-10179
Thailand	177-10002-10101
Thailand	177-10002-10103
The Church	104-10186-10308
The Press	104-10186-10308
Thich Thien Hoa	176-10036-10135
Thich Tri Quang	176-10036-10138
Third World War	177-10001-10064
Thomas C. Clines	104-10231-10418
Thomas E. Davis	104-10166-10158
Thomas Karamessines	104-10173-10132
Thomas L. Roberts	104-10107-10135
Thomas L. Roberts	104-10107-10137
Thomas L. Roberts	104-10119-10040
Thomas Lee Roberts	104-10107-10085
Thomas M. Hewitt	104-10231-10418
Thomas W. Coons	104-10105-10277
Thorez	104-10074-10007
Threats	124-10311-10292
Tibet	178-10003-10001
Tichborn	104-10174-10043
Tijuana	177-10002-10069
Tijuana	177-10002-10070
Times of Vietnam	176-10036-10104
Tipteft	104-10217-10228
Tire Recap	104-10164-10088
Tisiman and Lipp Inc.	104-10183-10044
Tobacco	104-10516-10348
Tocumen Airport	104-10172-10001
Tokyo	104-10176-10015
Tokyo	104-10176-10020
Tokyo	104-10219-10143
Tomorrow is Too Late Club	104-10176-10020
Ton That Dinh	176-10036-10078
Ton That Xung	176-10036-10086
Ton Ton Macoutes	104-10166-10262
Tony Varona	104-10179-10025
Toronto	104-10414-10002
Torrens Base	104-10076-10372
Torres	104-10234-10101
Touchdown Club	104-10122-10307
Tourist Approach	104-10181-10099
Tourist Card	104-10218-10097
Tourist Commission	104-10186-10235
Tourist Police	104-10186-10235
Townsend Corporation	104-10124-10149
Trace	104-10412-10005
Trace Request	104-10077-10076
Traces	104-10014-10051
Traces	104-10068-10172
Traces	104-10162-10017
Traces	104-10177-10224
Traces	104-10326-10055
Trade	104-10098-10401
Trade	198-10005-10017
Trade Negotiations	104-10516-10348
Trade Policies	177-10002-10069
Trade Policies	177-10002-10070
Trade Representation	104-10414-10002
Tradecraft	104-10215-10139
Tradecraft	104-10267-10196
Traffic	104-10101-10256
Trainees	104-10172-10062
Training	104-10111-10044
Training	104-10111-10045
Training	104-10167-10190
Training	104-10167-10375
Training	104-10178-10054
Training	104-10183-10376
Training	104-10185-10117
Training	104-10215-10139
Training	104-10215-10146
Training	104-10267-10196
Training	104-10516-10103
Training	176-10038-10032
Training	177-10001-10305
Training Base	104-10167-10366
Training Groups	124-10332-10047
Tran Kim Phuong	176-10036-10099
Tran Kim Tuyen	176-10036-10115
Tran Kim Tuyen	176-10037-10454
Tran Thien Khiem	176-10036-10142
Tran Van Don	176-10036-10137
Tran Van Ly	176-10037-10493
Trans Pacific Commerce Consultants	104-10101-10129
Transaction Review Section	104-10130-10305
Transcription	104-10227-10003
Transcripts	104-10187-10030
Transfer of Funds	198-10008-10119
Transit Police	104-10186-10235
Translated Letter	124-10237-10009
Transportation	104-10098-10401
Transportation	104-10177-10219
Travel	104-10100-10239
Travel	104-10119-10247
Travel	104-10123-10223
Travel	104-10130-10343
Travel	104-10130-10344
Travel	104-10183-10355
Travel	104-10183-10436
Travel	104-10186-10264
Travel	104-10194-10024
Travel	104-10218-10060
Travel	104-10269-10079
Travel	104-10519-10184
Travel	124-90092-10016
Travel	177-10001-10305
Travel Briefing	104-10110-10095
Travel Briefing	104-10121-10091
Travel Briefing	104-10129-10438
Travel Claims	104-10103-10038
Travel Control	104-10113-10249
Travel Control	119-10021-10413
Travel Control	198-10007-10021
Travel Control Project	104-10250-10200
Travel Itinerary	104-10113-10249
Travel Orders	104-10113-10030
Travel Plans	104-10100-10086
Travel Plans	104-10234-10148
Travel Precautions	104-10110-10095
Travel Precautions	104-10121-10304
Travel Restrictions	104-10308-10165
Travel Restrictions	198-10007-10013
Travel Watchlist	104-10187-10208
Travel control	198-10007-10022
Travel of Latin Americans to Cuba	198-10008-10119
Travel to Russia	124-10326-10103
Travelers Advisory Service	104-10185-10253
Trent	104-10169-10017
Tri-State Engineering	104-10178-10049
Tri-State Engineering	104-10178-10054
Tri-State Engineering Service, Inc.	104-10178-10052
Tribesmen	176-10036-10078
Tribuna Libre	104-10167-10297
Trieste Base	104-10185-10030
Trinchera	104-10171-10018
Trinidad	104-10110-10095
Trip Sponsorship	104-10234-10101
Tropicana Nightclub	124-10212-10160
Trotsky	104-10172-10107
Trotskyist	104-10173-10134
Trotskyite	124-90140-10012
Truck Traffic	104-10076-10372
Truehart	176-10036-10173
Trujillo	124-90135-10074
Truong Dinh Cac	176-10036-10078
Trust Account	104-10231-10042
Trust Accounts	104-10229-10002
Truth Tapes	104-10069-10260
Tshombe	104-10182-10073
Tsinghua University	104-10529-10329
Tube-like Objects	104-10076-10372
Turin	104-10100-10087
Turin	104-10528-10053
Turkey	104-10074-10007
Turkey	104-10290-10190
Turkey	177-10002-10098
Turkey	177-10002-10101
Tuyen Group	176-10036-10134
Twin Cannons	104-10075-10099
Two-way SW correspondence	104-10180-10138
U-2 Overflights	104-10306-10010
U-2 overflights	178-10004-10054
U.K.	104-10228-10076
U.S. Air Forces	124-90037-10081
U.S. Army Attache	124-90124-10055
U.S. Army Europe	124-90037-10081
U.S. Army Investigator Credential	104-10120-10276
U.S. Army Joint Operations Group	104-10110-10340
U.S. Army Staff Group	104-10120-10275
U.S. Chamber of Commerce of Mexico City	104-10218-10035
U.S. Embassy	104-10519-10182
U.S. Government	176-10036-10095
U.S. Navy Deserters	104-10064-10012
U.S. Non-Immigrant Visa	104-10162-10107
U.S. Non-Immigrant Visa	104-10162-10108
U.S. Policy	104-10071-10122
U.S. Special Forces	176-10036-10095
U.S. citizenship	104-10295-10168
U.S.S.R.	104-10074-10007
UDI	104-10215-10139
UFCT-22352	104-10229-10002
UFG	104-10076-10442
UFGA	104-10076-10442
UFGT 15216	104-10170-10121
UFGT 16628	104-10170-10121
UFGT-4735	104-10077-10067
UFGT-4905	104-10077-10067
UFOT 2737	104-10166-10079
UFOT 3613	104-10166-10079
UIA	104-10100-10223
UK	104-10066-10010
UK	104-10147-10304
UK Embassy	124-10114-10010
ULITMAS NOVEDADES S.A.	104-10528-10056
ULN	104-10308-10029
UMC	176-10036-10051
UN	104-10180-10042
UNIDAD REVOLUCIONARIA	104-10226-10087
UNION	104-10061-10053
UNIS	104-10069-10132
UNRUMBLE 6	104-10179-10136
UNSKAPU/9	104-10216-10338
UNSNAFU-19	104-10183-10437
UNSNAFU-19	104-10183-10439
UNSNAFU-9	104-10216-10398
UNSNAFU/19	104-10183-10233
UNSNAFU/19	104-10216-10338
UNWITTING	104-10439-10113
UPC Staff Agent	104-10119-10338
UPHILL	104-10172-10243
UPI	104-10326-10044
UPI	104-10326-10045
UR	104-10172-10147
URM	104-10226-10011
US Army Records Analysis Group	104-10161-10115
US Foreign Policy	176-10037-10120
US Government	104-10217-10000
US Government Contract Employee	104-10130-10381
US Military Aid	176-10036-10085
US Passports	104-10218-10097
US delegation	104-10069-10359
US policy	176-10036-10173
USCG	104-10069-10077
USIA	104-10170-10037
USIA	104-10172-10107
USIB	178-10003-10001
USIS	104-10069-10132
USOM	176-10038-10032
USSR	104-10069-10359
USSR	104-10130-10381
USSR	104-10164-10032
USSR	104-10219-10154
USSR	104-10414-10002
USSR	124-90092-10016
USSR	177-10002-10096
USSR	177-10002-10097
USSR	177-10002-10098
USSR	177-10002-10101
USSR	177-10002-10102
USSR	177-10002-10103
USSR CONSULATE	104-10004-10143 (C06932208)
USSR External Policy	104-10165-10077
USSR-Congo	177-10002-10101
USSR-India	177-10002-10101
Uirera Valdes	104-10179-10027
Ultimas Novedades S.A.	104-10100-10090
Unauthorized Disclosure	124-10279-10209
Unauthorized Travel	124-90137-10284
Unauthorized disclosure	104-10119-10247
Unblock Records	104-10161-10115
Undercover	104-10105-10277
Undercover	104-10105-10293
Underground Activities	104-10227-10150
Underground Activities	104-10232-10004
Underground Activities	104-10236-10056
Underground resistance	104-10171-10020
Underwater Craft	104-10275-10176
Unidad Revolucionario	104-10232-10018
Unidentified Man	104-10413-10306
Unit ID Card	104-10120-10275
Unit ID Card	104-10256-10428
United Kingdom	104-10290-10190
United Nations	104-10406-10136
United Nations	124-90139-10138
United Nations	176-10036-10023
United Nations	176-10036-10135
United Revolutionary Movement	104-10226-10011
United States	104-10183-10366
United States	104-10186-10309
United States	104-10192-10284
United States	104-10209-10018
United States	104-10219-10282
United States Relations	104-10186-10099
United States policy	104-10298-10095
United States support	176-10036-10149
Universidad Obrera de Mexico	104-10172-10111
Universities	104-10215-10035
University of Habana	104-10171-10018
University of Habana	104-10215-10003
University of Miami	104-10104-10094
University of Oklahoma	104-10172-10112
University of Oriente	104-10171-10013
Unpapist	104-10179-10134
Unrumble 6	104-10179-10134
Unsuccessful Mission	104-10308-10062
Uprising	104-10226-10087
Uprising	104-10234-10083
Uprisings	157-10004-10095
Uruguay	104-10179-10113
Uruguay	104-10236-10075
Uruguay	104-10338-10018
VA plan	104-10178-10049
VALDES	104-10077-10112
VALDES	104-10516-10103
VALDES Andino, Pedro Julio	104-10122-10135
VALDEZ Martinez, Sergio	104-10122-10135
VALENZUELA	157-10002-10165
VALIK Traces	104-10172-10278
VALLE Gutierrez, Jesus del	104-10122-10135
VARONA Cortinas, Julio Pascual	104-10122-10135
VASLOUCH	104-10173-10104
VASLOUCH	104-10516-10195
VC	176-10036-10087
VC	176-10037-10452
VC Activity	176-10036-10179
VEGA	104-10290-10046
VEGA Clark, Manuel de la	104-10122-10135
VENTURA, ESTEBAN	124-10284-10172
VENUS	104-10182-10137
VERASERO	104-10098-10404
VERGES	104-10217-10196
VHF/UHF	104-10179-10167
VIAUX	157-10002-10165
VIERA Linares	104-10180-10042
VINE 1	104-10187-10110
VIO L. NEVES	104-10512-10102
VIRK JERVAY	104-10217-10196
VNAF	176-10036-10143
VNQDD	176-10036-10098
VOLUME XII	124-10369-10022
VR	104-10076-10153
VR	104-10290-10055
VR	104-10516-10227
VTC	104-10107-10180
Vaccination Certificate	104-10162-10107
Vaccination Certificate	104-10162-10108
Vachats Associates	104-10111-10079
Valdes Cardenas	104-10072-10212
Valentin ARENAS Arminan	124-90041-10023
Valentin Anatoleyevich Belokon	104-10414-10002
Valentin HAHN	104-10176-10020
Valentin Sergeyevich Loginov	104-10173-10104
Valentin Vasilevich Bakulin	124-10279-10258
Valentine HAHN	104-10176-10015
Valeriy Vladimirovich Kostikov	104-10012-10022
Valeriy Vladimirovich Kostikov	104-10431-10091
Vatican	104-10306-10007
Vatican	104-10406-10136
Vehicle	104-10180-10050
Vehicles	104-10408-10329
Velis	104-10072-10212
Venezuela	104-10048-10252
Venezuela	104-10101-10175
Venezuela	104-10112-10148
Venezuela	104-10177-10217
Venezuela	104-10179-10182
Venezuela	104-10180-10044
Venezuela	104-10192-10110
Venezuela	104-10221-10222
Venezuela	104-10302-10020
Venezuela	104-10306-10018
Venezuela	124-10281-10028
Venezuela	124-90139-10138
Venezuela	177-10002-10012
Venezuela	177-10002-10096
Venezuela	177-10002-10097
Venezuela	177-10002-10098
Venezuela	177-10002-10101
Venezuela	177-10002-10102
Venezuela	177-10002-10103
Venezuelan Armed Forces Intelligence Service	104-10183-10346
Ventura	104-10308-10269
Vergara	124-90138-10007
Vernon Fund	104-10116-10261
Vernon Fund	104-10117-10203
Vicent Theodore Lee	104-10308-10163
Vicente Herrero Diaz	104-10228-10419
Vicente Mendez	104-10170-10125
Victor Manuel Gutierrez	104-10180-10042
Victor Thomas Vicente	104-10308-10163
Victoria	104-10075-10203
Vienna	104-10209-10018
Vienna	124-10150-10104
Vienna	124-90037-10081
Vienna	124-90092-10016
Vienna	124-90110-10072
Vientiane	104-10121-10174
Viet Cong	176-10036-10097
Viet Cong	176-10036-10098
Viet Cong	176-10036-10103
Viet Cong	176-10036-10117
Viet Cong	176-10036-10137
Viet Cong	176-10036-10143
Viet Cong	176-10036-10149
Viet Nam	104-10069-10132
Viet-Nam	176-10036-10179
Vietnam	104-10302-10030
Vietnam	104-10306-10011
Vietnam	104-10306-10018
Vietnam	176-10011-10152
Vietnam	176-10036-10087
Vietnam	176-10036-10088
Vietnam	176-10036-10095
Vietnam	176-10036-10098
Vietnam	176-10036-10102
Vietnam	176-10036-10103
Vietnam	176-10036-10104
Vietnam	176-10036-10115
Vietnam	176-10036-10116
Vietnam	176-10036-10135
Vietnam	176-10036-10138
Vietnam	176-10036-10139
Vietnam	176-10036-10143
Vietnam	176-10036-10173
Vietnam	176-10037-10452
Vietnam	176-10037-10453
Vietnam	176-10037-10494
Vietnam	176-10038-10032
Vietnam	177-10002-10096
Vietnam	177-10002-10103
Vietnam Task Force	176-10036-10073
Vietnam War	104-10064-10012
Vietnamese Air Force	176-10036-10094
Vietnamese Communist	176-10036-10085
Vietnamese Communists	176-10036-10078
Vietnamese Communists	176-10037-10493
Vietnamese mission in Havana	104-10433-10212
Villalon	104-10169-10269
Viola June Cobb	104-10175-10176
Virginia	124-10273-10104
Virginia Gomez Nieto	104-10092-10340
Virginia Secades	104-10234-10096
Virginia address	104-10120-10297
Visa	124-10181-10009
Visa	124-10311-10292
Visa Application	104-10006-10247
Visa Application	104-10172-10278
Visa Application	104-10219-10282
Visa Application	180-10110-10100
Visa Request	104-10012-10022
Visa Request	104-10431-10091
Visas	104-10077-10136
Visit	104-10077-10382
Viviana Stakon	104-10163-10065
Vladimir Agafonovich DOLCOV	104-10173-10104
Vladimir Ivanovich SHFAKEVICH	104-10173-10104
Vladimir Kuznetsov	104-10414-10002
Vladimir RODRIGUEZ Lahera	104-10161-10226
Vladimir Rodriguez Lahera	104-10185-10234
Vladislav Sergeyevid MUSIKIN	104-10173-10104
Vortice Tres	104-10169-10017
Voter Registration	104-10185-10253
W 7	104-10516-10338
W-2	104-10110-10328
W-2	104-10110-10340
W-2	104-10111-10086
W-2	104-10120-10290
W-2 Form	104-10161-10154
W. David Slawson	104-10004-10213
W/T Assets	104-10069-10185
W/T OPR	104-10169-10265
W/T Operators	104-10179-10025
WALLACE A. GROWERY	104-10215-10188
WASP	104-10167-10375
WAVE	104-10075-10250
WAVE	104-10077-10296
WAVE	104-10078-10020
WAVE	104-10169-10265
WAVE	104-10170-10096
WAVE	104-10172-10137
WAVE	104-10180-10176
WAVE	104-10183-10376
WAVE	104-10528-10056
WAVE 8542	104-10076-10153
WAVE-7893	104-10077-10285
WED Staffers	104-10185-10252
WELDRAKE	104-10077-10087
WEYDE	104-10172-10248
WH	104-10250-10199
WH 1745	104-10187-10110
WH 7	104-10290-10055
WH DIV	104-10187-10110
WH Division	104-10009-10021
WH Division	104-10012-10076
WH Division	104-10112-10450
WH/4/Propaganda	104-10128-10300
WH/4/Propoganda	104-10114-10161
WH/C/JMWAVE	104-10256-10213
WH/LOG	104-10529-10367
WHAPRON	104-10216-10273
WHD asset	104-10161-10226
WHDIVE	104-10187-10109
WILLIAM K. HARVEY	124-90092-10001
WILLIAM K. HARVEY	124-90092-10002
WIMERT	157-10002-10165
WINNER	124-10291-10319
WIROGUE/1	104-10291-10003
WITTING	104-10439-10113
WKSCARLET-3	104-10220-10069
WNINTEL	104-10014-10051
WNINTEL	104-10326-10013
WNINTEL	104-10326-10068
WNINTEL	104-10326-10078
WOBONE	104-10121-10174
WOFACT	104-10072-10227
WOFACT	104-10192-10229
WOFIRM	104-10121-10174
WOFIRM	104-10186-10004
WOGAME	104-10183-10333
WOGAME	104-10225-10035
WOMUSE	104-10063-10206
WOMUSE	104-10178-10130
WOPLAY	104-10119-10220
WRUL	104-10245-10000
WRUL	104-10308-10208
WT operator	104-10180-10215
WUBRINY	104-10107-10135
WUBRINY	104-10107-10137
WUBRINY	104-10164-10088
WUBRINY	104-10263-10111
WUENTREE	104-10177-10220
WUSALINE	104-10119-10220
Wackenhut Corporation	104-10130-10472
Waldemar F. Lee	104-10170-10037
Wallenberg	104-10014-10064
Wallenberg	104-10172-10255
War Materiel	104-10512-10110
Warren Commission	104-10004-10143 (C06932208)
Warren Commission	104-10004-10143
Warren Commission	104-10004-10156
Warren Commission	104-10004-10213
Warren Commission	104-10005-10321
Warren Commission	104-10007-10345
Warren Commission	104-10009-10222
Warren Commission	104-10012-10078
Warren Commission	104-10012-10079
Warren Commission	104-10337-10014
Warren Commission	104-10423-10337
Warren Commission	124-10114-10010
Warren Commission	157-10004-10144
Warren Report	104-10326-10077
Warrenton	124-10273-10104
Warwick Apartments	104-10123-10160
Washington D.C.	104-10161-10321
Washington Post	104-10326-10068
Washington Times	104-10326-10101
Watch List	124-10273-10070
Watchlisting	104-10183-10355
Watergate	104-10105-10277
Watergate	104-10173-10130
Watergate	104-10173-10132
Watergate	104-10177-10206
Watergate	104-10308-10044
Watergate hearings	104-10105-10271
Weapon Modification	104-10216-10159
Weapon Testing	104-10216-10171
Weapons	104-10069-10077
Weapons	104-10169-10271
Weapons	124-90110-10083
Weapons	198-10005-10018
Weisberg Request	104-10433-10209
Welch, Mott & Morgan	104-10122-10307
Well Surveying Corporation	104-10106-10716
Wennerstrom	124-10325-10318
Wes Davis	104-10069-10077
Wes Reynolds	104-10130-10472
West Africa	104-10107-10135
West German Federal Office for the Protection of the Constitution	124-90037-10081
West Germany	104-10516-10348
Western Europe	104-10516-10348
Western Europe	177-10002-10092
Western Hemisphere Division	104-10183-10325
Western Union Telegram	104-10110-10433
White House	157-10002-10106
White Paper	176-10036-10104
Wholesale	104-10164-10032
Wilberto	104-10185-10105
Wilbur Burton	104-10173-10134
Will	104-10072-10212
William A. Snyder, Jr.	104-10105-10277
William Alexander Morgan	124-90135-10074
William Bart Lancaster	104-10106-10716
William C. Sturbitts	157-10011-10083
William C. Sturbitts	178-10002-10091
William Crosey	104-10107-10089
William D. PAWLEY	104-10049-10375
William D. PAWLEY	104-10265-10141
William Hamilton MARTIN	104-10176-10015
William Hamilton MARTIN	104-10176-10020
William Harvey	104-10103-10079
William Harvey	157-10014-10109
William Herrington	124-10332-10018
William J. Acom	104-10070-10296
William K. Harvey	124-90092-10016
William Kenny	124-90110-10072
William M. Marcy	104-10123-10407
William Morgan	124-90041-10023
William Orville MUNSELL	104-10132-10092
William Orville Munsell	104-10051-10106
William Orville Munsell	104-10437-10079
William Pawley	104-10049-10362
William Sturbitts	178-10002-10215
William Zebulon Foster	104-10074-10007
Williams Peep sight	104-10216-10171
Win Scott	177-10001-10445
Win Scott	180-10110-10100
Winbolt	180-10143-10100
Winston Scott	104-10171-10220
Wiretap	104-10326-10068
Wiretapping	157-10004-10280
Wiretaps	157-10011-10048
Withdrawal	176-10036-10094
Withdrawal of Troops	176-10036-10023
Woodvent	104-10232-10018
Worker Pay	104-10516-10270
Workers Housing	104-10177-10219
World Confederation of Organizations of the Teaching Profession	104-10116-10261
World Confederation of Organizations of the Teaching Profession	104-10117-10203
World Health Organization	104-10077-10112
World Health Organization	104-10097-10077
World Health Organization	104-10516-10103
World Trade Center	104-10291-10009
World War I	104-10308-10189
World War II	104-10308-10189
World Youth Festival	104-10164-10032
Wu Ching-Hsiang	104-10100-10223
XMAS	104-10516-10227
XMBEROUS	104-10225-10035
XPORTELA	104-10234-10088
Xio Layva Fuentes	104-10100-10411
YATSKOV	104-10173-10097
YIS	124-90110-10070
YM Support	104-10186-10004
YOACRE	104-10076-10295
YOBITE	104-10179-10195
YOCOUGH	104-10104-10172
YOSHIKAWA Yuichi	104-10064-10012
YURI IVANOVICH NOSENKO	124-90155-10008
Yale University	104-10529-10329
Yang (FNU)	176-10036-10078
Yang Ting-Pao	104-10100-10223
Yazkov	104-10326-10101
Yemen	104-10182-10073
Yemen	177-10002-10098
Youth Festival	104-10048-10252
Youth Wings	104-10192-10110
Yugoslav Intelligence Service	124-90110-10070
Yugoslavia	104-10290-10190
Yugoslavia	104-10326-10092
Yugoslavia	124-90110-10071
Yugoslavia	176-10037-10120
Yung Koon-Man	104-10169-10282
Yurasov	104-10326-10101
Yuri Nosenko	180-10131-10324
Yuri Rastvorov	104-10219-10143
Yurily Ivanovich	104-10106-10300
Yuriy I. NOSENKO	104-10210-10020
Yuriy Ivanovich MOSKALEV	104-10413-10306
ZABOTH	104-10169-10265
ZAKHARW	104-10173-10104
ZALA	104-10528-10056
ZAPOTE	104-10183-10347
ZEPRIMA	104-10077-10153
ZRGRACE	104-10176-10020
ZROCEAN	104-10100-10065
ZRPRIMA	104-10100-10034
ZRPRIMA	104-10527-10212
ZRRIFLE	104-10185-10009
ZRRIFLE	104-10185-10030
ZRRIFLE	157-10002-10105
ZRRIFLE	157-10014-10109
ZURICH	124-10158-10061
Zachary De Caster	104-10179-10195
Zanzibar	104-10182-10073
Zanzibar	104-10306-10010
Zarifort Associates	104-10174-10058
Zenith Technical Enterprises Inc.	104-10104-10094
academic community	104-10406-10136
access control	104-10143-10088
accommodation address	104-10295-10001
accommodation addresses	104-10121-10191
accommodation addresses	104-10171-10095
accommodation addresses	104-10171-10097
accounting	104-10174-10043
accounting	104-10174-10058
accounting procedures	104-10174-10036
action agents	104-10075-10373
activation	104-10183-10037
activation effort	104-10215-10188
address	104-10174-10058
address	104-10234-10096
addresses	104-10216-10199
administration	104-10179-10121
advertising	104-10092-10340
aeronautical spare parts	104-10216-10046
affairs	104-10111-10094
agent	104-10169-10135
agent	104-10169-10265
agent	104-10183-10335
agent	104-10234-10096
agent	104-10295-10001
agent communication	104-10076-10000
agent message	104-10075-10232
agent recruitment	104-10120-10373
agents	104-10163-10136
agents	104-10171-10095
agents	104-10216-10199
agents	104-10406-10136
airborne training	104-10120-10381
airline executive	104-10107-10087
airport	104-10004-10143
alias	104-10120-10273
alias	104-10123-10097
alias	104-10123-10098
alias	104-10131-10016
alias	104-10169-10135
alias birth certificate	104-10105-10290 (C06932214)
alias documentation	104-10105-10271
alias documentation	104-10120-10297
alias documentation	104-10131-10016
aliases	104-10071-10404
aliases	104-10178-10130
ammunition	104-10069-10120
antenna	104-10179-10167
anti-CASTRO	104-10221-10222
anti-CASTRO Cubans	104-10049-10362
anti-CASTRO organizations	104-10115-10074
anti-Castro	104-10093-10065
anti-Castro	104-10265-10118
anti-Castro propaganda	176-10036-10051
anti-communist underground	104-10180-10178
apartment	104-10185-10228
apartment	104-10185-10230
appointments	104-10306-10025
approval	104-10406-10136
approval request	104-10172-10059
architects	104-10100-10199
architects	104-10100-10223
architecture	104-10100-10199
armed forces	104-10186-10309
armed forces	176-10036-10051
arms	104-10171-10033
arms	104-10221-10222
arms cache	104-10290-10162
arms caches	104-10180-10178
arms caching	104-10170-10059
arms dealing	104-10170-10145
arms request	104-10232-10019
arms sales	104-10216-10075
army generals	176-10036-10113
arrest	104-10186-10021
arrests	104-10076-10375
arrests	104-10193-10016
arrests	176-10036-10137
assassin	104-10072-10034
assassination	104-10071-10139
assassination	104-10071-10404
assassination	104-10072-10034
assassination	104-10108-10026
assassination	104-10173-10166
assassination	104-10178-10120
assassination	104-10178-10130
assassination	104-10181-10117
assassination	104-10234-10155
assassination	104-10241-10250
assassination	104-10433-10212
assassination	176-10036-10138
assassination	177-10001-10063
assessment	104-10100-10223
assessment	104-10120-10373
assessment	104-10120-10381
assets	104-10308-10054
assignment	104-10119-10338
assignment	104-10120-10274
asylum	104-10179-10113
asylum	104-10193-10016
audio surveillance	104-10110-10242
audio surveillance	104-10110-10243
audio surveillance	104-10110-10245
audio surveillance	104-10111-10079
audio surveillance	104-10120-10381
audit	104-10188-10015
auto-agression	104-10074-10413
automated index	104-10088-10074
award	104-10291-10002
background check	104-10162-10247
background check	104-10183-10439
backstop	104-10111-10086
backstop	104-10120-10290
backstop	104-10161-10001
backstopped driver's license	104-10131-10016
backstopping	104-10174-10058
backstopping	104-10180-10235
bank account	104-10180-10155
bank robberies	176-10036-10065
bank robberies	177-10002-10016
basehouses	104-10413-10053
biographic data	104-10075-10373
biographic data	104-10165-10084
black market	124-90137-10357
black power	104-10433-10212
bomb	104-10100-10251
bombs	104-10192-10154
book publishing	104-10175-10176
books	104-10308-10189
bridges	104-10171-10033
briefing	104-10161-10193
briefing	104-10187-10142
briefing	104-10306-10011
briefing paper	104-10326-10074
business interests	104-10177-10220
cabinet meeting	176-10036-10079
cable traffic	104-10169-10135
cables	180-10143-10100
cancellation	104-10088-10074
cancellation	104-10121-10191
candidates	104-10185-10030
carbon paper	104-10295-10001
career agent	104-10295-10168
career service	104-10291-10002
cargo traffic	104-10076-10371
cartridges	104-10100-10237
cartridges	104-10529-10367
case officer	104-10120-10381
case officer	104-10169-10135
case officer	104-10185-10202
case officers	104-10110-10242
cash transfers	176-10036-10065
catadioptric lenses	104-10188-10015
central cover staff	104-10185-10202
certification request	104-10129-10439
civil rights	104-10433-10212
clandestine activity	104-10221-10222
clandestine approach	104-10183-10139
clandestine communication	104-10295-10001
clandestine operation	104-10180-10215
clandestine operations	104-10111-10079
classified information	104-10105-10271
cloak and dagger	177-10001-10445
closure period	104-10100-10419
co-opted subject	104-10308-10189
coastal area	104-10076-10375
code materials	104-10105-10271
code names	104-10076-10000
coded message	104-10290-10199
codename	104-10234-10096
codes	104-10209-10164
coding	104-10180-10215
commando action	104-10232-10019
commando groups	176-10036-10051
commendation	104-10291-10002
commendation	104-10291-10004
commo gear	104-10122-10147
commo officer	104-10120-10381
communication	104-10169-10265
communication	104-10180-10162
communication	104-10216-10199
communication	104-10234-10096
communications intelligence	180-10143-10100
communications techniques	176-10036-10058
communist defectors	104-10308-10189
communist targets	104-10215-10003
communists	104-10167-10127
communists	104-10236-10053
communists	176-10036-10065
communists	177-10002-10016
compromise	104-10161-10330
compromise	104-10161-10331
concurrence	104-10406-10136
confinement	104-10106-10312
congress	104-10306-10011
consultant	104-10180-10218
consultant	104-10180-10235
contact	104-10166-10079
contact	104-10183-10232
contact information	104-10105-10290
contact list	104-10161-10321
contacts	104-10163-10136
contacts	104-10174-10036
contacts	104-10174-10038
contacts	104-10234-10050
contraband traffic	104-10185-10024
contract renewal	104-10077-10067
control	104-10295-10001
conversion	104-10119-10338
cooperation	104-10236-10053
correspondence	104-10295-10001
counter espionage	104-10308-10189
counter revolutionary	104-10236-10053
counterintelligence	104-10162-10247
counterintelligence	104-10180-10162
counterintelligence	104-10188-10015
counterintelligence	104-10209-10018
counterintelligence	104-10213-10202
countermeasures	104-10226-10117
counterrevolutionary organizations	104-10186-10309
coup	176-10036-10142
coup	176-10036-10149
coup	176-10036-10173
coup d'etat	176-10036-10086
coup d'etat	176-10036-10098
coup d'etat	176-10036-10113
coup d'etat	176-10036-10115
coup d'etat	176-10036-10134
coup d'etat	176-10037-10452
coup d'etat	176-10037-10493
coup plotting	176-10036-10137
courier	104-10101-10247
courier	104-10169-10265
courier channel	104-10073-10074
courier routes	124-90137-10467
cover	104-10130-10381
cover	104-10130-10485
cover	104-10161-10331
cover	104-10180-10218
cover	104-10180-10235
cover	104-10215-10004
cover arrangements	104-10105-10271
cover assignment	104-10173-10132
cover debriefing	104-10161-10144
cover employment	104-10256-10208
cover organization	104-10120-10373
cover potential	104-10110-10568
cover problems	104-10129-10439
cover status	104-10183-10335
cover status	104-10215-10003
cover story	104-10110-10242
cover story	104-10110-10243
cover story	104-10130-10215
cover story	104-10174-10043
cover story	104-10178-10052
cover story	104-10185-10202
covert action	104-10218-10035
covert employee	104-10250-10199
covert operation	104-10110-10245
covert operations	104-10173-10130
covert site	104-10185-10244
credential	104-10106-10547
credit	104-10108-10026
credit check	104-10120-10378
credit check	104-10130-10215
credit references	104-10178-10049
criminal activities	104-10179-10113
criminal history	104-10178-10130
criminal record	104-10071-10404
cryptonym	104-10169-10135
cryptonym	104-10188-10015
cryptonyms	104-10188-10015
crystal tuning	104-10179-10167
custody battle	104-10106-10325
customs duty	124-90137-10357
daily planner	104-10306-10025
dates	104-10111-10104
debrief	104-10183-10232
debriefing	104-10100-10223
debriefing	104-10163-10019
debriefing	104-10179-10113
debriefing	104-10185-10171
debriefing	104-10185-10252
debriefing	104-10186-10037
debriefing	104-10216-10000
debriefing	104-10256-10208
deception	104-10226-10090
declassification	104-10009-10222
decoding	104-10180-10215
defection	104-10100-10223
defection	104-10100-10411
defection	104-10106-10312
defection	104-10171-10021
defection	104-10181-10099
defection	104-10226-10001
defection	104-10234-10115
defection	104-10263-10139
defector	177-10001-10445
defensive briefing	104-10226-10117
deferred	104-10510-10090
delegation	104-10100-10223
delivery	104-10100-10237
demolition	104-10179-10167
demonstration	177-10001-10063
depth charges	104-10076-10400
destruction	104-10123-10097
detente	104-10105-10271
developer	104-10295-10001
diplomatic missions	177-10001-10061
diplomatic note	104-10326-10074
diplomatic relations	176-10036-10079
disaffection	104-10179-10136
disinformation	104-10298-10184
dissemination restrictions	104-10097-10069
distribution list	104-10009-10021
distribution list	104-10012-10076
distribution list	104-10418-10439
diversion	104-10166-10079
divisions	104-10209-10164
divisions	104-10418-10439
document retrieval	104-10120-10502
documentation	104-10120-10273
documentation	104-10123-10097
documentation	104-10123-10098
documents instructor	104-10120-10381
domestic cover	104-10215-10004
domestic safehouse	104-10185-10202
dossier	104-10023-10087
dossier management	104-10406-10139
dossiers	104-10087-10054
dossiers	104-10088-10074
dossiers	104-10143-10088
dossiers	104-10213-10202
dossiers	104-10408-10316
double agent	104-10185-10024
double-crossed	104-10263-10139
driver's license	104-10120-10273
drivers license	104-10120-10297
drop zones	104-10180-10178
drug dips	104-10077-10296
drugs	104-10100-10394
drugs	104-10529-10182
economic action	176-10036-10137
economic agreement with Venezuela	104-10165-10084
economic studies	177-10001-10445
economy	104-10234-10141
employee	104-10106-10547
employee activity	104-10130-10485
employee data	104-10120-10274
employees	104-10406-10136
employment	104-10130-10215
employment	104-10178-10052
employment	104-10180-10218
employment	104-10180-10235
employment history	104-10111-10094
employment history	104-10161-10144
employment history	104-10256-10208
employment verification	104-10178-10049
escape	104-10071-10404
espionage	104-10073-10074
espionage	104-10172-10107
espionage	104-10308-10189
executive personnel	104-10069-10120
exfiltration	104-10076-10000
exfiltration	104-10180-10162
exhibit	104-10170-10064
exile groups	104-10226-10090
exile groups	104-10232-10019
exile leader	104-10179-10121
exiles	104-10229-10097
exit visas	104-10004-10213
expenses	104-10174-10043
expenses	104-10174-10058
explosive	104-10179-10167
explosives	104-10075-10373
explosives	104-10171-10033
explosives	104-10178-10096
explosives	104-10308-10053
explosives training	104-10234-10155
export permits	104-10216-10046
facilities	104-10121-10191
family support	104-10170-10015
ferry	104-10076-10371
field divisions	104-10009-10021
field offices	104-10012-10076
field offices	104-10418-10439
file check	104-10076-10400
file management	104-10023-10087
file management	104-10088-10074
file management	104-10143-10088
file management	104-10188-10015
file management	104-10213-10202
file management	104-10408-10316
file search	104-10120-10502
files	104-10120-10657
finance	104-10173-10132
finance	104-10174-10043
finance	104-10180-10162
financial aid	104-10170-10015
financial arrangements	104-10185-10202
financial records	104-10173-10130
financial support	104-10265-10118
financial transactions	104-10076-10400
fingerprint	104-10178-10120
firearms instructor	104-10120-10381
fishing boats	104-10076-10400
flight cancellation	104-10097-10069
flora	104-10529-10323
food	104-10100-10192
food	104-10529-10323
food shortages	104-10170-10015
foreign assets	104-10105-10271
foreign governments	104-10161-10330
foreign governments	104-10161-10331
frequencies	104-10179-10167
fuel	104-10076-10400
full headquarters traces	104-10162-10014
funds	104-10049-10362
funds	104-10098-10328
funds	104-10167-10127
gambling	124-90124-10092
gangster	104-10178-10096
generals	176-10036-10173
government	176-10036-10149
government form	104-10120-10274
government officials	104-10234-10141
government-in-exile	104-10232-10019
graphics file	180-10143-10100
gravitational collapse	104-10097-10170
guerrilla activities	176-10036-10065
guerrilla groups	176-10036-10052
guerrilla warfare	104-10179-10088
guerrilla warfare	177-10002-10016
guerrillas	104-10187-10113
gun-running	104-10170-10145
gunboat	104-10221-10222
headquarters divisions	104-10009-10021
hit-and-run raids	176-10036-10051
hospital bill	104-10510-10141
hostile activity	177-10001-10061
hostile interrogation	104-10226-10001
house purchase	104-10183-10335
housing	104-10185-10230
housing application	104-10178-10049
human sources	104-10406-10136
hurricane	104-10529-10323
identification	104-10071-10404
identification	104-10178-10120
identification	104-10178-10130
identification	104-10220-10224
identification numbers	104-10105-10290
identities	104-10077-10369
identity card	104-10123-10098
immigration	104-10216-10000
incendiary	104-10179-10167
indexing	104-10087-10054
indicators	104-10295-10001
indices search	104-10120-10502
infiltration	104-10160-10207
infiltration	104-10169-10265
infiltration	104-10172-10059
infiltration	104-10234-10050
infiltration	104-10234-10102
infiltration	104-10237-10120
infiltration team	104-10193-10016
informant	104-10106-10325
informant	104-10177-10047
information	104-10102-10233
information control	104-10213-10352
information control	104-10406-10139
information management	104-10087-10054
information retrieval	104-10023-10087
information retrieval	104-10213-10202
information retrieval	104-10408-10316
injunction	104-10105-10271
insurance	104-10123-10098
insurance	104-10510-10141
integration problem	104-10129-10439
intelligence	104-10069-10132
intelligence	104-10071-10139
intelligence	104-10075-10373
intelligence	104-10076-10000
intelligence	104-10100-10411
intelligence	104-10170-10145
intelligence	104-10186-10309
intelligence	104-10187-10113
intelligence	104-10213-10202
intelligence	104-10218-10035
intelligence	104-10241-10250
intelligence	104-10308-10054
intelligence	104-10406-10139
intelligence	104-10408-10316
intelligence gathering	124-10300-10024
intelligence operations	176-10037-10454
intelligence report	104-10165-10084
intelligence services	104-10161-10330
intelligence services	104-10161-10331
internal distribution	104-10012-10076
internal resistance	104-10179-10121
internal resistance	176-10036-10051
internal security	104-10209-10018
international businessman	104-10216-10075
international labor	104-10122-10344
international organizations	104-10171-10138
international reaction	104-10074-10007
interpreter	104-10130-10381
interrogation	104-10186-10021
intervention	176-10036-10173
interview	104-10162-10247
invasion	104-10179-10121
investigation	104-10071-10139
investigation	104-10120-10657
investigation	104-10172-10105
investigation	104-10173-10130
investigation	104-10173-10132
investigation	104-10177-10220
investigation	104-10290-10162
investigative correspondents	104-10110-10568
investment	104-10174-10043
joint operation	104-10186-10021
joint operations	104-10105-10271
journalists	104-10092-10340
judo instructor	104-10120-10381
key assignments	104-10123-10219
labor officials	104-10179-10088
lease	104-10185-10202
lease	104-10185-10234
lease	104-10185-10243
leftist forces	104-10186-10309
legal	104-10106-10325
letter drop	104-10516-10214
liaison	104-10071-10139
liaison	104-10185-10171
liaison relationships	104-10105-10271
linens	104-10185-10243
listening post	104-10110-10245
litigation	104-10105-10271
locations	104-10209-10164
locations	104-10418-10439
locations	104-10510-10090
log officer	104-10120-10381
logistics	104-10100-10237
machine listings	104-10087-10054
machine listings	104-10088-10074
machine listings	104-10143-10088
machine listings	104-10213-10202
machine listings	104-10213-10352
machine listings	104-10408-10316
manuscript	104-10105-10271
marine engineering	104-10178-10049
maritime	104-10529-10323
maritime cargoes	104-10100-10192
martial law	176-10036-10137
mass media propaganda	104-10175-10152
medallion	104-10130-10485
media coverage	104-10433-10212
medical doctor	104-10234-10096
medical equipment	104-10122-10147
medical expenses	104-10510-10141
medical info	104-10129-10439
medical officer	104-10120-10381
medical practice	104-10216-10000
medical supplies	104-10069-10120
medicine	104-10100-10192
medicine	104-10529-10323
meeting	104-10098-10328
meetings	104-10306-10011
meetings	104-10306-10025
methods	104-10105-10271
microphone	104-10110-10242
microphone	104-10110-10243
microphone installation	104-10110-10245
military	104-10076-10371
military	176-10036-10149
military action	176-10036-10142
military base	176-10036-10051
military cover	104-10111-10086
military cover	104-10120-10290
military cover	104-10161-10001
military cover	104-10215-10004
military officers	104-10234-10141
military preparations	104-10075-10232
military training camps	104-10073-10133
military use of caves	104-10073-10074
militia	104-10076-10375
militia	104-10179-10121
mineral exploitation	104-10049-10375
mission	104-10174-10043
money transfers	177-10002-10016
monitoring frequencies	104-10100-10419
moral support	104-10049-10362
moral support	104-10265-10118
motor shipments	104-10290-10162
multiple unit address	104-10123-10098
munitions	104-10171-10033
name check	104-10172-10105
name check	104-10177-10220
names	104-10105-10290
names	104-10111-10104
narcotics	104-10170-10145
narcotics	104-10178-10071
national guard	104-10186-10021
nationalization of fishing industry	104-10165-10084
native consultant	104-10120-10381
nominal state cover	104-10161-10144
non-backstopped	104-10123-10098
non-official cover	104-10161-10330
non-official cover	104-10161-10331
nonofficial cover	104-10120-10378
office hours	104-10100-10419
office locations	104-10161-10321
oil companies	104-10209-10025
operational activities	104-10173-10132
operational approach	104-10163-10019
operational approval	104-10172-10105
operational approval	104-10178-10334
operational assignment	104-10120-10273
operational import	104-10226-10067
operational use	104-10406-10136
operations	104-10077-10296
operations	104-10179-10136
operations	104-10209-10164
operations	104-10290-10199
operations	104-10529-10323
operations officer	104-10129-10033
opium	104-10178-10071
opposition	104-10174-10043
opposition	104-10179-10121
opposition groups	104-10174-10036
ops expenses	104-10185-10243
outboard motors	104-10122-10147
outboards	104-10290-10162
overseas panel list	104-10129-10439
pacification program	104-10069-10132
parachute drop equipment	104-10122-10147
paramilitary activities	157-10011-10083
passenger lists	104-10004-10143
passport data	104-10165-10084
passport renewal	104-10188-10015
patient records	104-10510-10141
payment	104-10185-10230
payroll	104-10077-10067
penetration	104-10226-10117
persona non grata	104-10122-10307
personal security	104-10180-10215
personalities	104-10163-10019
personnel	104-10105-10290
personnel	104-10111-10104
personnel	104-10120-10381
personnel	104-10161-10001
personnel	104-10161-10193
personnel	104-10161-10321
personnel	104-10209-10164
personnel	104-10256-10213
personnel action	104-10120-10274
personnel action	104-10131-10014
personnel action	104-10291-10002
personnel action	104-10291-10004
personnel changes	104-10123-10219
personnel file	104-10161-10144
personnel identification	104-10088-10074
personnel records	104-10143-10088
personnel transfer	104-10129-10033
phone directory	104-10161-10321
photo	104-10108-10026
photo instructor	104-10120-10381
photogeological mapping	104-10209-10025
photograph	104-10114-10163
photography	104-10120-10381
photography	104-10188-10015
photos	180-10143-10100
plastic explosive	104-10180-10178
police captain	104-10229-10097
police custody	104-10108-10026
police protection	177-10001-10063
policy guidance	104-10186-10309
political activity	176-10036-10065
political asylum	104-10237-10120
political climate	104-10174-10038
political climate	104-10236-10053
political extremism	104-10241-10250
political instability	176-10036-10086
political instability	176-10036-10098
political intrigue	104-10170-10145
political parties	104-10186-10309
political prisoners	104-10170-10015
political propaganda	177-10002-10016
political situation	104-10174-10043
political stability	104-10218-10035
polygraph	104-10129-10439
polygraph	104-10161-10193
power plants	104-10193-10016
prior panel action	104-10129-10439
priority	104-10092-10202
priority cover statue	104-10180-10233
private detective agency	104-10110-10568
pro-American	104-10092-10340
procurement	104-10216-10046
project	104-10169-10135
project officer	104-10120-10381
promotion	104-10291-10004
promotions	104-10123-10219
propaganda	104-10167-10127
propaganda	104-10232-10019
propaganda	176-10036-10065
provocateur	104-10226-10001
provocation	104-10226-10090
provocation	104-10234-10115
pseudonym	104-10105-10271
pseudonym	104-10169-10135
psychological impact	104-10529-10323
publicity	104-10170-10064
pulse camera	104-10188-10015
purge	104-10234-10141
purging	104-10088-10074
purging	104-10143-10088
racial violence	104-10433-10212
radio	104-10167-10127
radio beacons	104-10122-10147
radio communications	104-10076-10400
radio link	104-10169-10265
radio sets	104-10193-10016
radio switch	104-10179-10167
raid	104-10169-10265
railroads	104-10171-10033
reaction	104-10059-10188
reassignment	104-10129-10439
reassignment	104-10131-10014
reassignment	104-10215-10003
reassignment	104-10291-10004
receiver	104-10179-10167
record maintenance	104-10143-10088
recording equipment	104-10110-10243
records	104-10111-10086
records	104-10161-10001
records	104-10408-10316
records management	104-10023-10087
records management	104-10088-10074
records management	104-10120-10502
records management	104-10213-10202
records management	104-10291-10004
recruiting	104-10069-10120
recruiting	104-10527-10212
recruitment	104-10075-10373
recruitment	104-10077-10153
recruitment	104-10077-10296
recruitment	104-10100-10411
recruitment	104-10163-10019
recruitment	104-10163-10136
recruitment	104-10179-10136
recruitment	104-10180-10155
recruitment	104-10180-10215
recruitment	104-10183-10262
recruitment	104-10183-10439
recruitment	104-10186-10021
recruitment	104-10187-10113
recruitment	104-10234-10115
recruitment	104-10308-10054
recruitment attempt	104-10226-10117
reform	176-10036-10149
refugee	104-10209-10018
refugee	104-10216-10000
regime	176-10036-10099
relationships	104-10120-10657
release efforts	104-10111-10079
reorganization	176-10036-10149
reprisals	104-10308-10053
request	104-10108-10026
requisition	104-10185-10202
rescue operation	104-10234-10102
resident agents	104-10527-10212
resignation	104-10256-10208
resistance groups	104-10308-10054
restricted dossiers	104-10088-10074
restrictions	104-10406-10136
retirement	104-10130-10485
retirement	104-10291-10002
retirement	104-10291-10004
returnee list	104-10129-10439
revisions	104-10105-10271
revolutionary committee	176-10036-10142
revolutionary movement	104-10265-10118
right-wing politics	104-10218-10035
rightist political organizations	104-10175-10152
rockets	104-10076-10400
routine	104-10510-10090
routing	104-10510-10090
routing information	104-10097-10069
routing sheet	104-10162-10014
royalties	104-10175-10176
sabotage	104-10049-10362
sabotage	104-10075-10373
sabotage	104-10100-10192
sabotage	104-10100-10251
sabotage	104-10171-10033
sabotage	104-10192-10154
sabotage	104-10265-10118
sabotage	104-10308-10053
sabotage	104-10529-10323
safe apartment	104-10185-10243
safe house	104-10120-10373
safeguard	104-10100-10199
safehouse	104-10110-10242
safehouse	104-10110-10243
safehouse	104-10110-10245
safehouse	104-10180-10215
safehouse	104-10185-10202
safehouse	104-10185-10228
safehouse	104-10185-10234
safehouse	104-10185-10244
safehouse	104-10185-10252
safehouse	104-10193-10016
safehouse procurement	104-10185-10244
salary	104-10180-10155
schedule	104-10306-10011
scientific institutions	104-10215-10035
secret writing	104-10295-10001
secretary	104-10183-10439
secure communication	104-10216-10199
security	104-10106-10312
security	104-10106-10547
security	104-10111-10094
security	104-10121-10191
security	104-10161-10193
security	104-10171-10033
security	104-10180-10162
security	104-10183-10262
security	104-10185-10202
security	104-10185-10234
security	104-10213-10202
security	104-10215-10004
security	104-10226-10001
security	104-10229-10097
security	104-10295-10001
security	104-10295-10168
security	104-10408-10316
security	177-10001-10063
security approval	104-10120-10273
security breach	104-10250-10199
security breaches	104-10187-10142
security checks	104-10165-10084
security clearance	104-10120-10319
security clearance	104-10130-10381
security clearance	104-10177-10220
security clearance	104-10256-10213
security concurrence	104-10119-10338
security deletions	104-10105-10271
security factors	104-10161-10331
security files	104-10161-10330
security forces	104-10100-10251
security hazards	104-10185-10244
security incident	104-10169-10265
security measures	177-10001-10061
security precautions	104-10174-10036
security procedures	104-10188-10015
security services	104-10161-10331
security survey	104-10185-10244
self criticism	104-10100-10199
semi-covert	104-10120-10319
seminar	104-10101-10134
sequestration	104-10076-10295
severance	176-10036-10079
ship	104-10171-10033
shipping	104-10529-10323
shipping business	104-10163-10136
short range communications	104-10179-10167
signal plans	104-10180-10215
silence weapons	104-10122-10147
smuggling	104-10177-10047
smuggling	104-10178-10071
social action	176-10036-10137
social engagements	104-10306-10025
social security card	104-10120-10273
solidarity with Cuba	104-10186-10309
source	104-10166-10079
sources	104-10105-10271
spotting	104-10185-10030
staff agent	104-10256-10213
staff employee	104-10256-10213
stateless refugees	104-10171-10138
station retention	104-10185-10171
stations	104-10100-10419
statistician	104-10097-10077
steel plant	104-10163-10136
student activities	176-10036-10137
student demonstration	176-10036-10138
student meetings	104-10072-10228
student reactions	104-10234-10141
study	104-10183-10139
subject	104-10220-10224
subversive activities	104-10241-10250
subversive operations	176-10036-10065
subversive operations	177-10002-10016
sugar centrales	104-10179-10088
sugar harvest	104-10049-10362
sugar harvest	104-10265-10118
sugar mills	104-10165-10084
suitability info	104-10129-10439
supply routes	104-10069-10120
surreptitious entry	104-10105-10271
surveillance	104-10072-10228
surveillance	104-10076-10375
surveillance	104-10188-10015
suspect	104-10071-10139
suspicious	104-10059-10188
tapes	180-10143-10100
target locations	104-10075-10373
targets	104-10183-10262
tax	104-10180-10218
tax requirements	104-10183-10335
taxes	104-10180-10235
technical equipment	104-10188-10015
technical operations	104-10105-10271
technical surveillance	104-10110-10245
tegel	104-10183-10232
telephone	104-10185-10228
telephone surveillance	177-10001-10445
telephone tap	104-10110-10242
telephone tap	104-10110-10243
telephone tapping	104-10413-10053
threat	104-10241-10250
timetable	104-10004-10143
timetable	104-10004-10156
tourist card	104-10105-10290 (C06932214)
tourist visa	104-10183-10232
traces	104-10076-10442
traces	104-10077-10087
trade unions	104-10179-10121
traffic handling	104-10290-10199
training	104-10097-10077
training	104-10120-10373
training	104-10180-10215
training	104-10250-10199
training	104-10295-10001
training	104-10295-10168
training camp	104-10115-10074
transcripts	180-10143-10100
translated materials	180-10143-10100
translator	104-10130-10381
transport	104-10076-10371
travel	104-10072-10228
travel	104-10093-10065
travel	104-10130-10215
travel	104-10161-10193
travel	104-10174-10043
travel	104-10178-10334
travel	104-10290-10273
travel agency	104-10216-10075
travel arrangements	104-10097-10069
travel order	104-10129-10439
trial	104-10234-10141
triggering	104-10179-10167
trucks	104-10076-10371
underground movement	104-10049-10362
underwater communications	104-10178-10049
underwater demolition	104-10178-10049
underwater research	104-10178-10049
unofficial cover	104-10215-10003
uprising	104-10170-10091
uprising	104-10226-10090
verification	104-10106-10547
vigilance	177-10001-10061
visa	104-10092-10202
visa	104-10101-10247
visa	104-10130-10215
visa	104-10178-10334
visa	104-10179-10143
visa	104-10216-10000
visa	180-10143-10100
visa applications	104-10308-10054
visas	104-10093-10065
visas	104-10290-10273
visas	104-10295-10168
wax museum	104-10059-10188
weapons	104-10069-10120
weapons	104-10075-10373
wife	104-10098-10328
wiretap	104-10075-10232
wiretapping	104-10122-10344
witting collaborator	104-10177-10220
yacht	104-10171-10033
ΙΛΙ/3/ΜΕΧΙ	104-10290-10038
