locations_mentioned	filename
13TH AVE	104-10169-10265
198 ST	104-10169-10265
19TH AVE	104-10179-10209
200 Maryland Avenue, N.E., Washington, D.C.	104-10004-10213
216 Cumberland Street	104-10163-10019
23 Via Teodosto, Milan, Italy	104-10185-10024
230 VA	104-10290-10046
2935 Upton Street N.W.	104-10071-10060
3051 Idaho Avenue, N.W.	104-10123-10160
39 San Rafael Street	104-10180-10215
401 17 18th Ave	104-10169-10017
420 Lexington Ave, New York	104-10527-10421
5500 16th Street, Silver Spring, Maryland	104-10185-10244
6 West Randolph Street	104-10110-10568
9218 Aldershot Drive, Bethesda, Maryland	104-10110-10245
ABID	104-10290-10155
ABIJ	104-10510-10090
ACAPULCO	124-10279-10020
ACCR	104-10290-10155
ACCR	104-10510-10090
ADD1	104-10510-10090
ADDI	104-10290-10155
ALEX	104-10290-10155
ALEXANDRIA	104-10185-10252
ALGEREAN	104-10075-10200
ALGI	104-10290-10155
ALGI	104-10510-10090
AMMA	104-10510-10090
ANACAPRI PIER	104-10179-10209
ANCH	104-10510-10090
ANKA	104-10510-10090
ARTEMISA, PINAR DEL RIO, CUBA	104-10101-10109
ARTEMISA, PINAR DEL RIO, CUBA	104-10290-10038
ASUN	104-10510-10090
ASUNCION	104-10072-10034
ASUNCION	104-10178-10124
ATHE	104-10510-10090
ATHE	104-10527-10212
AVENIDA 35 No. 9809, MARIANAO, CUBA	104-10101-10109
Aachen, Germany	104-10175-10152
Abidjan	104-10007-10345
Abidjan	104-10012-10076
Acapulco	104-10072-10228
Acapulco	124-10279-10018
Accra	104-10007-10345
Accra	104-10012-10076
Accra	104-10186-10008
Accra	104-10217-10196
Addis Ababa	104-10007-10345
Addis Ababa	104-10012-10076
Addis Ababa	104-10186-10008
Aden	104-10007-10345
Afghanistan	104-10106-10716
Africa	104-10101-10239
Africa	104-10106-10325
Africa	104-10170-10121
Africa	104-10182-10073
Africa	104-10302-10030
Africa	104-10310-10020
Africa	104-10433-10209
Africa	176-10036-10135
Africa	178-10003-10001
African Nations	176-10036-10116
Aguas Claras	104-10075-10373
Ahuachapan	104-10186-10021
Airport	104-10098-10380
Airport	104-10516-10195
Alatev	104-10162-10247
Albania	104-10169-10282
Albania	104-10186-10099
Albrook Field	104-10172-10001
Alexandria, Egypt	104-10219-10282
Alexandria, Egypt	104-10219-10283
Algeria	104-10302-10020
Algeria	104-10302-10030
Algeria	176-10030-10422
Algeria	176-10033-10145
Algeria	176-10036-10058
Algeria	177-10002-10096
Algeria	198-10004-10207
Algeria	198-10009-10098
Algiers	104-10007-10345
Algiers	104-10186-10008
Algiers	104-10308-10165
Algiers	176-10036-10027
Algiers	177-10002-10102
Almendares River	104-10171-10018
Altengrabom	197-10002-10190
Alturas del Bosque	104-10171-10018
Amaro	104-10171-10020
American Embassy	124-90155-10008
American Embassy - POL	104-10512-10102
American University	104-10183-10346
Amman	104-10007-10345
Amman	104-10012-10076
Amman	104-10186-10008
Amsterdam	104-10070-10296
Amsterdam	104-10164-10032
Amsterdam	104-10218-10060
Amsterdam	104-10290-10162
Andrews AFB	104-10161-10144
Andrews Air Force Base, Md.	104-10122-10147
Angola	104-10182-10073
Angola	104-10306-10011
Anguila	104-10171-10020
Anguila Key	104-10172-10147
Ankara	104-10007-10345
Ankara	104-10009-10021
Ankara	104-10012-10076
Ankara	104-10209-10164
Ankara	104-10418-10439
Annapolis	104-10014-10064
Ansbach, Germany	104-10117-10075
Antigua	104-10263-10111
Antilla	104-10512-10110
Antwerp	104-10302-10020
Apia	104-10012-10076
Argentina	104-10070-10272
Argentina	104-10113-10249
Argentina	104-10131-10010
Argentina	104-10162-10014
Argentina	104-10170-10064
Argentina	104-10173-10104
Argentina	104-10177-10219
Argentina	104-10183-10346
Argentina	104-10192-10110
Argentina	104-10215-10003
Argentina	104-10215-10128
Argentina	104-10227-10153
Argentina	104-10232-10018
Argentina	104-10262-10385
Argentina	104-10338-10018
Argentina	104-10338-10018
Argentina	119-10021-10413
Argentina	124-10326-10149
Argentina	176-10036-10065
Argentina	177-10001-10305
Argentina	177-10002-10016
Argentina	177-10002-10098
Argentina	198-10007-10013
Argentina	198-10007-10021
Argentina	198-10007-10022
Argentina	198-10008-10119
Argentina	198-10009-10099
Argentina	202-10001-10203
Argentinische Allee	124-90092-10002
Ariansk, USSR	104-10006-10247
Aristoteles 80	104-10413-10053
Arizona	157-10011-10048
Arlington	104-10130-10472
Arlington	104-10131-10010
Arlington	104-10161-10226
Arlington County, Virginia	124-90060-10015
Arlington, Virginia	104-10185-10202
Arlington, Virginia	104-10185-10234
Arroyo Apolo	104-10171-10044
Asia	104-10170-10121
Asuncion	104-10007-10345
Asuncion	104-10009-10021
Asuncion	104-10012-10076
Asuncion	104-10071-10139
Asuncion	104-10178-10130
Asuncion	104-10178-10136
Asuncion	104-10209-10164
Asuncion	104-10322-10056
Asuncion	104-10418-10439
Athens	104-10007-10345
Athens	104-10009-10021
Athens	104-10012-10076
Athens	104-10186-10008
Athens	104-10209-10164
Athens	104-10418-10439
Athens	157-10011-10048
Athens	176-10037-10120
Athens, Greece	104-10113-10030
Atlanta	104-10182-10137
Atlanta	104-10290-10309
Atlantic	177-10002-10101
Atlixco 47	104-10413-10053
Atuvira	104-10182-10073
Auras, Oriente, Cuba	104-10219-10439
Austin, Texas	104-10114-10162
Australia	104-10012-10078
Australia	104-10016-10021
Australia	104-10213-10209
Australia	104-10219-10282
Australia	104-10332-10020
Australia	104-10406-10136
Australia	104-10408-10329
Australia	177-10002-10096
Australia	177-10002-10098
Austria	104-10012-10035
Austria	104-10107-10135
Austria	104-10169-10139
Austria	104-10413-10306
Austria	104-10431-10102
Austria	124-10062-10456
Austria	124-10311-10292
Austria	124-10325-10318
Austria	124-90092-10016
Av Spain	104-10012-10076
Avocal Texas	104-10175-10179
Azores	104-10073-10113
B.C.	104-10165-10004
BAGH	104-10510-10090
BALNEO	104-10290-10155
BALV	104-10290-10155
BAN ME THUOT	176-10038-10032
BANG	104-10510-10090
BANGKOK	104-10072-10034
BANGKOK	104-10178-10124
BANOS area	104-10234-10083
BAOP	104-10290-10155
BARCELONA	104-10072-10034
BARR	104-10172-10177
BEIR	104-10510-10090
BEIR	104-10527-10212
BEIRUT	104-10072-10034
BEIRUT	104-10178-10124
BELG	104-10510-10090
BELS	104-10527-10212
BERLIN	104-10072-10034
BERLIN	104-10178-10124
BERLO	104-10290-10155
BERN	104-10072-10034
BERN	104-10183-10240
BERN	104-10308-10189
BERN	104-10510-10090
BERN	104-10517-10120
BERN	104-10517-10121
BERN	104-10527-10212
BEYK	104-10510-10090
BIEN HOA	176-10038-10032
BILTMORE	104-10169-10265
BIOD	104-10290-10155
BOGO	104-10510-10090
BOGOTA	104-10072-10034
BOGOTA	104-10178-10124
BOGOTA	104-10290-10055
BOMB	104-10510-10090
BONN	104-10234-10124
BONN	104-10290-10155
BONN	104-10510-10090
BORN	104-10527-10212
BOSPHOS	104-10290-10210
BRASILIA	104-10072-10034
BRAZ	104-10290-10155
BRAZ	104-10510-10090
BRAZIL	104-10512-10101
BRIL	104-10290-10155
BRLN	104-10510-10090
BRUN	104-10527-10212
BRUS	104-10077-10382
BRUS	104-10510-10090
BRUS	104-10527-10212
BRUSS	104-10527-10424
BRUSSELS	104-10072-10034
BUEN	104-10527-10212
BUENOS AIRES	104-10072-10034
BUENOS AIRES	104-10162-10017
BUENOS AIRES	104-10178-10124
Ba Xuyen Province	176-10036-10085
Baden-Baden	104-10185-10009
Baden-Baden	104-10185-10030
Baghdad	104-10007-10345
Baghdad	177-10002-10096
Baghdad	177-10002-10098
Baghdad	177-10002-10103
Bahamas	104-10215-10128
Bahamas	104-10306-10016
Bahamas	104-10433-10209
Bahia Honda	104-10076-10229
Bahia Honda	104-10308-10269
Baku	104-10210-10020
Balboa Canal Zone	104-10250-10199
Baltic	104-10210-10020
Baltimore	104-10095-10276
Baltimore	104-10114-10160
Baltimore	104-10120-10373
Baltimore	104-10180-10218
Baltimore	104-10183-10333
Baltimore	104-10183-10335
Baltimore	104-10225-10035
Baltimore	104-10306-10025
Baltimore, MD	104-10175-10179
Baltimore, Maryland	104-10180-10235
Baltimore, Maryland	104-10185-10244
Baltimore, Md	104-10131-10099
Bamako	104-10007-10345
Bamako	104-10186-10008
Ban Namone	177-10002-10097
Bangal	104-10012-10076
Bangkok	104-10007-10345
Bangkok	104-10009-10021
Bangkok	104-10071-10139
Bangkok	104-10105-10271
Bangkok	104-10119-10247
Bangkok	104-10123-10223
Bangkok	104-10178-10130
Bangkok	104-10178-10136
Bangkok	104-10186-10008
Bangkok	104-10222-10043
Bangkok	104-10322-10056
Bangkok	104-10418-10439
Baracoa	202-10001-10203
Baranovichi	104-10162-10247
Barbados	104-10069-10077
Barbados	104-10177-10217
Barbados	104-10215-10128
Barbados	104-10220-10069
Barbados	104-10263-10111
Barbados	119-10021-10413
Barbados	198-10004-10207
Barbados	198-10007-10013
Barbados	198-10007-10021
Barbados	198-10008-10119
Barbados	198-10009-10098
Barcelona	104-10009-10021
Barcelona	104-10071-10139
Barcelona	104-10178-10130
Barcelona	104-10178-10136
Barcelona	104-10186-10008
Barcelona	104-10186-10382
Barcelona	104-10209-10164
Barcelona	104-10322-10056
Barcelona	104-10418-10439
Barcelona	124-10114-10010
Basel	104-10291-10009
Batabano	104-10076-10371
Bavaria	104-10179-10233
Bay Shore, Long Island, New York	124-90092-10002
Bayamo	104-10070-10079
Bayamo	104-10171-10047
Bayonne	104-10162-10247
Beirut	104-10007-10345
Beirut	104-10009-10021
Beirut	104-10012-10022
Beirut	104-10012-10024
Beirut	104-10012-10076
Beirut	104-10071-10139
Beirut	104-10178-10130
Beirut	104-10178-10136
Beirut	104-10186-10008
Beirut	104-10209-10164
Beirut	104-10302-10020
Beirut	104-10322-10056
Beirut	104-10418-10439
Beirut	104-10431-10091
Belarus	104-10326-10013
Belg (Brussels)	104-10414-10002
Belgian ports	104-10308-10053
Belgium	104-10061-10053
Belgium	104-10163-10019
Belgium	104-10177-10224
Belgium	104-10216-10159
Belgium	104-10234-10007
Belgium	104-10247-10064
Belgium	124-90137-10357
Belgium	202-10001-10203
Belgium-Brussels	104-10129-10438
Belgrade	104-10074-10007
Belgrade	104-10217-10000
Belize	198-10004-10207
Bellevue Stratford	104-10119-10040
Berkeley	104-10413-10306
Berlin	104-10005-10321
Berlin	104-10009-10021
Berlin	104-10012-10076
Berlin	104-10048-10252
Berlin	104-10071-10139
Berlin	104-10106-10300
Berlin	104-10169-10139
Berlin	104-10171-10138
Berlin	104-10178-10130
Berlin	104-10178-10136
Berlin	104-10181-10117
Berlin	104-10183-10039
Berlin	104-10186-10008
Berlin	104-10230-10153
Berlin	104-10232-10018
Berlin	104-10290-10190
Berlin	104-10302-10030
Berlin	104-10322-10056
Berlin	104-10332-10020
Berlin	104-10418-10439
Berlin	104-10433-10209
Berlin	124-10326-10149
Berlin	124-90092-10001
Berlin	124-90092-10002
Berlin	124-90092-10016
Berlin	157-10014-10109
Berlin	177-10002-10096
Berlin	178-10004-10054
Berlin	197-10002-10190
Bermuda	104-10073-10113
Bermuda	104-10093-10109
Bermuda	104-10215-10128
Bermuda	104-10290-10309
Bern	104-10007-10345
Bern	104-10009-10021
Bern	104-10012-10076
Bern	104-10071-10139
Bern	104-10178-10130
Bern	104-10178-10136
Bern	104-10216-10398
Bern	104-10234-10115
Bern	104-10247-10097
Bern	104-10322-10056
Bern	104-10332-10020
Bern	104-10418-10439
Bern	124-10062-10456
Bern	124-10180-10295
Bern	124-10212-10337
Bern	124-10237-10009
Bern	124-10284-10155
Bern	124-10311-10292
Bern, Switzerland	124-10320-10087
Bern, Switzerland	124-90138-10066
Berno	104-10186-10008
Bethesda	104-10110-10242
Bethesda	104-10110-10243
Bethesda	104-10131-10010
Bethesda, MD	104-10161-10321
Bethesda, Maryland	104-10185-10244
Bethesda, Maryland	104-10291-10002
Biloxi, Miss.	124-10273-10104
Binalong	104-10016-10021
Binalong	104-10408-10329
Binh Tuy Province	176-10036-10094
Birobidzhan	104-10162-10247
Black Sea	104-10512-10110
Blue Hole	104-10165-10004
Blue Lagoon	104-10165-10004
Boca Chica	104-10049-10375
Boca Chica	104-10265-10141
Boca Del Calafre	104-10075-10225
Boca Raton	104-10226-10045
Bogata, Columbia	104-10185-10248
Bogota	104-10007-10345
Bogota	104-10009-10021
Bogota	104-10048-10252
Bogota	104-10071-10139
Bogota	104-10101-10124
Bogota	104-10170-10064
Bogota	104-10178-10130
Bogota	104-10178-10136
Bogota	104-10186-10008
Bogota	104-10209-10164
Bogota	104-10230-10153
Bogota	104-10262-10385
Bogota	104-10308-10208
Bogota	104-10322-10056
Bogota	124-90137-10488
Bogota, Colombia	104-10221-10222
Bogotá	104-10177-10225
Bolivia	104-10072-10228
Bolivia	104-10170-10051
Bolivia	104-10170-10064
Bolivia	104-10173-10104
Bolivia	104-10183-10437
Bolivia	104-10192-10110
Bolivia	104-10227-10153
Bolivia	104-10230-10153
Bolivia	104-10302-10030
Bolivia	104-10306-10018
Bolivia	104-10338-10018
Bolivia	119-10021-10413
Bolivia	177-10001-10305
Bolivia	198-10007-10013
Bolivia	198-10007-10013
Bolivia	198-10007-10021
Bolivia	198-10007-10022
Bolivia	198-10008-10119
Bolivia	198-10009-10099
Bolivia	202-10001-10203
Bombay	104-10012-10076
Bona	104-10012-10076
Boniato Prison	104-10171-10047
Bonn	104-10005-10321
Bonn	104-10009-10021
Bonn	104-10171-10138
Bonn	104-10172-10243
Bonn	104-10173-10132
Bonn	104-10234-10115
Bonn	104-10290-10190
Bonn	104-10418-10439
Bonn	177-10002-10097
Bonn, Germany	124-90037-10081
Bosnia	104-10326-10092
Boston	104-10066-10076
Boston	104-10070-10296
Boston	104-10095-10276
Boston	104-10107-10135
Boston	104-10130-10472
Boston	104-10165-10077
Boston	104-10172-10111
Boston	104-10172-10112
Brasil	104-10234-10155
Brasilia	104-10009-10021
Brasilia	104-10012-10076
Brasilia	104-10071-10139
Brasilia	104-10178-10130
Brasilia	104-10178-10136
Brasilia	104-10209-10164
Brasilia	104-10322-10056
Brasilia	104-10418-10439
Brasilia	157-10002-10165
Brasilien Embassy	104-10179-10104
Brazil	104-10070-10272
Brazil	104-10102-10233
Brazil	104-10103-10103
Brazil	104-10165-10084
Brazil	104-10170-10051
Brazil	104-10170-10064
Brazil	104-10171-10138
Brazil	104-10172-10107
Brazil	104-10178-10334
Brazil	104-10183-10232
Brazil	104-10192-10110
Brazil	104-10215-10128
Brazil	104-10216-10398
Brazil	104-10227-10153
Brazil	104-10230-10153
Brazil	104-10247-10097
Brazil	104-10269-10079
Brazil	104-10302-10020
Brazil	104-10302-10030
Brazil	104-10306-10011
Brazil	104-10306-10016
Brazil	104-10306-10018
Brazil	104-10308-10165
Brazil	104-10338-10018
Brazil	104-10338-10018
Brazil	119-10021-10413
Brazil	124-90110-10083
Brazil	176-10036-10058
Brazil	176-10036-10065
Brazil	176-10037-10440
Brazil	177-10001-10305
Brazil	177-10002-10016
Brazil	177-10002-10070
Brazil	177-10002-10092
Brazil	177-10002-10096
Brazil	177-10002-10097
Brazil	177-10002-10101
Brazil	177-10002-10102
Brazil	198-10004-10207
Brazil	198-10005-10018
Brazil	198-10007-10013
Brazil	198-10007-10021
Brazil	198-10007-10022
Brazil	198-10008-10119
Brazil	198-10009-10098
Brazil	198-10009-10099
Brazil	202-10001-10203
Brazil	202-10002-10124
Brazzaville	104-10007-10345
Brazzaville	104-10182-10073
Brazzaville	104-10290-10190
Brazzaville	104-10306-10011
Brazzaville	177-10002-10103
Bremen, Germany	124-90137-10357
Brest Litovsk	104-10162-10247
Brighton	104-10413-10306
Britain	104-10306-10018
British Caribbean	198-10008-10119
British Columbia	104-10172-10112
British Guiana	104-10215-10128
British Guiana	104-10290-10190
British Guiana	104-10338-10018
British Guiana	104-10338-10018
British Guiana	177-10002-10102
British Guiana	198-10004-10207
British Guiana	198-10005-10018
British Guiana	198-10008-10119
British Guiana	198-10009-10098
Brookhaven	104-10413-10306
Brooklyn	104-10162-10247
Brooklyn	104-10170-10145
Brooklyn	104-10308-10163
Brownsville, Texas	104-10172-10001
Brownsville, Texas	104-10219-10283
Brussels	104-10005-10321
Brussels	104-10007-10345
Brussels	104-10009-10021
Brussels	104-10071-10139
Brussels	104-10071-10239
Brussels	104-10100-10251
Brussels	104-10105-10271
Brussels	104-10178-10130
Brussels	104-10178-10136
Brussels	104-10179-10136
Brussels	104-10179-10182
Brussels	104-10186-10008
Brussels	104-10218-10060
Brussels	104-10275-10176
Brussels	104-10290-10162
Brussels	104-10302-10020
Brussels	104-10322-10056
Brussels	104-10332-10020
Brussels	104-10412-10005
Brussels	104-10414-10002
Brussels	104-10418-10439
Brussels	177-10002-10096
Brussels	177-10002-10097
Bucks County	104-10162-10247
Budapest	104-10433-10209
Buenos Aires	104-10007-10345
Buenos Aires	104-10009-10021
Buenos Aires	104-10012-10076
Buenos Aires	104-10070-10272
Buenos Aires	104-10071-10139
Buenos Aires	104-10162-10014
Buenos Aires	104-10170-10064
Buenos Aires	104-10172-10001
Buenos Aires	104-10173-10104
Buenos Aires	104-10178-10130
Buenos Aires	104-10178-10136
Buenos Aires	104-10183-10039
Buenos Aires	104-10186-10008
Buenos Aires	104-10209-10164
Buenos Aires	104-10227-10150
Buenos Aires	104-10232-10019
Buenos Aires	104-10236-10056
Buenos Aires	104-10262-10385
Buenos Aires	104-10322-10056
Buenos Aires	104-10332-10020
Buenos Aires	104-10418-10439
Buenos Aires	198-10004-10207
Buenos Aires	198-10007-10021
Buenos Aires	198-10008-10119
Buenos Aires	198-10009-10098
Buenos Aires, Argentina	104-10131-10014
Buffalo	104-10130-10472
Bujumbura	104-10007-10345
Bujumbura	104-10186-10008
Bulgaria	104-10012-10035
Bulgaria	104-10431-10102
Burma	104-10119-10040
Burma	104-10306-10011
Burma	176-10036-10179
Burma	177-10002-10101
CAIMANERA	104-10076-10295
CAIR	104-10510-10090
CALC	104-10510-10090
CALE	104-10527-10212
CALIFORNIA	104-10290-10062
CAMAGUEY, CUBA	104-10076-10295
CAMBODIA	176-10036-10079
CAN THO	176-10038-10032
CANBERRA	104-10068-10142
CAPT	104-10510-10090
CARA	104-10219-10418
CARA	104-10290-10155
CARA	104-10510-10090
CARA	104-10527-10212
CARACAS	104-10072-10034
CARACAS	104-10179-10121
CASA	104-10290-10155
CASABLANCA	104-10527-10424
CATHARIAN, SANTA CLARA	104-10172-10059
CAXE	104-10290-10155
CAYO LEVISA	104-10076-10277
CHAT	104-10227-10046
CHILE, SANTIAGO	177-10001-10064
CHINA	104-10100-10199
CHOLON	176-10038-10032
CIA Headquarters	104-10172-10111
CIA Headquarters	104-10266-10138
CIUDAD TRUJILLO	157-10004-10280
CNBR	104-10290-10155
CNBR	104-10408-10329
CNRY	104-10510-10090
COJIMAR	104-10179-10209
COLO	104-10510-10090
COLONIA CONDESA	104-10290-10046
COPAL CAPLES, FLA	104-10076-10116
COPE	104-10510-10090
COPE	104-10527-10212
COPENHAGEN	104-10072-10034
COPENHAGEN	104-10178-10124
CORAL GABLES	104-10290-10055
COSCOW	104-10183-10262
COSTA RICA	104-10167-10366
CRIENTE	104-10234-10083
CUBA	104-10097-10077
CUBA	104-10167-10366
CUBA	104-10177-10047
CUBA	104-10179-10121
CUBA	104-10183-10261
CUBA	104-10183-10331
CUBA	104-10186-10410
CUBA	104-10187-10142
CUBA	104-10219-10418
CUBA	104-10226-10087
CUBA	104-10516-10348
CUBA	176-10036-10051
CUBA	176-10036-10052
CUBA	177-10001-10060
CUBA	177-10001-10061
CUBA	177-10001-10064
CUBAN EMBASSY	177-10001-10063
CURA	104-10100-10192
CURI	104-10290-10155
CUSA	104-10187-10113
Caibarien	104-10171-10020
Caibarien	104-10172-10147
Cairo	104-10007-10345
Cairo	104-10186-10008
Cairo	104-10302-10030
Cairo	177-10002-10098
Cairo	177-10002-10103
Cairo, Egypt	104-10106-10716
Calabasete de Sagua	104-10171-10020
Calcutta	104-10009-10021
Calcutta	104-10012-10076
Calcutta	104-10209-10164
Calcutta	104-10418-10439
Calero 39	104-10413-10053
Cali	104-10170-10064
California	104-10012-10035
California	104-10101-10129
California	104-10123-10097
California	104-10123-10421
California	104-10174-10038
California	104-10174-10058
California	104-10176-10015
California	104-10179-10113
California	104-10180-10050
California	104-10431-10102
California	124-90140-10012
Calixto Garcia Hospital	104-10308-10168
Call	198-10005-10018
Calle 100	104-10073-10101
Calle Milan	104-10171-10044
Calle NO. 17, Colonia Montezuma	104-10098-10328
Camaguey	104-10049-10362
Camaguey	104-10163-10019
Camaguey	104-10179-10025
Camaguey	104-10265-10118
Camaguey	104-10308-10023
Camaguey	104-10308-10208
Camaguey	202-10001-10203
Camaguey Province	124-90041-10023
Camaguey, Cuba	104-10165-10084
Camagüey	104-10170-10125
Cambodia	104-10302-10030
Cambodia	104-10306-10010
Cambodia	104-10306-10011
Cambodia	176-10036-10073
Cambodia	176-10036-10088
Cambodia	176-10036-10102
Cambodia	176-10036-10179
Cambodia	176-10037-10460
Cambodia	176-10037-10491
Cambodia	177-10002-10101
Cambodia	177-10002-10102
Cambridge, MA	104-10165-10077
Cambridge, Massachusetts	104-10179-10167
Camp Croft	104-10219-10143
Camp Managua	104-10185-10117
Camp Peary, Virginia	104-10106-10300
Camp Pickett	104-10122-10147
Campo Libertad	104-10171-10018
Canada	104-10072-10227
Canada	104-10076-10400
Canada	104-10103-10079
Canada	104-10164-10032
Canada	104-10169-10282
Canada	104-10170-10121
Canada	104-10170-10145
Canada	104-10177-10219
Canada	104-10178-10071
Canada	104-10185-10105
Canada	104-10186-10235
Canada	104-10186-10264
Canada	104-10213-10209
Canada	104-10219-10154
Canada	104-10219-10283
Canada	104-10234-10124
Canada	104-10290-10162
Canada	104-10306-10018
Canada	104-10306-10020
Canada	104-10307-10024
Canada	104-10406-10136
Canada	198-10005-10017
Canada	198-10007-10013
Canada	198-10007-10021
Canada	198-10008-10119
Canal Zone	104-10215-10004
Canal Zone	198-10009-10098
Canary Islands	104-10181-10099
Canberra	104-10012-10078
Canberra	104-10107-10089
Candelaria	104-10073-10074
Caracas	104-10007-10345
Caracas	104-10009-10021
Caracas	104-10071-10139
Caracas	104-10112-10148
Caracas	104-10170-10051
Caracas	104-10170-10064
Caracas	104-10170-10121
Caracas	104-10174-10037
Caracas	104-10177-10217
Caracas	104-10178-10130
Caracas	104-10178-10334
Caracas	104-10179-10122
Caracas	104-10179-10182
Caracas	104-10183-10346
Caracas	104-10186-10008
Caracas	104-10187-10030
Caracas	104-10192-10284
Caracas	104-10216-10398
Caracas	104-10220-10069
Caracas	104-10230-10153
Caracas	104-10275-10176
Caracas	104-10303-10003
Caracas	104-10308-10127
Caracas	104-10322-10056
Caracas	104-10418-10439
Caracas	124-10279-10258
Caracas	124-10291-10236
Caracas	124-90137-10488
Caracas	177-10002-10012
Caracas	177-10002-10096
Caracas	177-10002-10102
Caracas	177-10002-10103
Caracas, Venezuela	104-10174-10038
Caracas, Venezuela	104-10221-10222
Caracas, Venezuela	104-10247-10097
Cardenas	104-10102-10237
Cardenas	104-10103-10112
Cardenas	104-10172-10105
Cardenas	104-10234-10050
Cardenas	104-10234-10102
Cardenas	124-90041-10023
Cardenas	202-10001-10203
Caribbean	104-10121-10174
Caribbean	104-10165-10084
Caribbean	104-10183-10276
Caribbean	104-10186-10099
Caribbean	104-10215-10003
Caribbean	104-10227-10153
Caribbean	104-10245-10000
Caribbean	104-10263-10111
Caribbean	157-10014-10242
Caribbean	198-10004-10076
Caribbean	198-10004-10207
Caribbean	198-10007-10022
Caribbean	202-10001-10203
Caribbean Area	104-10290-10273
Carretera Central	104-10075-10099
Casablanca	104-10073-10101
Casablanca	104-10100-10251
Casablanca	104-10183-10355
Casablanca	104-10186-10008
Casablanca	198-10005-10018
Casualidad	104-10102-10237
Casualidad	104-10103-10112
Cay Sals	104-10221-10222
Cayman Islands	119-10021-10413
Cayman Islands	198-10007-10013
Cayman Islands	198-10007-10021
Cayman Islands	198-10008-10119
Cayo Cruz del Padre	104-10103-10112
Cayo Franges	104-10171-10020
Cayo Gordo	104-10192-10229
Cayo Hueso	104-10179-10088
Cayo Hueso	104-10180-10062
Cayo Loco	104-10308-10127
Cayo de Cristo	104-10302-10020
Cazucas	104-10012-10076
Central America	104-10073-10061
Central America	104-10100-10319
Central America	104-10102-10233
Central America	104-10113-10249
Central America	104-10119-10220
Central America	104-10165-10084
Central America	104-10179-10182
Central America	104-10179-10195
Central America	104-10183-10260
Central America	104-10183-10276
Central America	104-10186-10099
Central America	104-10187-10103
Central America	104-10187-10110
Central America	104-10215-10003
Central America	104-10230-10153
Central America	104-10275-10176
Central America	104-10302-10020
Central America	104-10308-10086
Central America	104-10338-10018
Central America	198-10004-10207
Central Highlands	177-10002-10097
Central Viet Nam	104-10069-10132
Central Vietnam	176-10036-10098
Cerario	104-10169-10017
Chelyabinsk	104-10210-10020
Cheverly, Maryland	104-10110-10433
Chevy Chase, MD	104-10161-10321
Chicago	104-10051-10106
Chicago	104-10070-10296
Chicago	104-10092-10340
Chicago	104-10095-10161
Chicago	104-10110-10568
Chicago	104-10164-10088
Chicago	104-10170-10145
Chicago	104-10175-10176
Chicago	104-10209-10259
Chicago	104-10263-10111
Chicago	104-10308-10029
Chicago	104-10433-10209
Chicago	157-10014-10109
Chicago, Illinois	104-10104-10271
Chicago, Illinois	104-10116-10261
Chicago, Illinois	104-10117-10203
Chicago, Illinois	104-10179-10167
Chiengrai	176-10036-10179
Chigasaki	104-10064-10012
Chihuahua	104-10175-10179
Chile	104-10070-10272
Chile	104-10073-10101
Chile	104-10103-10079
Chile	104-10165-10004
Chile	104-10170-10051
Chile	104-10170-10064
Chile	104-10177-10219
Chile	104-10178-10334
Chile	104-10179-10113
Chile	104-10192-10110
Chile	104-10215-10003
Chile	104-10221-10310
Chile	104-10227-10153
Chile	104-10230-10153
Chile	104-10303-10003
Chile	104-10306-10011
Chile	104-10307-10024
Chile	104-10338-10018
Chile	104-10338-10018
Chile	119-10021-10413
Chile	124-10326-10149
Chile	124-90041-10023
Chile	157-10002-10056
Chile	157-10002-10165
Chile	176-10030-10422
Chile	176-10033-10145
Chile	176-10036-10065
Chile	177-10001-10305
Chile	177-10002-10016
Chile	198-10007-10013
Chile	198-10007-10013
Chile	198-10007-10021
Chile	198-10007-10022
Chile	198-10008-10119
Chile	198-10009-10098
Chile	202-10001-10203
China	104-10066-10076
China	104-10071-10122
China	104-10100-10223
China	104-10105-10271
China	104-10105-10277
China	104-10105-10293
China	104-10171-10138
China	104-10173-10134
China	104-10175-10085
China	104-10176-10015
China	104-10176-10020
China	104-10186-10099
China	104-10218-10083
China	104-10234-10141
China	104-10302-10030
China	176-10036-10058
China	176-10037-10440
China	177-10002-10096
China	177-10002-10101
China	177-10002-10102
China	198-10007-10029
China (Taiwan)	176-10036-10102
China Mexico	104-10175-10179
Chita	104-10176-10015
Cholon	176-10036-10097
Cholon	176-10036-10137
Choluteca	104-10165-10084
Ciego de Avila	202-10001-10203
Cienfuegos	104-10070-10079
Cienfuegos	104-10103-10112
Cienfuegos	104-10169-10269
Cienfuegos	104-10229-10097
Cienfuegos	104-10308-10127
Cienfuegos	104-10512-10110
Cienfuegos	202-10001-10203
Cienfuegos, Cuba	104-10221-10222
Cifuentes	104-10171-10020
Cifuentes	104-10308-10127
Cincinnati	124-10291-10319
Cincinnati, Ohio	104-10166-10158
Cinco Leguas Key	104-10102-10237
Cinco Leguas Key	104-10103-10112
Cities	104-10072-10013
Ciudad Juarez	177-10002-10069
Ciudad Juarez	177-10002-10070
Ciudad Trujillo	104-10049-10375
Ciudad Trujillo	104-10265-10141
Cleveland	104-10164-10032
Cleveland, Ohio	104-10069-10120
Clinton, Maryland	104-10106-10300
Cochinos Bay	104-10228-10083
Coco Solo	104-10215-10004
Coconut Grove Bank	104-10229-10002
Coliseo	104-10179-10088
Coliseo	104-10180-10062
Cologne	104-10005-10321
Colombia	104-10048-10252
Colombia	104-10070-10272
Colombia	104-10073-10101
Colombia	104-10170-10051
Colombia	104-10183-10346
Colombia	104-10192-10110
Colombia	104-10227-10153
Colombia	104-10230-10153
Colombia	104-10262-10385
Colombia	124-10326-10149
Colombia	124-90139-10002
Colombia	176-10036-10058
Colombia	177-10001-10305
Colombia	178-10003-10001
Colombia	198-10004-10207
Colombia	198-10005-10018
Colombia	198-10007-10021
Colombia	198-10007-10022
Colombia	198-10008-10119
Colombia	198-10009-10098
Colombia	198-10009-10099
Colombia	202-10001-10203
Colombo	104-10007-10345
Colombo	104-10009-10021
Colombo	104-10012-10076
Colombo	104-10186-10008
Colombo	104-10209-10164
Colombo	104-10418-10439
Colon	202-10001-10203
Colon Free Zone	198-10004-10207
Colonias	104-10413-10053
Columbia	104-10215-10128
Columbia Road, Washington, D.C.	104-10114-10162
Columbia University	104-10209-10259
Columbia University	104-10437-10079
Columbus, Georgia	104-10131-10099
Columbus, Georgia	104-10175-10179
Columbus, Ohio	104-10166-10158
Communist China	104-10213-10209
Communist China	124-10212-10337
Communist China	177-10002-10070
Conakry	104-10007-10345
Conakry	119-10021-10413
Conakry	198-10004-10207
Conakry	198-10007-10013
Conakry	198-10007-10021
Conakry	198-10009-10098
Conarky	104-10186-10008
Congo	104-10072-10227
Congo	104-10101-10239
Congo	104-10104-10094
Congo	104-10182-10073
Congo	104-10217-10228
Congo	104-10290-10190
Congo	104-10332-10020
Congo	157-10002-10105
Congo	176-10011-10152
Congo	176-10036-10023
Congo	177-10002-10096
Congo	177-10002-10097
Congo	177-10002-10101
Connecticut	104-10170-10125
Connecticut	104-10263-10111
Connecticut	157-10011-10048
Consolacion del Sur	104-10073-10101
Constantinople	104-10176-10015
Copenhagen	104-10005-10321
Copenhagen	104-10007-10345
Copenhagen	104-10009-10021
Copenhagen	104-10012-10076
Copenhagen	104-10014-10051
Copenhagen	104-10071-10139
Copenhagen	104-10169-10139
Copenhagen	104-10178-10130
Copenhagen	104-10178-10136
Copenhagen	104-10186-10008
Copenhagen	104-10209-10164
Copenhagen	104-10295-10001
Copenhagen	104-10322-10056
Copenhagen	104-10326-10055
Copenhagen	104-10332-10020
Copenhagen	104-10418-10439
Coral Gables	104-10119-10183
Coral Gables	157-10011-10083
Coral Gables	178-10002-10215
Coral Gables	178-10002-10279
Coral Gables, Florida	104-10130-10472
Coral Gables, Florida	104-10165-10084
Coral Gables, Florida	124-90130-10005
Cordillera of the Andes	177-10001-10305
Cordoba	104-10170-10064
Cordoba	104-10186-10008
Corpus Christi	104-10100-10237
Corpus Christi	104-10529-10367
Corralillo	104-10171-10020
Corralillo	104-10171-10034
Corsica	104-10185-10009
Corsica	104-10185-10030
Corsica	124-90092-10016
Costa Rica	104-10095-10161
Costa Rica	104-10114-10042
Costa Rica	104-10170-10051
Costa Rica	104-10177-10217
Costa Rica	104-10177-10225
Costa Rica	104-10179-10182
Costa Rica	104-10179-10195
Costa Rica	104-10192-10110
Costa Rica	104-10215-10004
Costa Rica	104-10215-10128
Costa Rica	104-10229-10097
Costa Rica	104-10230-10153
Costa Rica	104-10230-10153
Costa Rica	104-10275-10176
Costa Rica	104-10308-10044
Costa Rica	104-10338-10018
Costa Rica	119-10021-10413
Costa Rica	124-90124-10055
Costa Rica	177-10001-10305
Costa Rica	177-10002-10070
Costa Rica	198-10004-10207
Costa Rica	198-10007-10013
Costa Rica	198-10007-10021
Costa Rica	198-10007-10022
Costa Rica	198-10008-10119
Costa Rica	198-10009-10098
Costa Rica	202-10001-10203
Cotorro	104-10103-10112
Cuautla 131	104-10413-10053
Cuba	104-10012-10022
Cuba	104-10048-10124
Cuba	104-10048-10252
Cuba	104-10049-10362
Cuba	104-10061-10053
Cuba	104-10066-10076
Cuba	104-10068-10172
Cuba	104-10069-10112
Cuba	104-10069-10120
Cuba	104-10070-10079
Cuba	104-10070-10272
Cuba	104-10072-10228
Cuba	104-10072-10289
Cuba	104-10073-10101
Cuba	104-10074-10413
Cuba	104-10075-10099
Cuba	104-10075-10232
Cuba	104-10075-10250
Cuba	104-10075-10365
Cuba	104-10076-10371
Cuba	104-10076-10372
Cuba	104-10076-10374
Cuba	104-10076-10375
Cuba	104-10076-10400
Cuba	104-10076-10442
Cuba	104-10077-10153
Cuba	104-10093-10109
Cuba	104-10093-10266
Cuba	104-10095-10161
Cuba	104-10095-10276
Cuba	104-10097-10360
Cuba	104-10098-10401
Cuba	104-10098-10404
Cuba	104-10100-10034
Cuba	104-10100-10087
Cuba	104-10100-10192
Cuba	104-10100-10251
Cuba	104-10100-10357
Cuba	104-10100-10424
Cuba	104-10101-10175
Cuba	104-10101-10227
Cuba	104-10102-10224
Cuba	104-10102-10237
Cuba	104-10103-10079
Cuba	104-10103-10112
Cuba	104-10104-10271
Cuba	104-10105-10271
Cuba	104-10110-10433
Cuba	104-10114-10152
Cuba	104-10114-10161
Cuba	104-10114-10162
Cuba	104-10117-10203
Cuba	104-10160-10207
Cuba	104-10162-10107
Cuba	104-10162-10108
Cuba	104-10162-10121
Cuba	104-10163-10065
Cuba	104-10163-10136
Cuba	104-10164-10050
Cuba	104-10165-10004
Cuba	104-10165-10084
Cuba	104-10167-10083
Cuba	104-10167-10127
Cuba	104-10167-10297
Cuba	104-10167-10375
Cuba	104-10169-10017
Cuba	104-10169-10265
Cuba	104-10169-10271
Cuba	104-10170-10064
Cuba	104-10170-10091
Cuba	104-10170-10112
Cuba	104-10170-10121
Cuba	104-10170-10125
Cuba	104-10171-10003
Cuba	104-10171-10018
Cuba	104-10171-10020
Cuba	104-10171-10021
Cuba	104-10171-10033
Cuba	104-10171-10047
Cuba	104-10171-10093
Cuba	104-10171-10097
Cuba	104-10171-10106
Cuba	104-10171-10220
Cuba	104-10172-10041
Cuba	104-10172-10062
Cuba	104-10172-10105
Cuba	104-10172-10112
Cuba	104-10172-10137
Cuba	104-10173-10135
Cuba	104-10173-10166
Cuba	104-10174-10036
Cuba	104-10174-10037
Cuba	104-10174-10038
Cuba	104-10174-10043
Cuba	104-10174-10072
Cuba	104-10177-10206
Cuba	104-10177-10217
Cuba	104-10178-10054
Cuba	104-10178-10334
Cuba	104-10179-10022
Cuba	104-10179-10025
Cuba	104-10179-10104
Cuba	104-10179-10113
Cuba	104-10179-10134
Cuba	104-10179-10136
Cuba	104-10179-10182
Cuba	104-10180-10042
Cuba	104-10180-10044
Cuba	104-10180-10050
Cuba	104-10180-10162
Cuba	104-10180-10179
Cuba	104-10180-10180
Cuba	104-10180-10200
Cuba	104-10181-10099
Cuba	104-10181-10117
Cuba	104-10183-10139
Cuba	104-10183-10232
Cuba	104-10183-10259
Cuba	104-10183-10260
Cuba	104-10183-10276
Cuba	104-10183-10325
Cuba	104-10183-10346
Cuba	104-10185-10105
Cuba	104-10185-10110
Cuba	104-10185-10117
Cuba	104-10185-10128
Cuba	104-10185-10315
Cuba	104-10186-10088
Cuba	104-10186-10099
Cuba	104-10186-10235
Cuba	104-10186-10264
Cuba	104-10186-10269
Cuba	104-10186-10308
Cuba	104-10186-10309
Cuba	104-10187-10030
Cuba	104-10187-10103
Cuba	104-10187-10109
Cuba	104-10187-10110
Cuba	104-10187-10111
Cuba	104-10187-10113
Cuba	104-10187-10117
Cuba	104-10187-10146
Cuba	104-10187-10147
Cuba	104-10188-10454
Cuba	104-10192-10154
Cuba	104-10192-10229
Cuba	104-10192-10266
Cuba	104-10192-10284
Cuba	104-10193-10016
Cuba	104-10213-10002
Cuba	104-10215-10003
Cuba	104-10215-10004
Cuba	104-10215-10035
Cuba	104-10215-10128
Cuba	104-10215-10200
Cuba	104-10216-10073
Cuba	104-10216-10075
Cuba	104-10216-10238
Cuba	104-10216-10398
Cuba	104-10217-10185
Cuba	104-10219-10283
Cuba	104-10220-10069
Cuba	104-10220-10293
Cuba	104-10221-10222
Cuba	104-10221-10310
Cuba	104-10222-10001
Cuba	104-10226-10011
Cuba	104-10226-10045
Cuba	104-10226-10090
Cuba	104-10227-10121
Cuba	104-10227-10150
Cuba	104-10227-10153
Cuba	104-10227-10271
Cuba	104-10228-10045
Cuba	104-10228-10083
Cuba	104-10228-10419
Cuba	104-10229-10002
Cuba	104-10230-10153
Cuba	104-10232-10004
Cuba	104-10232-10018
Cuba	104-10232-10019
Cuba	104-10234-10007
Cuba	104-10234-10050
Cuba	104-10234-10083
Cuba	104-10234-10102
Cuba	104-10234-10141
Cuba	104-10234-10148
Cuba	104-10236-10053
Cuba	104-10236-10054
Cuba	104-10236-10056
Cuba	104-10236-10075
Cuba	104-10237-10120
Cuba	104-10241-10249
Cuba	104-10241-10250
Cuba	104-10245-10007
Cuba	104-10247-10064
Cuba	104-10247-10097
Cuba	104-10265-10118
Cuba	104-10269-10079
Cuba	104-10275-10176
Cuba	104-10290-10168
Cuba	104-10290-10190
Cuba	104-10290-10309
Cuba	104-10298-10095
Cuba	104-10298-10184
Cuba	104-10301-10008
Cuba	104-10301-10010
Cuba	104-10302-10020
Cuba	104-10302-10030
Cuba	104-10303-10003
Cuba	104-10306-10010
Cuba	104-10306-10011
Cuba	104-10306-10016
Cuba	104-10306-10018
Cuba	104-10306-10020
Cuba	104-10307-10024
Cuba	104-10308-10023
Cuba	104-10308-10029
Cuba	104-10308-10044
Cuba	104-10308-10053
Cuba	104-10308-10054
Cuba	104-10308-10062
Cuba	104-10308-10163
Cuba	104-10308-10165
Cuba	104-10308-10168
Cuba	104-10308-10208
Cuba	104-10310-10020
Cuba	104-10338-10018
Cuba	104-10431-10091
Cuba	104-10433-10212
Cuba	104-10506-10028
Cuba	104-10512-10110
Cuba	104-10516-10103
Cuba	104-10516-10270
Cuba	104-10527-10212
Cuba	104-10527-10424
Cuba	104-10528-10053
Cuba	104-10529-10323
Cuba	119-10021-10413
Cuba	124-10058-10420
Cuba	124-10181-10009
Cuba	124-10213-10483
Cuba	124-10225-10195
Cuba	124-10279-10258
Cuba	124-10280-10030
Cuba	124-10284-10172
Cuba	124-10285-10254
Cuba	124-10291-10236
Cuba	124-10291-10319
Cuba	124-10300-10024
Cuba	124-10325-10318
Cuba	124-10326-10149
Cuba	124-10326-10191
Cuba	124-10332-10018
Cuba	124-90135-10074
Cuba	124-90137-10067
Cuba	124-90137-10230
Cuba	124-90137-10284
Cuba	124-90137-10467
Cuba	124-90137-10468
Cuba	124-90138-10004
Cuba	124-90138-10007
Cuba	124-90138-10066
Cuba	124-90138-10073
Cuba	124-90139-10050
Cuba	124-90139-10070
Cuba	124-90139-10071
Cuba	124-90139-10138
Cuba	124-90140-10004
Cuba	124-90140-10005
Cuba	124-90140-10012
Cuba	157-10002-10056
Cuba	157-10002-10106
Cuba	157-10002-10165
Cuba	157-10004-10095
Cuba	157-10011-10083
Cuba	157-10014-10109
Cuba	157-10014-10242
Cuba	176-10011-10152
Cuba	176-10030-10422
Cuba	176-10033-10145
Cuba	176-10036-10027
Cuba	176-10036-10058
Cuba	176-10037-10440
Cuba	177-10001-10305
Cuba	177-10001-10445
Cuba	177-10002-10012
Cuba	177-10002-10016
Cuba	177-10002-10070
Cuba	177-10002-10096
Cuba	177-10002-10098
Cuba	177-10002-10102
Cuba	177-10002-10103
Cuba	178-10002-10215
Cuba	178-10002-10279
Cuba	178-10003-10001
Cuba	178-10004-10053
Cuba	178-10004-10054
Cuba	180-10110-10100
Cuba	194-10012-10030
Cuba	198-10004-10076
Cuba	198-10005-10017
Cuba	198-10005-10018
Cuba	198-10007-10013
Cuba	198-10007-10021
Cuba	198-10007-10022
Cuba	198-10008-10119
Cuba	198-10009-10098
Cuba	198-10009-10099
Cuba	202-10001-10203
Cuba	202-10002-10124
Cuban Embassy	104-10326-10087
Cuban Embassy	180-10110-10100
Cuban Legation in Iraq	104-10163-10019
Cuernavaca	104-10172-10107
Cumaná	104-10048-10252
Cura	104-10529-10323
Curacao	119-10021-10413
Curacao	198-10007-10013
Curacao	198-10007-10021
Curacao	198-10008-10119
Curacao	198-10009-10099
Cusco	176-10036-10058
Cuzco Valley	176-10036-10065
Cuzco Valley	177-10002-10016
Cxadoxas	104-10178-10136
Cyprus	104-10302-10030
Cyprus	104-10306-10011
Cyprus	176-10030-10422
Czech Embassy	104-10413-10053
Czechoslovakia	104-10070-10079
Czechoslovakia	104-10215-10035
Czechoslovakia	124-10325-10318
Czechoslovakia	180-10143-10227
DALLAS	104-10209-10025
DAMA	104-10510-10090
DARE	104-10510-10090
DETROIT	104-10527-10424
DIAR	104-10290-10155
DJAK	104-10510-10090
DKAR	104-10510-10090
Da Lat	104-10069-10132
Da Nang	176-10036-10098
Dacca	104-10012-10076
Dade County	124-10284-10172
Dahlem	124-90092-10002
Dakar	104-10007-10345
Dakar	104-10012-10076
Dakar	104-10107-10135
Dakar	104-10107-10137
Dakar	104-10119-10040
Dakar	104-10186-10008
Dakar	104-10332-10020
Dalat	176-10036-10102
Dalat	176-10036-10104
Dallas	104-10012-10035
Dallas	104-10097-10170
Dallas	104-10179-10182
Dallas	104-10275-10176
Dallas	104-10413-10306
Dallas	104-10431-10102
Dallas	104-10506-10028
Dallas	124-10114-10010
Dallas	124-10181-10009
Dallas, Texas	104-10177-10220
Dallas, Texas	104-10216-10073
Dallas, Texas	104-10217-10000
Dallas, Texas	124-10150-10104
Dallas, Texas	124-10237-10009
Damascus	104-10007-10345
Damascus	104-10012-10024
Damascus	177-10002-10098
Damascus	177-10002-10103
Dar Es Salaam	104-10186-10008
Dar-es-Salaam	104-10007-10345
Dartmouth University	104-10064-10012
David, Panama	104-10172-10001
Delhi	104-10119-10247
Delhi	124-10279-10209
Denmark	104-10014-10051
Denmark	104-10164-10032
Denmark	104-10326-10055
Denver	104-10051-10106
Denver	104-10119-10247
Denver	104-10130-10472
Detroit	124-90092-10001
Dhahran	104-10209-10259
Dhahran, Saudi Arabia	104-10051-10106
Dhahran, Saudi Arabia	104-10132-10092
Dhahran, Saudi Arabia	104-10133-10437
Dhahran, Saudi Arabia	104-10300-10124
Dhahran, Saudi Arabia	104-10418-10378
Dhahran, Saudi Arabia	104-10437-10079
District of Columbia	104-10116-10261
District of Columbia	104-10117-10203
District of Columbia	104-10122-10307
Djakarta	104-10007-10345
Djakarta	104-10009-10021
Djakarta	104-10186-10008
Djakarta	104-10216-10046
Djakarta	104-10418-10439
Djakarta	176-10036-10116
Djakarta	177-10002-10098
Djakarta	177-10002-10102
Do agirak	104-10012-10076
Dolors City	104-10100-10396
Dominican Republic	104-10048-10124
Dominican Republic	104-10049-10362
Dominican Republic	104-10049-10375
Dominican Republic	104-10061-10053
Dominican Republic	104-10106-10325
Dominican Republic	104-10167-10083
Dominican Republic	104-10167-10190
Dominican Republic	104-10170-10059
Dominican Republic	104-10177-10217
Dominican Republic	104-10178-10334
Dominican Republic	104-10182-10137
Dominican Republic	104-10183-10276
Dominican Republic	104-10186-10099
Dominican Republic	104-10186-10309
Dominican Republic	104-10192-10110
Dominican Republic	104-10216-10075
Dominican Republic	104-10227-10153
Dominican Republic	104-10263-10111
Dominican Republic	104-10265-10118
Dominican Republic	104-10265-10141
Dominican Republic	104-10302-10020
Dominican Republic	104-10302-10030
Dominican Republic	104-10308-10086
Dominican Republic	124-10279-10258
Dominican Republic	124-90124-10092
Dominican Republic	157-10002-10165
Dominican Republic	177-10001-10305
Dominican Republic	198-10007-10022
Dominican Republic	198-10009-10099
Dunbarton College of Holy Cross	104-10071-10060
Dunbarton College of Holy Cross, 2935 Upton Street N.W., Washington, D. C	104-10063-10206
Dundee	177-10002-10103
EGLIN	104-10215-10139
EGLIN	104-10267-10196
EMBASSY	104-10101-10215
ENFUEGOS	104-10172-10137
ENGLAND	104-10179-10121
ENGLAND	176-10036-10052
ENGLAND, LONDON	176-10036-10051
EOS	104-10077-10382
ESCAMBRAY	104-10169-10265
EUROPE	104-10234-10069
East Africa	177-10002-10102
East Berlin	157-10002-10105
East Germany	104-10069-10132
East Germany	197-10002-10190
Eastern SOUGE District (Oriente)	104-10308-10269
Ecuador	104-10048-10252
Ecuador	104-10170-10051
Ecuador	104-10170-10064
Ecuador	104-10192-10110
Ecuador	104-10216-10073
Ecuador	104-10227-10153
Ecuador	104-10230-10153
Ecuador	176-10036-10058
Ecuador	176-10036-10065
Ecuador	177-10001-10305
Ecuador	177-10002-10016
Ecuador	177-10002-10103
Ecuador	198-10004-10207
Ecuador	198-10007-10013
Ecuador	198-10007-10021
Ecuador	198-10007-10022
Ecuador	198-10008-10119
Ecuador	198-10009-10098
Ecuador	198-10009-10099
Ecuador	202-10001-10203
Edificio FOCSA	104-10180-10178
Eglin Air Force Base, Florida	104-10066-10076
Egypt	177-10002-10096
Egypt	177-10002-10097
El Chamizal	177-10002-10070
El Cotorro	104-10308-10168
El Paso	124-90092-10001
El Paso	177-10002-10069
El Paso	177-10002-10070
El Paso, Texas	104-10175-10179
El Salvador	104-10072-10001
El Salvador	104-10073-10061
El Salvador	104-10119-10040
El Salvador	104-10165-10084
El Salvador	104-10180-10044
El Salvador	104-10183-10260
El Salvador	104-10183-10276
El Salvador	104-10187-10103
El Salvador	104-10187-10110
El Salvador	104-10188-10454
El Salvador	104-10192-10110
El Salvador	104-10235-10018
El Salvador	104-10338-10018
El Salvador	177-10001-10305
El Salvador	198-10007-10013
El Salvador	198-10007-10021
El Salvador	198-10007-10022
El Salvador	198-10008-10119
En Crusijada	104-10171-10020
England	104-10103-10079
England	104-10106-10325
England	104-10107-10089
England	104-10107-10135
England	104-10169-10282
England	104-10172-10112
England	104-10179-10122
England	104-10192-10284
England	104-10227-10003
England	104-10307-10024
England	104-10431-10102
England	124-10212-10337
England	124-10291-10236
England	124-10325-10318
England	124-90137-10284
England	176-10036-10104
England	194-10012-10030
Englend	104-10114-10152
Englewood, New Jersey	104-10106-10716
Esbana	198-10007-10021
Escambray	104-10070-10079
Escambray	104-10169-10271
Escambray	104-10226-10011
Escambray	104-10227-10150
Escambray	104-10232-10004
Escambray	104-10236-10056
Escambray	104-10308-10269
Escambray Mountains	104-10171-10039
Escambray Mountains	202-10001-10203
Escambrey	104-10232-10018
Eschborn	104-10169-10139
Ethiopia	104-10433-10209
Ethiopia	177-10002-10097
Eugene, Oregon	124-10273-10104
Europe	104-10052-10130
Europe	104-10106-10325
Europe	104-10166-10158
Europe	104-10170-10121
Europe	104-10171-10138
Europe	104-10173-10104
Europe	104-10177-10206
Europe	104-10177-10220
Europe	104-10179-10134
Europe	104-10182-10073
Europe	104-10183-10022
Europe	104-10183-10239
Europe	104-10192-10110
Europe	104-10291-10003
Europe	104-10306-10016
Europe	104-10332-10020
Europe	124-10280-10030
Europe	124-10326-10098
Europe	124-90037-10081
Europe	124-90092-10016
Europe	157-10002-10105
Europe	157-10002-10106
Europe	157-10011-10083
Europe	157-10014-10109
Europe	178-10002-10091
Europe	178-10002-10215
Europe	178-10002-10279
Europe	198-10007-10029
Europe	198-10009-10099
FAIRFAX, VIRGINIA	157-10011-10083
FIRAR DEL RIO	104-10172-10059
FITTIPE	104-10290-10219
FLORIDA	104-10290-10055
FORT LAUDERDALE	104-10179-10209
FORT WORTH	104-10209-10025
FPAN	104-10510-10090
FRAN	104-10290-10155
FRAN	104-10527-10212
FRANCE	104-10226-10087
FRANCE	104-10516-10348
FRANCE	104-10527-10277
FRANKFURT	104-10072-10034
FRANKFURT	104-10178-10124
FRANKFURT	104-10234-10124
FROB	104-10234-10124
FROB	104-10527-10212
Fagota	104-10012-10076
Fairfax County, Virginia	124-90060-10015
Falls Church, Va	104-10114-10160
Falls Church, Va.	104-10121-10191
Falls Church, Virginia	104-10114-10162
Falls Church, Virginia	104-10161-10321
Falls Church, Virginia	104-10173-10132
Falls Church, Virginia	104-10175-10179
Far East	104-10059-10099
Far East	104-10123-10219
Far East	104-10172-10001
Far East	104-10210-10020
Far East	124-10279-10209
Far East Asian countries	104-10105-10271
Feiping, China	104-10173-10134
Fenocal Avenue	104-10180-10215
Fershing Hts	104-10219-10143
Fincas La Puntilla	104-10308-10127
Finland	104-10004-10143 (C06932208)
Finland	104-10004-10143
Finland	104-10004-10156
Finland	104-10172-10279
Finland	104-10290-10190
Fla	104-10179-10088
Florence	104-10185-10009
Florence	104-10185-10030
Florida	104-10073-10101
Florida	104-10120-10273
Florida	104-10162-10247
Florida	104-10182-10137
Florida	104-10183-10384
Florida	104-10245-10000
Florida	124-10326-10149
Florida Keys	124-10332-10047
Florida Straits	202-10002-10124
Flushing, N. Y.	124-10273-10104
Forest Hills	104-10183-10232
Fort Antonio	104-10165-10004
Fort Benning, Georgia	104-10183-10346
Fort Bragg	104-10310-10020
Fort Campbell	104-10165-10004
Fort George G. Meade, Maryland	104-10166-10158
Fort Hood, Texas	104-10172-10278
Fort Hunt, Washington, D. C.	104-10175-10179
Fort Lauderdale	104-10308-10029
Fort Lauderdale, Florida	124-10332-10047
Fort Leavenworth, Kansas	104-10175-10179
Fort Riley, Kansas	104-10175-10179
Fort au France	198-10004-10207
Fort au France	198-10009-10098
Fortaleza de la Cabaña	104-10171-10047
Forte Alegre	104-10012-10076
France	104-10005-10321
France	104-10012-10022
France	104-10061-10053
France	104-10074-10007
France	104-10098-10401
France	104-10103-10079
France	104-10105-10271
France	104-10169-10282
France	104-10181-10099
France	104-10183-10232
France	104-10216-10199
France	104-10219-10143
France	104-10290-10190
France	104-10307-10024
France	104-10310-10020
France	104-10431-10091
France	124-10212-10337
France	124-10284-10155
France	124-10325-10318
France	124-10326-10098
France	176-10036-10104
France	177-10002-10092
France	180-10143-10227
France	202-10001-10203
Franconia	104-10110-10242
Franconia	104-10110-10243
Franconia	104-10216-10234
Franconia Depot	104-10110-10245
Frankfurt	104-10005-10321
Frankfurt	104-10007-10345
Frankfurt	104-10012-10076
Frankfurt	104-10071-10139
Frankfurt	104-10077-10076
Frankfurt	104-10106-10300
Frankfurt	104-10106-10325
Frankfurt	104-10169-10139
Frankfurt	104-10171-10138
Frankfurt	104-10177-10219
Frankfurt	104-10178-10130
Frankfurt	104-10178-10136
Frankfurt	104-10183-10233
Frankfurt	104-10183-10333
Frankfurt	104-10234-10115
Frankfurt	104-10322-10056
Frankfurt	104-10529-10323
Frankfurt	124-90092-10016
Frankfurt, Germany	104-10113-10030
Freetown	104-10007-10345
Freetown	104-10012-10076
French Caribbean	198-10009-10098
Ft. Lauderdale, Florida	104-10161-10144
Ft. Lauderdale, Florida	124-10221-10229
Fuerte Rico	104-10179-10136
GARY, INDIANA	104-10177-10047
GENEVA	104-10072-10034
GENEVA	104-10183-10044
GENEVA	104-10183-10240
GENEVA	104-10517-10120
GENEVA	104-10517-10121
GEORGETOWN	104-10072-10034
GERMANY	104-10234-10124
GNVA	104-10527-10212
GOMEL	104-10162-10247
GUANTANAMO, CUBA	104-10076-10295
GUAT	104-10187-10149
GUAT	104-10510-10090
GUATEMALA	104-10290-10055
GUATEMALA CITY	104-10072-10034
GUATEMALA CITY	104-10187-10149
GUAYAQUIL	104-10072-10034
GUERRERO	124-10279-10020
GUIRA DE MELENA, GAZANA, CUBA	104-10290-10038
GUIRA DE MELENA, HABANA, CUBA	104-10101-10109
Galera	104-10102-10237
Ganda	104-10527-10424
Ganuza	104-10193-10016
Gdansk, Poland	124-90137-10357
Geneva	104-10009-10021
Geneva	104-10071-10139
Geneva	104-10088-10074
Geneva	104-10106-10300
Geneva	104-10106-10716
Geneva	104-10107-10137
Geneva	104-10178-10130
Geneva	104-10178-10136
Geneva	104-10183-10239
Geneva	104-10186-10008
Geneva	104-10209-10164
Geneva	104-10210-10020
Geneva	104-10213-10202
Geneva	104-10216-10398
Geneva	104-10227-10153
Geneva	104-10234-10115
Geneva	104-10247-10097
Geneva	104-10310-10020
Geneva	104-10322-10056
Geneva	104-10332-10009
Geneva	104-10332-10020
Geneva	104-10418-10439
Geneva	176-10036-10179
Geneva	177-10002-10098
Geneva, Switzerland	104-10107-10135
Geneva, Switzerland	104-10234-10096
Genoa	104-10100-10251
George Mason College	104-10114-10162
Georgetown	104-10007-10345
Georgetown	104-10009-10021
Georgetown	104-10012-10076
Georgetown	104-10070-10296
Georgetown	104-10071-10139
Georgetown	104-10178-10130
Georgetown	104-10178-10136
Georgetown	104-10209-10164
Georgetown	104-10322-10056
Georgetown	104-10418-10439
Georgetown	119-10021-10413
Georgetown	198-10004-10207
Georgetown	198-10005-10018
Georgetown	198-10007-10013
Georgetown	198-10007-10021
Georgetown	198-10008-10119
Georgetown University	104-10110-10433
Georgia	104-10290-10309
Georgia Avenue, Silver Spring, Maryland	104-10185-10244
Georgia Tech	104-10093-10109
Georgotowa	104-10186-10008
German ports	104-10308-10053
Germany	104-10005-10321
Germany	104-10014-10064
Germany	104-10023-10087
Germany	104-10061-10053
Germany	104-10070-10296
Germany	104-10106-10300
Germany	104-10123-10421
Germany	104-10132-10092
Germany	104-10133-10437
Germany	104-10169-10139
Germany	104-10171-10138
Germany	104-10172-10243
Germany	104-10172-10248
Germany	104-10177-10219
Germany	104-10179-10233
Germany	104-10209-10259
Germany	104-10213-10202
Germany	104-10213-10352
Germany	104-10226-10117
Germany	104-10234-10115
Germany	104-10300-10124
Germany	104-10418-10378
Germany	124-10325-10318
Germany	124-90092-10016
Germany	124-90137-10355
Germany	157-10002-10105
Germany	198-10005-10017
Gerona	104-10076-10371
Gettysburg	104-10306-10011
Ghana	104-10302-10030
Ghana	177-10002-10097
Ghana Embassy	104-10101-10239
Gia Dinh	176-10036-10097
Gia Long Palace	176-10036-10149
Ginsterweg 1, Bremen Munthe, West Germany	124-90137-10357
Ginza	104-10176-10020
Go Vap	176-10036-10087
Golfito	104-10177-10225
Gorkiy	104-10210-10020
Gran Cayman	198-10007-10022
Great Britain	104-10074-10007
Great Britain	124-10326-10098
Greece	104-10074-10007
Greece	104-10103-10079
Greece	104-10164-10088
Greece	104-10172-10112
Greece	104-10307-10024
Greece	124-10326-10098
Greece	124-90137-10067
Greece	176-10030-10422
Greece	176-10037-10120
Greece	177-10002-10101
Guadeloupe	104-10215-10128
Guadeloupe	104-10263-10111
Guadeloupe	198-10004-10207
Guadeloupe	198-10009-10098
Guanabacia	104-10290-10273
Guanabacoa	104-10070-10079
Guanabara	104-10100-10396
Guanabara	104-10529-10184
Guanabara	198-10007-10021
Guanabara	198-10008-10119
Guanabo	104-10103-10112
Guanabo	104-10193-10016
Guanabo Beach	104-10102-10237
Guantanamo	104-10179-10182
Guantanamo	104-10227-10150
Guantanamo	104-10232-10004
Guantanamo	104-10236-10056
Guantanamo	104-10275-10176
Guantanamo	104-10298-10095
Guantanamo	104-10302-10020
Guantanamo	104-10512-10110
Guantanamo	124-10326-10149
Guantanamo Bay	104-10165-10004
Guantanamo Bay	104-10173-10135
Guantanamo Bay	202-10002-10124
Guantanamo Bay, Cuba	124-10221-10231
Guantanamo Naval Base	104-10171-10047
Guantanamo Naval Base	104-10221-10222
Guantanamo Naval Base	178-10004-10054
Guantanamo Navy Base	104-10171-10044
Guarabacoa	104-10308-10054
Guat	104-10290-10168
Guatemala	104-10012-10076
Guatemala	104-10061-10053
Guatemala	104-10072-10001
Guatemala	104-10101-10124
Guatemala	104-10105-10277
Guatemala	104-10105-10293
Guatemala	104-10111-10094
Guatemala	104-10115-10074
Guatemala	104-10119-10040
Guatemala	104-10165-10084
Guatemala	104-10170-10145
Guatemala	104-10172-10107
Guatemala	104-10177-10225
Guatemala	104-10178-10334
Guatemala	104-10180-10042
Guatemala	104-10183-10259
Guatemala	104-10183-10260
Guatemala	104-10186-10037
Guatemala	104-10187-10103
Guatemala	104-10187-10208
Guatemala	104-10192-10110
Guatemala	104-10215-10004
Guatemala	104-10215-10128
Guatemala	104-10216-10075
Guatemala	104-10218-10097
Guatemala	104-10227-10046
Guatemala	104-10227-10271
Guatemala	104-10230-10153
Guatemala	104-10235-10018
Guatemala	104-10248-10203
Guatemala	104-10301-10010
Guatemala	104-10338-10018
Guatemala	119-10021-10413
Guatemala	176-10030-10422
Guatemala	176-10033-10145
Guatemala	176-10036-10065
Guatemala	177-10001-10305
Guatemala	177-10002-10016
Guatemala	198-10004-10207
Guatemala	198-10007-10013
Guatemala	198-10007-10021
Guatemala	198-10007-10022
Guatemala	198-10008-10119
Guatemala	198-10009-10099
Guatemala	202-10001-10203
Guatemala City	104-10007-10345
Guatemala City	104-10009-10021
Guatemala City	104-10048-10252
Guatemala City	104-10071-10139
Guatemala City	104-10178-10130
Guatemala City	104-10178-10136
Guatemala City	104-10186-10008
Guatemala City	104-10209-10164
Guatemala City	104-10218-10083
Guatemala City	104-10218-10097
Guatemala City	104-10322-10056
Guatemala City	104-10418-10439
Guatemala City, Guatemala	124-90124-10055
Guayaquil	104-10009-10021
Guayaquil	104-10012-10076
Guayaquil	104-10071-10139
Guayaquil	104-10170-10064
Guayaquil	104-10178-10130
Guayaquil	104-10178-10136
Guayaquil	104-10186-10008
Guayaquil	104-10209-10164
Guayaquil	104-10216-10073
Guayaquil	104-10322-10056
Guayaquil	104-10418-10439
Guayaquil, Ecuador	104-10117-10075
Guerrero	124-10279-10018
Guinea	104-10302-10030
Guinea	177-10002-10097
Guinea	198-10004-10207
Guinea	198-10009-10098
Guinean	198-10008-10119
Guines	104-10308-10062
Gutenberg	104-10052-10130
HABANA	104-10169-10265
HABANA	104-10177-10047
HABANA	104-10179-10209
HABANA	104-10226-10087
HABANA	177-10001-10064
HAGU	104-10510-10090
HAGU	104-10527-10212
HAMB	104-10290-10155
HAMB	104-10527-10212
HAMBURG	104-10072-10034
HAMBURG	104-10527-10424
HARIANAO, CUBA	104-10290-10038
HAVA	104-10076-10374
HAVA	104-10169-10265
HAVA	104-10219-10418
HAVANA	104-10076-10277
HAVANA	104-10097-10077
HAVANA	104-10100-10199
HAVANA	104-10512-10101
HAVANA	104-10516-10103
HAVANA	177-10001-10061
HAVANA, CUBA	104-10172-10059
HAVE	104-10527-10212
HEID	104-10290-10155
HELS	104-10510-10090
HELSINKI	104-10072-10034
HIALEAH, FLA	104-10510-10141
HOLLAND	104-10308-10189
HONG	104-10510-10090
HONG KONG	104-10072-10034
HONG KONG	104-10178-10124
HONG KONG	104-10290-10210
HONONONO	104-10516-10239
HUE	176-10038-10032
HULA	104-10510-10090
Habana	104-10049-10362
Habana	104-10072-10228
Habana	104-10075-10099
Habana	104-10075-10200
Habana	104-10076-10372
Habana	104-10076-10442
Habana	104-10163-10019
Habana	104-10167-10297
Habana	104-10169-10017
Habana	104-10170-10091
Habana	104-10171-10013
Habana	104-10171-10018
Habana	104-10171-10044
Habana	104-10172-10041
Habana	104-10179-10113
Habana	104-10180-10044
Habana	104-10180-10200
Habana	104-10185-10105
Habana	104-10185-10110
Habana	104-10185-10117
Habana	104-10186-10235
Habana	104-10186-10264
Habana	104-10192-10154
Habana	104-10215-10003
Habana	104-10215-10035
Habana	104-10260-10400
Habana	104-10265-10118
Habana	104-10290-10273
Habana	104-10295-10168
Habana	104-10308-10163
Habana	104-10308-10208
Habana	104-10512-10110
Habana	124-10291-10319
Habana	124-90041-10023
Habana	176-10036-10058
Habana	198-10004-10207
Habana Province	104-10076-10371
Habana Province	104-10185-10117
Habana, Cuba	104-10186-10269
Habanzas	104-10290-10273
Hackensack, N.J.	104-10229-10002
Hague	104-10306-10025
Hague	104-10529-10323
Hague	119-10021-10413
Hague	198-10008-10119
Haiphong	104-10064-10012
Haiphong	176-10037-10460
Haiti	104-10061-10053
Haiti	104-10104-10094
Haiti	104-10164-10088
Haiti	104-10166-10262
Haiti	104-10167-10190
Haiti	104-10183-10276
Haiti	104-10186-10088
Haiti	104-10186-10308
Haiti	104-10217-10000
Haiti	104-10338-10018
Haiti	124-10279-10258
Haiti	177-10001-10305
Haiti	198-10005-10018
Haiti	198-10007-10022
Haiti	198-10009-10099
Halifax	104-10186-10235
Hallandale, Florida	124-90110-10083
Hamburg	104-10009-10021
Hamburg	104-10071-10139
Hamburg	104-10100-10251
Hamburg	104-10178-10130
Hamburg	104-10178-10136
Hamburg	104-10209-10164
Hamburg	104-10226-10117
Hamburg	104-10322-10056
Hamburg	104-10418-10439
Hampico	104-10052-10130
Hanoi	104-10306-10020
Hanoi	176-10036-10137
Hanoi	177-10002-10101
Harbin	104-10176-10015
Harbin	104-10176-10020
Harrisburg, Pennsylvania	104-10163-10019
Harvey, Illinois	104-10215-10018
Haukpoan, Illinois	104-10290-10162
Hava	104-10179-10088
Havana	104-10012-10022
Havana	104-10048-10124
Havana	104-10066-10076
Havana	104-10069-10112
Havana	104-10069-10120
Havana	104-10069-10185
Havana	104-10070-10079
Havana	104-10073-10101
Havana	104-10075-10365
Havana	104-10075-10373
Havana	104-10076-10229
Havana	104-10077-10153
Havana	104-10093-10065
Havana	104-10093-10109
Havana	104-10095-10276
Havana	104-10100-10034
Havana	104-10100-10223
Havana	104-10100-10239
Havana	104-10102-10224
Havana	104-10102-10237
Havana	104-10103-10079
Havana	104-10103-10112
Havana	104-10111-10079
Havana	104-10160-10207
Havana	104-10163-10065
Havana	104-10163-10136
Havana	104-10164-10050
Havana	104-10167-10127
Havana	104-10167-10375
Havana	104-10170-10051
Havana	104-10170-10112
Havana	104-10170-10121
Havana	104-10170-10125
Havana	104-10171-10020
Havana	104-10171-10033
Havana	104-10171-10034
Havana	104-10171-10039
Havana	104-10171-10047
Havana	104-10172-10001
Havana	104-10172-10105
Havana	104-10172-10147
Havana	104-10173-10097
Havana	104-10173-10104
Havana	104-10173-10166
Havana	104-10174-10037
Havana	104-10174-10043
Havana	104-10178-10334
Havana	104-10179-10022
Havana	104-10179-10025
Havana	104-10179-10104
Havana	104-10179-10182
Havana	104-10180-10062
Havana	104-10180-10138
Havana	104-10180-10178
Havana	104-10180-10215
Havana	104-10181-10099
Havana	104-10181-10152
Havana	104-10183-10039
Havana	104-10183-10376
Havana	104-10183-10436
Havana	104-10187-10208
Havana	104-10193-10016
Havana	104-10215-10128
Havana	104-10216-10148
Havana	104-10216-10199
Havana	104-10216-10273
Havana	104-10216-10338
Havana	104-10216-10398
Havana	104-10226-10011
Havana	104-10226-10045
Havana	104-10227-10150
Havana	104-10234-10007
Havana	104-10234-10050
Havana	104-10234-10102
Havana	104-10234-10141
Havana	104-10236-10075
Havana	104-10237-10120
Havana	104-10247-10037
Havana	104-10247-10064
Havana	104-10275-10176
Havana	104-10290-10273
Havana	104-10290-10309
Havana	104-10298-10095
Havana	104-10301-10010
Havana	104-10302-10020
Havana	104-10307-10024
Havana	104-10308-10023
Havana	104-10308-10044
Havana	104-10308-10054
Havana	104-10308-10062
Havana	104-10308-10127
Havana	104-10308-10165
Havana	104-10308-10269
Havana	104-10413-10306
Havana	104-10431-10091
Havana	104-10433-10212
Havana	104-10506-10028
Havana	104-10529-10329
Havana	124-10212-10160
Havana	124-10221-10229
Havana	124-10221-10231
Havana	124-10239-10171
Havana	124-10284-10171
Havana	124-90135-10074
Havana	124-90137-10067
Havana	124-90137-10230
Havana	124-90137-10468
Havana	124-90138-10007
Havana	124-90138-10073
Havana	124-90139-10002
Havana	124-90140-10005
Havana	157-10002-10165
Havana	157-10004-10144
Havana	157-10014-10242
Havana	177-10001-10305
Havana	177-10002-10096
Havana	177-10002-10098
Havana	177-10002-10102
Havana	198-10005-10017
Havana	198-10007-10013
Havana	198-10007-10021
Havana	198-10008-10119
Havana	202-10001-10203
Havana, Cuba	104-10073-10074
Havana, Cuba	104-10111-10094
Havana, Cuba	104-10115-10074
Havana, Cuba	104-10129-10002
Havana, Cuba	104-10162-10120
Havana, Cuba	104-10219-10283
Havana, Cuba	104-10221-10222
Havana, Cuba	104-10234-10096
Havana, Cuba	124-90124-10092
Hawaii	104-10119-10247
Hawaii	104-10124-10149
Hawan	104-10219-10143
Headquarters	104-10088-10074
Headquarters	104-10215-10004
Headquarters	104-10303-10003
Heleinkta	104-10012-10076
Helsinki	104-10004-10143 (C06932208)
Helsinki	104-10004-10143
Helsinki	104-10004-10156
Helsinki	104-10007-10345
Helsinki	104-10009-10021
Helsinki	104-10071-10139
Helsinki	104-10172-10201
Helsinki	104-10172-10278
Helsinki	104-10172-10279
Helsinki	104-10178-10130
Helsinki	104-10178-10136
Helsinki	104-10185-10128
Helsinki	104-10186-10008
Helsinki	104-10209-10164
Helsinki	104-10234-10155
Helsinki	104-10263-10139
Helsinki	104-10322-10056
Helsinki	104-10332-10020
Helsinki	104-10418-10439
Hialeah, Florida	104-10179-10182
Hialeah, Florida	124-10213-10483
Hiami	198-10004-10076
Hilliard, Ohio	104-10166-10158
Hoa Binh	176-10037-10453
Hoechst	124-90092-10016
Hokkaido	104-10176-10020
Holguin	104-10048-10252
Holguin	104-10075-10373
Holguin	202-10001-10203
Holguin, Cuba	104-10163-10019
Holland	104-10106-10716
Holland	104-10187-10009
Holland	124-90137-10357
Honduras	104-10062-10227
Honduras	104-10070-10272
Honduras	104-10111-10079
Honduras	104-10165-10084
Honduras	104-10178-10334
Honduras	104-10183-10267
Honduras	104-10183-10276
Honduras	104-10187-10208
Honduras	104-10230-10153
Honduras	104-10235-10018
Honduras	104-10338-10018
Honduras	119-10021-10413
Honduras	176-10036-10065
Honduras	177-10001-10305
Honduras	177-10002-10016
Honduras	178-10003-10001
Honduras	198-10004-10207
Honduras	198-10005-10018
Honduras	198-10007-10021
Honduras	198-10007-10022
Honduras	198-10008-10119
Honduras	198-10009-10098
Hong Kong	104-10007-10345
Hong Kong	104-10009-10021
Hong Kong	104-10071-10139
Hong Kong	104-10105-10271
Hong Kong	104-10105-10277
Hong Kong	104-10105-10293
Hong Kong	104-10119-10247
Hong Kong	104-10123-10223
Hong Kong	104-10171-10138
Hong Kong	104-10178-10071
Hong Kong	104-10178-10130
Hong Kong	104-10178-10136
Hong Kong	104-10186-10008
Hong Kong	104-10322-10056
Hong Kong	104-10418-10439
Hong Kong	124-10273-10104
Honolulu	104-10007-10345
Honolulu	104-10009-10021
Honolulu	104-10124-10149
Honolulu	104-10130-10472
Honolulu	104-10291-10002
Honolulu	104-10306-10011
Honolulu	104-10418-10439
Hotel Statler	104-10174-10038
Houma	104-10106-10716
Houston	104-10106-10716
Houston	124-90139-10071
Houston, Texas	104-10048-10124
Houston, Texas	104-10072-10289
Houston, Texas	104-10116-10261
Houston, Texas	104-10117-10203
Houston, Texas	124-90139-10070
Hqs	104-10306-10011
Hua Hong	104-10069-10132
Hue	104-10306-10020
Hue	176-10036-10099
Hue	176-10036-10134
Hungary	104-10106-10716
Hungary	104-10291-10009
Hungary	124-10311-10292
Hunting Towers, Apt #731 West, Mount Vernon Avenue (Blvd.), Alexandria, Virginia	104-10185-10248
Hyattsville	104-10110-10433
IBERIA	104-10528-10052
ICE	104-10183-10262
IML Letllinger Heide	197-10002-10190
INTERNATIONAL MARINE DOCK	104-10179-10209
ISO	104-10215-10139
ISRAEL	104-10519-10184
ISTA	104-10510-10090
ITALIA	104-10220-10294
ITALY	104-10100-10086
ITALY	104-10516-10348
ITALY	104-10527-10424
ITALY	104-10528-10052
Ibiza	104-10182-10073
Iceland	104-10005-10321
Iceland	104-10302-10030
Idaho	104-10413-10306
Idlewild	104-10162-10247
Idlewild Airport	124-90137-10468
Idlewild International Airport	124-90137-10467
Ier at Salava	104-10012-10076
Illinois	104-10178-10130
Imias	104-10171-10047
India	104-10071-10122
India	104-10103-10103
India	104-10162-10247
India	104-10177-10219
India	104-10332-10020
India	124-90139-10070
India	124-90139-10071
India	177-10002-10101
Indiana	178-10002-10215
Indianapolis	178-10002-10215
Indonesia	104-10119-10040
Indonesia	104-10216-10075
Indonesia	104-10234-10141
Indonesia	157-10002-10056
Indonesia	176-10030-10422
Indonesia	176-10033-10145
Indonesia	177-10002-10096
Indonesia	177-10002-10101
Indonesia	177-10002-10102
Infanta	104-10180-10215
Iran	104-10210-10020
Iran	104-10306-10025
Iran	176-10030-10422
Iran	176-10033-10145
Iraq	104-10116-10261
Iraq	104-10163-10019
Iraq	177-10002-10096
Iraq	177-10002-10097
Iraq	177-10002-10098
Ireland	198-10007-10021
Ireland	198-10008-10119
Isabela de Sagua	104-10171-10020
Isabela de Sagua	104-10512-10110
Isla de Pinos	104-10076-10371
Isla de Pinos	104-10110-10433
Isle of Pines	104-10070-10079
Isle of Pines	104-10073-10101
Isle of Pines	104-10171-10044
Isle of Pines	104-10172-10105
Isle of Pines	104-10308-10023
Isle of Pines	124-90135-10074
Isolation	104-10216-10171
Isolation	104-10216-10234
Israel	104-10070-10272
Israel	104-10172-10112
Israel	104-10216-10073
Israel	104-10216-10075
Israel	104-10302-10030
Israel	104-10306-10011
Israel	124-10326-10103
Israel	177-10002-10101
Istanbul	104-10009-10021
Istanbul	104-10012-10076
Istanbul	104-10209-10164
Istanbul	104-10418-10439
Itabo	104-10076-10375
Itabo	104-10308-10127
Italy	104-10070-10296
Italy	104-10074-10007
Italy	104-10098-10401
Italy	104-10100-10087
Italy	104-10100-10251
Italy	104-10101-10054
Italy	104-10103-10079
Italy	104-10105-10271
Italy	104-10165-10084
Italy	104-10171-10003
Italy	104-10172-10112
Italy	104-10181-10099
Italy	104-10183-10022
Italy	104-10183-10437
Italy	104-10185-10009
Italy	104-10185-10024
Italy	104-10185-10030
Italy	104-10234-10007
Italy	104-10234-10148
Italy	104-10247-10064
Italy	104-10290-10190
Italy	104-10306-10011
Italy	104-10306-10018
Italy	104-10307-10024
Italy	104-10528-10053
Italy	124-10326-10098
Italy	124-10369-10022
Italy	124-90092-10016
Italy	177-10002-10096
Ivory Coast	176-10036-10116
J100	104-10510-10090
JAPAN	104-10290-10210
JHNAVE	104-10171-10020
JM/AVE	104-10171-10013
JMWAVE	104-10073-10101
JMWAVE	104-10077-10067
JMWAVE	104-10170-10051
JMWAVE	104-10172-10147
JMWAVE	104-10186-10008
JMWAVE	104-10215-10139
JMWAVE	104-10234-10124
JMWAVE	104-10303-10003
JMWAVE area	104-10171-10003
JUAN	104-10510-10090
JUWAVE area	104-10216-10148
Jacksonville	104-10130-10472
Jacksonville, Florida	104-10179-10195
Jakarta	104-10412-10005
Jamaica	104-10165-10004
Jamaica	104-10172-10147
Jamaica	104-10185-10105
Jamaica	104-10185-10110
Jamaica	104-10187-10208
Jamaica	104-10215-10128
Jamaica	104-10228-10045
Jamaica	104-10230-10153
Jamaica	104-10236-10053
Jamaica	104-10236-10054
Jamaica	104-10433-10209
Jamaica	198-10004-10207
Jamaica	198-10007-10013
Jamaica	198-10007-10021
Jamaica	198-10007-10022
Jamaica	198-10008-10119
Janow	104-10162-10247
Japan	104-10064-10012
Japan	104-10066-10076
Japan	104-10076-10217
Japan	104-10095-10276
Japan	104-10105-10271
Japan	104-10169-10282
Japan	104-10176-10015
Japan	104-10176-10020
Japan	104-10177-10220
Japan	104-10326-10044
Japan	104-10326-10045
Japan	104-10332-10020
Japan	104-10433-10212
Japan	124-10212-10337
Japan	157-10002-10056
Japan	176-10030-10422
Japan	176-10033-10145
Japan	180-10131-10324
Japan	180-10143-10227
Jaruco	104-10170-10015
Jerusalem	104-10012-10076
Jerusalem	104-10186-10008
Jidda	104-10007-10345
Jidda	104-10012-10076
Jinotega	198-10008-10119
Jiquani, Oriente, Cuba	104-10186-10269
Johannesburg	104-10009-10021
Johannesburg	104-10182-10073
Johannesburg	104-10209-10164
Johannesburg	104-10418-10439
Johnston Island	177-10002-10096
Johnston Island	177-10002-10097
Jordan	104-10121-10366
Jordan	104-10122-10344
Jorge Washington Park Way	104-10161-10321
Juanacatlan 179	104-10413-10053
KABU	104-10510-10090
KAHI	104-10510-10090
KAMP	104-10510-10090
KATANZAS	104-10098-10404
KAVA	104-10290-10155
KHAR	104-10510-10090
KINGSTON	104-10072-10034
KUAL	104-10510-10090
KUWA	104-10510-10090
Kabul	104-10007-10345
Kabul	104-10012-10076
Kabul	104-10106-10716
Kaipals	104-10012-10076
Kalinin	104-10101-10239
Kamchatka	178-10003-10001
Kamiseya	104-10219-10143
Kamp	104-10069-10132
Kampala	104-10007-10345
Kansai	104-10064-10012
Kansas	104-10179-10104
Kantasia B.C.	104-10113-10030
Kanto	104-10064-10012
Karachi	104-10007-10345
Karachi	104-10012-10076
Karachi	104-10186-10008
Karachi, Pakistan	104-10061-10053
Karachi, Pakistan	104-10110-10245
Katanga	104-10182-10073
Kathmandu	104-10007-10345
Katmandu	104-10012-10076
Keduaa	104-10012-10076
Kentucky	104-10165-10004
Kentucky	104-10332-10009
Kenya	104-10306-10010
Kenya	177-10002-10102
Key Biscayne	124-10326-10149
Key West	104-10075-10232
Key West	104-10172-10062
Key West	104-10227-10150
Key West	104-10232-10004
Key West	104-10232-10019
Key West	104-10236-10056
Key West	178-10002-10215
Key West	178-10002-10279
Key West, Florida	104-10174-10072
Key West, Florida	104-10308-10062
Key West, Florida	124-90130-10005
Khanh Hoa Province	176-10036-10078
Khartoum	104-10007-10345
Khartoum	104-10012-10076
Khartoum	104-10186-10008
Kiangsi	104-10173-10134
Kianti	104-10171-10003
Kiastasa	104-10012-10076
Kiel	198-10005-10017
Kingston	104-10007-10345
Kingston	104-10009-10021
Kingston	104-10012-10076
Kingston	104-10071-10139
Kingston	104-10165-10004
Kingston	104-10178-10130
Kingston	104-10178-10136
Kingston	104-10185-10105
Kingston	104-10185-10110
Kingston	104-10186-10008
Kingston	104-10186-10264
Kingston	104-10187-10208
Kingston	104-10209-10164
Kingston	104-10322-10056
Kingston	104-10418-10439
Kingston	104-10433-10209
Kingston, Jamaica	104-10186-10269
Kingston, Jamaica	124-10221-10229
Kingsville, Texas	124-10326-10149
Kingsville, Texas	124-10326-10191
Kinshasa	104-10182-10073
Kinshasa	104-10186-10008
Kinshasa	104-10332-10020
Klin	104-10162-10247
Kolpachniy Pereulok	104-10326-10092
Korat	176-10036-10179
Korea	104-10176-10015
Korea	104-10176-10020
Korea	176-10011-10152
Koy Largo	104-10192-10229
Kremlin	104-10101-10239
Kuala Lumpur	104-10007-10345
Kuala Lumpur	104-10009-10021
Kuala Lumpur	104-10012-10076
Kuala Lumpur	104-10123-10223
Kuala Lumpur	104-10418-10439
Kuala Lumpur	176-10036-10116
Kuching	104-10009-10021
Kuching	104-10418-10439
Kuwait	104-10007-10345
Kuwait	104-10012-10076
Kuybyshev	104-10210-10020
LA PAZ	104-10072-10034
LA PAZ	104-10178-10124
LA VILLAS	104-10172-10137
LAGS	104-10510-10090
LAPA	104-10290-10155
LAPA	104-10510-10090
LAPA	104-10527-10212
LAS VILLAS PROVINCE	104-10076-10374
LATIN AMERICA	177-10001-10064
LENA	104-10290-10055
LEOP	104-10510-10090
LIMA	104-10072-10034
LIMA	104-10290-10055
LIMA	104-10290-10155
LIMA	104-10290-10199
LIMA	104-10510-10090
LIMA	104-10527-10212
LISB	104-10510-10090
LISB	104-10527-10212
LISBON	104-10072-10034
LOMI	104-10529-10323
LOND	104-10290-10155
LOND	104-10510-10090
LOND	104-10527-10212
LONDON	104-10072-10034
LONDON	104-10178-10124
LONDON	104-10179-10121
LONDON	104-10308-10189
LONDON	104-10527-10424
LONDON	176-10036-10052
LUXE	104-10510-10090
La Bajada	104-10308-10127
La Cabaña prison	124-90041-10023
La Ceiba	104-10187-10208
La Guaira	104-10183-10346
La Habana	104-10170-10015
La Habana	104-10228-10419
La Isabela	104-10308-10127
La Lucha	104-10177-10225
La Palma Farm	104-10075-10225
La Paz	104-10007-10345
La Paz	104-10009-10021
La Paz	104-10012-10076
La Paz	104-10071-10139
La Paz	104-10170-10064
La Paz	104-10173-10104
La Paz	104-10178-10130
La Paz	104-10178-10136
La Paz	104-10183-10439
La Paz	104-10186-10008
La Paz	104-10209-10164
La Paz	104-10322-10056
La Paz	104-10418-10439
La Paz	119-10021-10413
La Paz	198-10007-10021
La Paz, Bolivia	104-10250-10035
La Rochelle	104-10216-10398
La Rochelle	104-10247-10097
La Seine, France	104-10209-10018
La Vibora	104-10073-10101
LaGuardia Airfield	124-10273-10070
Lacombe, Louisiana	104-10115-10074
Lagos	104-10007-10345
Lagos	104-10009-10021
Lagos	104-10012-10076
Lagos	104-10186-10008
Lagos	104-10418-10439
Lahore	104-10012-10076
Lake Maracaibo	198-10009-10098
Lampang	176-10036-10179
Langley	104-10332-10009
Langley	157-10004-10144
Langley	180-10131-10324
Langley Headquarters Building	104-10110-10245
Langley, Virginia	157-10011-10083
Langley, Virginia	178-10002-10091
Langley, Virginia	178-10002-10215
Langley, Virginia	178-10002-10279
Laos	104-10069-10132
Laos	104-10116-10261
Laos	104-10117-10203
Laos	104-10121-10174
Laos	104-10290-10190
Laos	104-10302-10030
Laos	104-10306-10010
Laos	104-10306-10011
Laos	176-10030-10422
Laos	176-10033-10145
Laos	176-10036-10058
Laos	176-10036-10073
Laos	176-10036-10088
Laos	176-10036-10102
Laos	176-10036-10179
Laos	176-10037-10454
Laos	177-10002-10096
Laos	177-10002-10097
Laos	177-10002-10101
Laos	178-10003-10001
Laotian Border	177-10002-10097
Las Auras	104-10308-10127
Las Pantas	104-10183-10346
Las Pena	104-10170-10059
Las Vegas	104-10119-10247
Las Vegas	104-10173-10130
Las Vegas	104-10173-10132
Las Villas	104-10070-10079
Las Villas	104-10073-10074
Las Villas	104-10170-10051
Las Villas	104-10171-10020
Las Villas	104-10171-10039
Las Villas	104-10171-10047
Las Villas	104-10179-10025
Las Villas	104-10179-10088
Las Villas	104-10180-10062
Las Villas	104-10193-10016
Las Villas	104-10226-10011
Las Villas	104-10308-10023
Las Villas	124-10291-10319
Las Villas Province	104-10171-10003
Las Villas Province	104-10171-10034
Las Villas Province	104-10216-10148
Las Villas Province	104-10228-10083
Las Villas Province	104-10308-10127
Latin America	104-10069-10260
Latin America	104-10075-10200
Latin America	104-10076-10400
Latin America	104-10101-10134
Latin America	104-10102-10224
Latin America	104-10102-10233
Latin America	104-10103-10079
Latin America	104-10103-10103
Latin America	104-10106-10716
Latin America	104-10117-10203
Latin America	104-10119-10220
Latin America	104-10120-10276
Latin America	104-10130-10472
Latin America	104-10163-10065
Latin America	104-10163-10136
Latin America	104-10170-10064
Latin America	104-10170-10121
Latin America	104-10173-10097
Latin America	104-10181-10152
Latin America	104-10182-10137
Latin America	104-10186-10088
Latin America	104-10192-10110
Latin America	104-10213-10002
Latin America	104-10218-10035
Latin America	104-10227-10150
Latin America	104-10227-10153
Latin America	104-10232-10004
Latin America	104-10232-10018
Latin America	104-10232-10019
Latin America	104-10236-10056
Latin America	104-10301-10010
Latin America	104-10306-10010
Latin America	104-10307-10024
Latin America	104-10308-10208
Latin America	104-10310-10020
Latin America	104-10338-10018
Latin America	176-10036-10058
Latin America	176-10036-10065
Latin America	177-10001-10305
Latin America	177-10002-10012
Latin America	177-10002-10016
Latin America	177-10002-10092
Latin America	194-10012-10030
Latin America	198-10004-10076
Latin America	198-10004-10207
Latin America	198-10005-10018
Latin America	198-10007-10013
Latin America	198-10007-10022
Latin America	198-10008-10119
Latin America	198-10009-10098
Latin America	198-10009-10099
Latin America	202-10001-10203
Latin America	202-10002-10124
Latin American countries	104-10180-10138
Latin American country	104-10171-10033
Lausanne, Switzerland	104-10116-10261
Lausanne, Switzerland	104-10117-10203
Lay Kay	176-10037-10460
Lebanon	104-10100-10239
Lebanon	104-10181-10099
Lebanon	104-10302-10020
Leipzig	198-10008-10119
Leningrad	104-10210-10020
Leningrad	104-10219-10154
Leningrad	104-10226-10117
Leopoldville	104-10007-10345
Leopoldville	104-10290-10190
Leopoldville	104-10332-10020
Leopoldville	176-10011-10152
Leopoldville	177-10002-10096
Leopoldville	177-10002-10097
Leopoldville	177-10002-10101
Leopoldville	177-10002-10103
Libya	104-10332-10020
Libya	178-10003-10001
Lima	104-10007-10345
Lima	104-10009-10021
Lima	104-10012-10076
Lima	104-10071-10139
Lima	104-10101-10124
Lima	104-10178-10130
Lima	104-10178-10136
Lima	104-10186-10008
Lima	104-10192-10110
Lima	104-10209-10164
Lima	104-10322-10056
Lima	104-10332-10020
Lima	104-10418-10439
Lima	119-10021-10413
Lima	176-10036-10058
Lima	176-10036-10065
Lima	198-10007-10021
Lima	198-10008-10119
Lima, Peru	104-10117-10075
Lima, Peru	104-10226-10045
Lisbon	104-10007-10345
Lisbon	104-10009-10021
Lisbon	104-10066-10010
Lisbon	104-10071-10139
Lisbon	104-10103-10103
Lisbon	104-10147-10304
Lisbon	104-10178-10130
Lisbon	104-10178-10136
Lisbon	104-10182-10073
Lisbon	104-10186-10008
Lisbon	104-10209-10164
Lisbon	104-10234-10007
Lisbon	104-10247-10064
Lisbon	104-10322-10056
Lisbon	104-10418-10439
Loc Thuan	176-10036-10087
Loiret, France	104-10209-10018
Lome	104-10007-10345
London	104-10007-10345
London	104-10009-10021
London	104-10012-10035
London	104-10066-10010
London	104-10071-10139
London	104-10074-10007
London	104-10075-10365
London	104-10100-10251
London	104-10104-10262
London	104-10111-10079
London	104-10147-10304
London	104-10164-10032
London	104-10169-10139
London	104-10169-10282
London	104-10172-10107
London	104-10172-10112
London	104-10177-10224
London	104-10178-10130
London	104-10178-10136
London	104-10179-10122
London	104-10181-10152
London	104-10182-10073
London	104-10183-10355
London	104-10186-10008
London	104-10192-10284
London	104-10209-10164
London	104-10217-10196
London	104-10219-10282
London	104-10228-10076
London	104-10263-10139
London	104-10322-10056
London	104-10332-10020
London	104-10418-10439
London	104-10431-10102
London	119-10021-10413
London	124-10058-10420
London	124-10163-10134
London	124-10181-10009
London	124-10212-10337
London	124-10291-10236
London	124-10300-10012
London	178-10002-10215
London	194-10012-10030
London, England	104-10219-10283
Long Beach	104-10069-10077
Long Beach, California	104-10121-10191
Long Beach, Long Island	157-10004-10270
Long Island	104-10413-10306
Los Afados	104-10290-10273
Los Angeles	104-10069-10077
Los Angeles	104-10119-10247
Los Angeles	104-10121-10263
Los Angeles	104-10130-10472
Los Angeles	104-10170-10125
Los Angeles	104-10174-10038
Los Angeles	104-10174-10041
Los Angeles	104-10174-10058
Los Angeles	104-10179-10113
Los Angeles	104-10181-10099
Los Angeles	124-10239-10171
Los Angeles	124-10279-10258
Los Angeles	157-10011-10048
Los Angeles	157-10014-10109
Los Angeles	177-10002-10069
Los Angeles	177-10002-10070
Los Angeles, California	104-10059-10099
Los Angeles, California	104-10122-10344
Los Angeles, California	104-10219-10282
Los Angeles, California	157-10004-10270
Los Arabos	104-10093-10065
Los Palacios	124-90041-10023
Louisiana	104-10069-10260
Louisiana	104-10104-10172
Louisiana	104-10104-10262
Louisville	124-10332-10047
Lower Colorado	177-10002-10070
Luanda	104-10182-10073
Lucerna, Mexico D. F.	104-10175-10179
Ludwipol, Poland	124-10291-10319
Lusaka	104-10007-10345
Lusaka	104-10012-10076
Luxembourg	104-10007-10345
Luxembourg	104-10178-10071
Luxembourg	104-10332-10020
Luyano	104-10073-10101
Lyon	104-10185-10030
MACOT, ORIENTE	104-10172-10059
MADARA	104-10098-10404
MADR	104-10183-10139
MADR	104-10510-10090
MADR	104-10527-10212
MADRID	104-10072-10034
MADRID	104-10100-10086
MADRID	104-10171-10020
MADRID	104-10178-10124
MADRID	104-10183-10240
MADRID	104-10220-10224
MADRID	104-10517-10120
MADRID	104-10517-10121
MADUD 70, DEPT. 32, MEXICO, D.F	104-10516-10214
MANA	104-10510-10090
MANAGUA	104-10072-10034
MANI	104-10510-10090
MANILA	104-10072-10034
MANILA	104-10178-10124
MANILA	104-10290-10210
MANILA	104-10516-10239
MELB	104-10290-10155
MELB	104-10510-10090
MELBOURNE	104-10016-10021
MERIDA	104-10516-10227
MEXI	104-10075-10200
MEXI	104-10076-10058
MEXI	104-10097-10077
MEXI	104-10100-10090
MEXI	104-10101-10247
MEXI	104-10180-10176
MEXI	104-10183-10261
MEXI	104-10219-10418
MEXI	104-10510-10090
MEXI	104-10516-10239
MEXI	104-10529-10277
MEXICO	104-10075-10225
MEXICO	104-10100-10086
MEXICO	104-10100-10185
MEXICO	104-10290-10046
MEXICO	104-10290-10055
MEXICO	104-10290-10210
MEXICO	104-10516-10348
MEXICO	104-10528-10052
MEXICO	124-10279-10020
MEXICO CITI	104-10100-10185
MEXICO CITY	104-10077-10112
MEXICO CITY	104-10093-10010
MEXICO CITY	104-10097-10077
MEXICO CITY	104-10097-10360
MEXICO CITY	104-10098-10391
MEXICO CITY	104-10100-10065
MEXICO CITY	104-10100-10090
MEXICO CITY	104-10100-10157
MEXICO CITY	104-10100-10200
MEXICO CITY	104-10101-10109
MEXICO CITY	104-10101-10134
MEXICO CITY	104-10101-10135
MEXICO CITY	104-10101-10247
MEXICO CITY	104-10130-10344
MEXICO CITY	104-10171-10095
MEXICO CITY	104-10175-10101
MEXICO CITY	104-10177-10047
MEXICO CITY	104-10185-10253
MEXICO CITY	104-10215-10018
MEXICO CITY	104-10219-10418
MEXICO CITY	104-10290-10038
MEXICO CITY	104-10290-10055
MEXICO CITY	104-10290-10210
MEXICO CITY	104-10290-10219
MEXICO CITY	104-10516-10227
MEXICO CITY	104-10516-10348
MEXICO CITY	104-10527-10424
MEXICO CITY	104-10528-10052
MEXICO CITY	104-10528-10056
MEXICO CITY	104-10529-10184
MEXICO CITY	104-10529-10330
MEXICO CITY	124-10279-10020
MIAMI	104-10167-10366
MIAMI	104-10179-10209
MIAMI	104-10512-10101
MIAMI	176-10036-10051
MILA	104-10527-10212
MILAN	104-10527-10424
MINSK	104-10326-10074
MINSK	104-10326-10075
MINSK	104-10326-10078
MINSKAYA	104-10130-10215
MNRV	104-10510-10090
MOGA	104-10510-10090
MONT	104-10510-10090
MONT	104-10527-10212
MONTEVIDEO	104-10077-10296
MONTEVIDEO	104-10178-10124
MONTEVIDEO	177-10001-10063
MONTEVIDEOS	104-10072-10034
MORT	104-10290-10155
MRID	104-10527-10212
MT. VERNON BLVD	104-10185-10252
MUNI	104-10510-10090
MUNI	104-10527-10212
MUNICH	104-10072-10034
MUNICH	104-10178-10124
Macau	124-10273-10104
Madara	104-10052-10130
Madras	104-10012-10076
Madrid	104-10007-10345
Madrid	104-10009-10021
Madrid	104-10012-10076
Madrid	104-10070-10079
Madrid	104-10071-10139
Madrid	104-10100-10251
Madrid	104-10103-10038
Madrid	104-10105-10271
Madrid	104-10105-10290 (C06932214)
Madrid	104-10161-10330
Madrid	104-10163-10019
Madrid	104-10170-10121
Madrid	104-10173-10130
Madrid	104-10173-10132
Madrid	104-10178-10130
Madrid	104-10178-10136
Madrid	104-10179-10136
Madrid	104-10181-10099
Madrid	104-10183-10039
Madrid	104-10183-10276
Madrid	104-10183-10355
Madrid	104-10186-10008
Madrid	104-10186-10382
Madrid	104-10194-10024
Madrid	104-10209-10164
Madrid	104-10216-10000
Madrid	104-10216-10002
Madrid	104-10216-10199
Madrid	104-10216-10238
Madrid	104-10216-10273
Madrid	104-10216-10398
Madrid	104-10227-10153
Madrid	104-10234-10155
Madrid	104-10247-10037
Madrid	104-10247-10097
Madrid	104-10302-10020
Madrid	104-10322-10056
Madrid	104-10332-10020
Madrid	104-10418-10439
Madrid	124-10114-10010
Madrid	124-10115-10027
Madrid	124-10291-10319
Madrid	124-90135-10074
Madrid	198-10005-10017
Madrid, Espana	104-10234-10096
Madrid, Spain	104-10073-10113
Madrid, Spain	104-10161-10331
Madrid, Spain	104-10295-10001
Madrid, Spain	124-90140-10012
Malaya	176-10030-10422
Malaysia	177-10002-10096
Mali	104-10302-10030
Mali	177-10002-10097
Manacas	104-10179-10088
Manacas	104-10180-10062
Managua	104-10007-10345
Managua	104-10009-10021
Managua	104-10071-10139
Managua	104-10172-10001
Managua	104-10178-10130
Managua	104-10178-10136
Managua	104-10186-10008
Managua	104-10230-10153
Managua	104-10322-10056
Managua	104-10332-10020
Managua	104-10418-10439
Managua	198-10007-10021
Managua	198-10008-10119
Managua, Nicaragua	104-10129-10033
Managua, Nicaragua	124-90124-10055
Manhattan	104-10161-10226
Manila	104-10007-10345
Manila	104-10009-10021
Manila	104-10071-10139
Manila	104-10123-10223
Manila	104-10178-10130
Manila	104-10178-10136
Manila	104-10216-10075
Manila	104-10219-10143
Manila	104-10310-10020
Manila	104-10322-10056
Manila	104-10418-10439
Manila	177-10002-10097
Manila	177-10002-10098
Manila	177-10002-10102
Manzanillo	104-10070-10079
Manzanillo	104-10075-10373
Manzanillo	202-10001-10203
Marathon Shores, Florida	104-10069-10120
Marianao	104-10073-10101
Marianao	104-10076-10442
Marianao	104-10308-10062
Mariel	198-10005-10018
Mariel Pier	104-10308-10168
Marlboro Township	104-10162-10247
Mars la	104-10012-10076
Marseille	104-10185-10030
Marti	104-10076-10375
Marti	104-10102-10237
Marti	104-10103-10112
Marti	104-10183-10376
Marti area	104-10234-10102
Martinique	104-10061-10053
Martinique	104-10164-10088
Martinique	104-10263-10111
Maryland	104-10012-10035
Maryland	104-10014-10064
Maryland	104-10180-10218
Maryland	104-10185-10205
Maryland	104-10431-10102
Matamoros, Tamaulipas	104-10219-10283
Matanzas	104-10049-10362
Matanzas	104-10070-10079
Matanzas	104-10075-10373
Matanzas	104-10093-10065
Matanzas	104-10103-10112
Matanzas	104-10171-10039
Matanzas	104-10171-10044
Matanzas	104-10179-10088
Matanzas	104-10180-10062
Matanzas	104-10180-10178
Matanzas	104-10183-10376
Matanzas	104-10216-10398
Matanzas	104-10234-10050
Matanzas	104-10247-10097
Matanzas	104-10265-10118
Matanzas	104-10308-10054
Matanzas	104-10308-10062
Matanzas	124-90041-10023
Matanzas	202-10001-10203
Matanzas Province	104-10076-10375
Matanzas Province of Cuba	104-10221-10222
Matenzas	104-10171-10034
Matid	104-10012-10076
Maximo Gomez	104-10076-10375
Mayari Arriba	104-10171-10013
Maywood, Los Angeles, California	104-10171-10034
Mazatlan	104-10062-10227
McLean, Virginia	124-90060-10015
Me ibaurtu	104-10012-10076
Medan	104-10009-10021
Medan	104-10418-10439
Medellin	104-10170-10064
Melbourne	104-10007-10345
Melbourne	104-10009-10021
Melbourne	104-10107-10089
Melbourne	104-10219-10282
Melbourne	104-10418-10439
Melchor Ocampo	104-10052-10130
Memphis	104-10433-10212
Merida	104-10098-10328
Merida	104-10100-10394
Merida	104-10529-10182
Mexico	104-10012-10022
Mexico	104-10052-10130
Mexico	104-10066-10010
Mexico	104-10070-10272
Mexico	104-10072-10001
Mexico	104-10073-10101
Mexico	104-10074-10413
Mexico	104-10075-10232
Mexico	104-10075-10250
Mexico	104-10076-10000
Mexico	104-10077-10136
Mexico	104-10093-10266
Mexico	104-10095-10075
Mexico	104-10095-10161
Mexico	104-10100-10087
Mexico	104-10100-10199
Mexico	104-10100-10239
Mexico	104-10100-10319
Mexico	104-10100-10411
Mexico	104-10100-10424
Mexico	104-10101-10054
Mexico	104-10101-10198
Mexico	104-10103-10079
Mexico	104-10105-10271
Mexico	104-10112-10450
Mexico	104-10114-10162
Mexico	104-10130-10215
Mexico	104-10131-10099
Mexico	104-10147-10304
Mexico	104-10160-10207
Mexico	104-10161-10144
Mexico	104-10161-10193
Mexico	104-10165-10084
Mexico	104-10170-10051
Mexico	104-10170-10121
Mexico	104-10171-10039
Mexico	104-10171-10097
Mexico	104-10171-10220
Mexico	104-10172-10107
Mexico	104-10172-10112
Mexico	104-10175-10152
Mexico	104-10175-10176
Mexico	104-10175-10179
Mexico	104-10177-10225
Mexico	104-10179-10104
Mexico	104-10179-10143
Mexico	104-10179-10182
Mexico	104-10180-10044
Mexico	104-10181-10152
Mexico	104-10183-10039
Mexico	104-10183-10260
Mexico	104-10183-10276
Mexico	104-10185-10105
Mexico	104-10186-10264
Mexico	104-10187-10014
Mexico	104-10187-10071
Mexico	104-10187-10103
Mexico	104-10187-10113
Mexico	104-10187-10208
Mexico	104-10192-10110
Mexico	104-10193-10016
Mexico	104-10213-10002
Mexico	104-10213-10202
Mexico	104-10213-10352
Mexico	104-10215-10128
Mexico	104-10215-10200
Mexico	104-10216-10075
Mexico	104-10218-10035
Mexico	104-10218-10097
Mexico	104-10219-10282
Mexico	104-10219-10283
Mexico	104-10219-10439
Mexico	104-10227-10153
Mexico	104-10230-10153
Mexico	104-10230-10153
Mexico	104-10234-10050
Mexico	104-10234-10102
Mexico	104-10237-10120
Mexico	104-10269-10079
Mexico	104-10275-10176
Mexico	104-10307-10024
Mexico	104-10308-10044
Mexico	104-10308-10165
Mexico	104-10308-10208
Mexico	104-10338-10018
Mexico	104-10423-10337
Mexico	104-10431-10091
Mexico	104-10433-10209
Mexico	104-10506-10028
Mexico	104-10516-10195
Mexico	104-10528-10053
Mexico	104-10529-10182
Mexico	124-10279-10018
Mexico	124-10325-10318
Mexico	124-90137-10488
Mexico	157-10002-10165
Mexico	176-10036-10058
Mexico	176-10036-10065
Mexico	177-10001-10305
Mexico	177-10002-10012
Mexico	177-10002-10016
Mexico	177-10002-10069
Mexico	177-10002-10070
Mexico	198-10005-10018
Mexico	198-10007-10021
Mexico	198-10007-10022
Mexico	198-10008-10119
Mexico	198-10009-10098
Mexico	198-10009-10099
Mexico	202-10001-10203
Mexico City	104-10007-10345
Mexico City	104-10009-10021
Mexico City	104-10012-10022
Mexico City	104-10012-10024
Mexico City	104-10012-10076
Mexico City	104-10052-10130
Mexico City	104-10062-10227
Mexico City	104-10066-10076
Mexico City	104-10068-10172
Mexico City	104-10072-10228
Mexico City	104-10074-10413
Mexico City	104-10092-10202
Mexico City	104-10092-10267
Mexico City	104-10092-10340
Mexico City	104-10093-10065
Mexico City	104-10093-10109
Mexico City	104-10093-10279
Mexico City	104-10095-10276
Mexico City	104-10097-10069
Mexico City	104-10097-10170
Mexico City	104-10098-10072
Mexico City	104-10098-10264
Mexico City	104-10098-10328
Mexico City	104-10098-10380
Mexico City	104-10098-10401
Mexico City	104-10100-10223
Mexico City	104-10100-10237
Mexico City	104-10100-10247
Mexico City	104-10100-10251
Mexico City	104-10100-10394
Mexico City	104-10100-10396
Mexico City	104-10101-10124
Mexico City	104-10105-10277
Mexico City	104-10105-10293
Mexico City	104-10119-10220
Mexico City	104-10119-10338
Mexico City	104-10119-10339
Mexico City	104-10129-10033
Mexico City	104-10130-10343
Mexico City	104-10130-10381
Mexico City	104-10147-10304
Mexico City	104-10161-10193
Mexico City	104-10163-10019
Mexico City	104-10171-10003
Mexico City	104-10171-10093
Mexico City	104-10171-10097
Mexico City	104-10171-10106
Mexico City	104-10172-10001
Mexico City	104-10172-10107
Mexico City	104-10172-10111
Mexico City	104-10173-10104
Mexico City	104-10175-10085
Mexico City	104-10175-10179
Mexico City	104-10177-10224
Mexico City	104-10179-10143
Mexico City	104-10180-10042
Mexico City	104-10180-10044
Mexico City	104-10180-10050
Mexico City	104-10180-10178
Mexico City	104-10185-10110
Mexico City	104-10185-10315
Mexico City	104-10186-10008
Mexico City	104-10186-10269
Mexico City	104-10187-10003
Mexico City	104-10187-10009
Mexico City	104-10187-10014
Mexico City	104-10187-10030
Mexico City	104-10188-10015
Mexico City	104-10209-10164
Mexico City	104-10211-10146
Mexico City	104-10211-10326
Mexico City	104-10213-10002
Mexico City	104-10215-10004
Mexico City	104-10216-10273
Mexico City	104-10218-10035
Mexico City	104-10218-10060
Mexico City	104-10218-10083
Mexico City	104-10219-10282
Mexico City	104-10219-10283
Mexico City	104-10219-10439
Mexico City	104-10222-10043
Mexico City	104-10248-10203
Mexico City	104-10290-10273
Mexico City	104-10290-10309
Mexico City	104-10301-10010
Mexico City	104-10306-10018
Mexico City	104-10308-10127
Mexico City	104-10308-10163
Mexico City	104-10326-10068
Mexico City	104-10326-10087
Mexico City	104-10326-10101
Mexico City	104-10332-10009
Mexico City	104-10332-10020
Mexico City	104-10332-10023
Mexico City	104-10413-10053
Mexico City	104-10413-10306
Mexico City	104-10418-10439
Mexico City	104-10431-10091
Mexico City	104-10516-10214
Mexico City	104-10516-10338
Mexico City	104-10527-10421
Mexico City	104-10528-10180
Mexico City	104-10529-10182
Mexico City	104-10529-10329
Mexico City	104-10529-10367
Mexico City	119-10021-10413
Mexico City	119-10021-10413
Mexico City	124-10212-10160
Mexico City	124-10239-10171
Mexico City	124-10279-10018
Mexico City	124-10279-10258
Mexico City	124-10300-10012
Mexico City	124-10300-10024
Mexico City	124-90137-10488
Mexico City	157-10004-10144
Mexico City	177-10001-10445
Mexico City	177-10002-10096
Mexico City	180-10110-10100
Mexico City	180-10143-10100
Mexico City	198-10004-10207
Mexico City	198-10007-10013
Mexico City	198-10007-10021
Mexico City	198-10008-10119
Mexico City, D. F.	124-90137-10355
Mexico City, Mexico	104-10129-10438
Mexico City, Mexico	104-10129-10439
Miami	104-10049-10362
Miami	104-10068-10172
Miami	104-10069-10185
Miami	104-10072-10228
Miami	104-10073-10101
Miami	104-10075-10099
Miami	104-10075-10232
Miami	104-10076-10372
Miami	104-10078-10020
Miami	104-10093-10065
Miami	104-10102-10224
Miami	104-10102-10237
Miami	104-10103-10079
Miami	104-10103-10112
Miami	104-10104-10094
Miami	104-10104-10172
Miami	104-10115-10074
Miami	104-10121-10263
Miami	104-10129-10264
Miami	104-10130-10472
Miami	104-10162-10107
Miami	104-10162-10108
Miami	104-10163-10019
Miami	104-10163-10065
Miami	104-10163-10136
Miami	104-10164-10050
Miami	104-10165-10004
Miami	104-10165-10169
Miami	104-10167-10083
Miami	104-10167-10127
Miami	104-10167-10190
Miami	104-10167-10297
Miami	104-10169-10269
Miami	104-10170-10036
Miami	104-10170-10051
Miami	104-10170-10112
Miami	104-10170-10121
Miami	104-10170-10125
Miami	104-10171-10003
Miami	104-10171-10013
Miami	104-10171-10021
Miami	104-10171-10039
Miami	104-10171-10044
Miami	104-10171-10106
Miami	104-10174-10072
Miami	104-10177-10206
Miami	104-10177-10217
Miami	104-10178-10049
Miami	104-10178-10096
Miami	104-10178-10334
Miami	104-10179-10022
Miami	104-10179-10104
Miami	104-10179-10143
Miami	104-10179-10182
Miami	104-10180-10162
Miami	104-10180-10178
Miami	104-10181-10099
Miami	104-10181-10117
Miami	104-10183-10355
Miami	104-10183-10384
Miami	104-10185-10117
Miami	104-10186-10099
Miami	104-10186-10235
Miami	104-10186-10309
Miami	104-10192-10110
Miami	104-10192-10229
Miami	104-10192-10266
Miami	104-10193-10016
Miami	104-10215-10035
Miami	104-10215-10128
Miami	104-10216-10398
Miami	104-10221-10032
Miami	104-10221-10310
Miami	104-10226-10011
Miami	104-10226-10045
Miami	104-10227-10150
Miami	104-10227-10153
Miami	104-10229-10097
Miami	104-10230-10153
Miami	104-10232-10004
Miami	104-10232-10018
Miami	104-10232-10019
Miami	104-10234-10050
Miami	104-10234-10088
Miami	104-10236-10056
Miami	104-10236-10075
Miami	104-10245-10000
Miami	104-10247-10097
Miami	104-10275-10176
Miami	104-10290-10273
Miami	104-10298-10184
Miami	104-10302-10020
Miami	104-10303-10003
Miami	104-10306-10010
Miami	104-10306-10016
Miami	104-10306-10020
Miami	104-10307-10024
Miami	104-10308-10023
Miami	104-10308-10044
Miami	104-10308-10127
Miami	104-10308-10208
Miami	104-10506-10028
Miami	124-10212-10160
Miami	124-10221-10231
Miami	124-10225-10195
Miami	124-10279-10258
Miami	124-10284-10171
Miami	124-10284-10172
Miami	124-10285-10254
Miami	124-10300-10012
Miami	124-10300-10024
Miami	124-10326-10191
Miami	124-90041-10023
Miami	124-90110-10083
Miami	124-90130-10005
Miami	124-90135-10074
Miami	157-10011-10083
Miami	157-10014-10109
Miami	157-10014-10242
Miami	176-10030-10422
Miami	176-10033-10145
Miami	178-10002-10091
Miami	178-10002-10215
Miami	178-10002-10279
Miami	178-10003-10001
Miami	180-10110-10100
Miami	198-10004-10207
Miami	198-10005-10017
Miami Beach	104-10068-10172
Miami Beach	104-10076-10442
Miami Beach	104-10308-10044
Miami Beach, Florida	124-10284-10171
Miami Beach, Florida	124-10291-10319
Miami Beach, Florida	124-90110-10071
Miami Springs	104-10308-10029
Miami Springs, Florida	104-10165-10084
Miami, FLA.	104-10510-10141
Miami, Fla	104-10178-10054
Miami, Fla.	104-10073-10074
Miami, Fla.	104-10129-10002
Miami, Florida	104-10048-10124
Miami, Florida	104-10069-10120
Miami, Florida	104-10072-10289
Miami, Florida	104-10104-10271
Miami, Florida	104-10162-10120
Miami, Florida	104-10165-10084
Miami, Florida	104-10171-10020
Miami, Florida	104-10171-10136
Miami, Florida	104-10172-10137
Miami, Florida	104-10178-10052
Miami, Florida	104-10217-10185
Miami, Florida	104-10221-10222
Miami, Florida	104-10256-10208
Miami, Florida	104-10298-10095
Miami, Florida	104-10308-10062
Miami, Florida	124-10332-10018
Miami, Florida	124-10332-10047
Miami, Florida	124-90110-10072
Miami, Florida	124-90124-10055
Miami, Florida	124-90124-10092
Miami, Florida, USA	104-10171-10033
Michigan	104-10173-10104
Middle West	104-10122-10307
Miend, Florida	104-10171-10020
Milan	104-10009-10021
Milan	104-10100-10251
Milan	104-10183-10043
Milan	104-10185-10024
Milan	104-10209-10164
Milan	104-10418-10439
Milan	124-10369-10022
Milani	104-10169-10017
Minas del rrio, Oriente Province	104-10171-10033
Minneapolis	104-10069-10120
Minneapolis	104-10188-10015
Minsk	104-10162-10247
Minsk	104-10326-10010
Minsk	104-10326-10013
Minsk	104-10326-10077
Minsk	104-10332-10009
Minsk	180-10131-10324
Minsk	180-10143-10227
Minsk, USSR	104-10006-10247
Miramar	104-10226-10011
Miramar, Habana, Cuba	104-10069-10359
Missouri	104-10070-10296
Missouri	104-10178-10130
Moarovia	104-10012-10076
Mogadiscio	104-10007-10345
Mogadishu	104-10012-10076
Mongolia	124-90155-10008
Monrovia	104-10007-10345
Montclair	124-90041-10023
Monte Cri	104-10170-10059
Montego Bay	104-10165-10004
Monterrey	104-10009-10021
Monterrey	104-10062-10227
Monterrey	104-10186-10008
Monterrey	104-10209-10164
Monterrey	104-10418-10439
Montevideo	104-10007-10345
Montevideo	104-10009-10021
Montevideo	104-10012-10076
Montevideo	104-10069-10260
Montevideo	104-10071-10139
Montevideo	104-10103-10103
Montevideo	104-10170-10064
Montevideo	104-10172-10001
Montevideo	104-10173-10132
Montevideo	104-10178-10130
Montevideo	104-10178-10136
Montevideo	104-10186-10004
Montevideo	104-10186-10008
Montevideo	104-10192-10110
Montevideo	104-10209-10164
Montevideo	104-10227-10153
Montevideo	104-10322-10056
Montevideo	104-10332-10020
Montevideo	104-10338-10018
Montevideo	104-10418-10439
Montevideo	198-10009-10098
Montgomery County, Maryland	104-10185-10244
Montreal	104-10164-10032
Montreal	104-10186-10264
Montreal	104-10216-10273
Montreal	119-10021-10413
Montreal	198-10007-10013
Montreal	198-10007-10021
Montreal	198-10008-10119
Morocco	104-10163-10019
Morocco	104-10302-10020
Morocco	104-10302-10030
Morocco	104-10332-10020
Morocco	176-10036-10116
Morocco	177-10002-10102
Moscow	104-10004-10213
Moscow	104-10012-10022
Moscow	104-10012-10024
Moscow	104-10014-10064
Moscow	104-10051-10106
Moscow	104-10064-10012
Moscow	104-10069-10359
Moscow	104-10071-10239
Moscow	104-10101-10239
Moscow	104-10106-10300
Moscow	104-10106-10716
Moscow	104-10119-10247
Moscow	104-10121-10304
Moscow	104-10132-10092
Moscow	104-10133-10437
Moscow	104-10162-10247
Moscow	104-10163-10019
Moscow	104-10164-10032
Moscow	104-10172-10111
Moscow	104-10172-10112
Moscow	104-10172-10201
Moscow	104-10172-10278
Moscow	104-10173-10097
Moscow	104-10173-10104
Moscow	104-10173-10135
Moscow	104-10177-10224
Moscow	104-10185-10117
Moscow	104-10185-10128
Moscow	104-10187-10071
Moscow	104-10187-10109
Moscow	104-10209-10259
Moscow	104-10210-10020
Moscow	104-10218-10060
Moscow	104-10219-10154
Moscow	104-10226-10117
Moscow	104-10290-10190
Moscow	104-10300-10124
Moscow	104-10302-10020
Moscow	104-10308-10165
Moscow	104-10326-10010
Moscow	104-10326-10092
Moscow	104-10326-10101
Moscow	104-10332-10020
Moscow	104-10412-10005
Moscow	104-10413-10306
Moscow	104-10414-10002
Moscow	104-10418-10378
Moscow	104-10423-10337
Moscow	104-10437-10079
Moscow	124-10273-10070
Moscow	124-10279-10209
Moscow	124-10325-10318
Moscow	124-90092-10016
Moscow	124-90155-10008
Moscow	176-10011-10152
Moscow	176-10036-10027
Moscow	177-10002-10097
Moscow	177-10002-10098
Moscow	177-10002-10101
Moscow	177-10002-10102
Moscow	180-10131-10324
Moscow	180-10143-10227
Moscow	198-10008-10119
Moscow, USSR	124-90137-10357
Mount Vernon, N. Y.	104-10173-10134
Mozambique	104-10306-10011
Munich	104-10009-10021
Munich	104-10012-10076
Munich	104-10023-10087
Munich	104-10071-10139
Munich	104-10178-10130
Munich	104-10178-10136
Munich	104-10179-10233
Munich	104-10209-10018
Munich	104-10209-10164
Munich	104-10213-10202
Munich	104-10322-10056
Munich	104-10418-10439
Munich	124-90092-10016
Munich, Germany	104-10087-10054
Munich, Germany	104-10165-10077
Munich, Germany	104-10408-10078
N.Y.	104-10413-10306
NELS	104-10527-10212
NEW DELHI	104-10072-10034
NEW DELHI	104-10178-10124
NEW YORK	104-10093-10010
NEW YORK	104-10179-10209
NEW YORK	104-10183-10240
NEW YORK	104-10183-10331
NEW YORK	104-10209-10025
NEW YORK	104-10290-10219
NEW YORK	104-10517-10120
NEW YORK	104-10519-10182
NEW YORK	176-10036-10023
NEW YORK CITY	104-10183-10044
NEW-YORK	104-10519-10184
NEWD	104-10510-10090
NHA TRANG	176-10038-10032
NIAMI	104-10076-10295
NICARAGUA	176-10036-10051
NOBI	104-10290-10155
NOBI	104-10510-10090
NORTH RIVER DRIVE	104-10179-10209
NVN	104-10306-10011
NW 38TH ST	104-10179-10209
NY	104-10219-10143
NY	124-90140-10005
NYC	124-90092-10001
Nairobi	104-10007-10345
Nairobi	104-10009-10021
Nairobi	104-10012-10076
Nairobi	104-10418-10439
Nairobi	177-10002-10102
Naples	104-10192-10229
Nassau	104-10226-10045
National Airport	104-10183-10439
Netherlands	104-10070-10296
Netherlands	104-10103-10079
Netherlands	104-10164-10032
Netherlands	104-10170-10037
Netherlands	104-10183-10355
Netherlands	104-10290-10309
Netherlands	198-10007-10013
Netherlands	198-10007-10021
Netherlands	198-10008-10119
Netherlands Embassy	104-10093-10109
Netherlands Embassy	104-10093-10266
Nevada	104-10173-10130
Nevada	104-10173-10132
New Brunswick	104-10162-10247
New Delhi	104-10007-10345
New Delhi	104-10009-10021
New Delhi	104-10012-10076
New Delhi	104-10071-10122
New Delhi	104-10071-10139
New Delhi	104-10119-10040
New Delhi	104-10178-10130
New Delhi	104-10178-10136
New Delhi	104-10186-10008
New Delhi	104-10209-10164
New Delhi	104-10322-10056
New Delhi	104-10418-10439
New Delhi	176-10036-10116
New Delhi	177-10002-10098
New Delhi	177-10002-10101
New Delhi, India	104-10006-10247
New England	104-10121-10263
New Jersey	104-10162-10247
New Jersey	104-10170-10145
New Jersey	124-10163-10134
New Jersey	124-90041-10023
New Orleans	104-10069-10260
New Orleans	104-10104-10172
New Orleans	104-10115-10074
New Orleans	104-10170-10145
New Orleans	104-10171-10003
New Orleans	104-10172-10105
New Orleans	104-10181-10117
New Orleans	104-10183-10232
New Orleans	104-10187-10030
New Orleans	104-10227-10046
New Orleans	104-10303-10003
New Orleans	124-10332-10047
New Orleans	124-90137-10067
New Orleans	124-90137-10230
New Orleans	178-10002-10091
New Orleans, LA.	104-10129-10002
New Orleans, Louisiana	104-10104-10271
New Orleans, Louisiana	104-10117-10075
New Orleans, Louisiana	104-10219-10283
New Orleans, Louisiana	157-10004-10095
New Providence, New Jersey	104-10069-10112
New South Wales	104-10107-10089
New York	104-10069-10112
New York	104-10070-10296
New York	104-10072-10227
New York	104-10088-10074
New York	104-10095-10276
New York	104-10100-10247
New York	104-10102-10233
New York	104-10103-10103
New York	104-10106-10325
New York	104-10107-10135
New York	104-10107-10137
New York	104-10110-10242
New York	104-10110-10243
New York	104-10113-10249
New York	104-10114-10160
New York	104-10115-10074
New York	104-10117-10203
New York	104-10120-10373
New York	104-10122-10344
New York	104-10164-10032
New York	104-10164-10050
New York	104-10164-10088
New York	104-10165-10077
New York	104-10166-10158
New York	104-10166-10262
New York	104-10170-10112
New York	104-10170-10145
New York	104-10171-10039
New York	104-10172-10107
New York	104-10172-10111
New York	104-10173-10104
New York	104-10174-10036
New York	104-10174-10038
New York	104-10175-10176
New York	104-10178-10096
New York	104-10179-10182
New York	104-10180-10042
New York	104-10183-10022
New York	104-10183-10043
New York	104-10183-10232
New York	104-10183-10384
New York	104-10183-10437
New York	104-10183-10439
New York	104-10185-10244
New York	104-10185-10248
New York	104-10186-10008
New York	104-10210-10020
New York	104-10213-10202
New York	104-10216-10199
New York	104-10216-10398
New York	104-10217-10000
New York	104-10217-10196
New York	104-10221-10222
New York	104-10226-10117
New York	104-10230-10153
New York	104-10230-10153
New York	104-10245-10000
New York	104-10247-10037
New York	104-10247-10097
New York	104-10260-10400
New York	104-10263-10111
New York	104-10306-10020
New York	104-10308-10044
New York	104-10506-10028
New York	124-10273-10070
New York	124-10326-10149
New York	124-10332-10047
New York	124-90041-10023
New York	124-90110-10070
New York	124-90110-10071
New York	124-90140-10004
New York	157-10011-10048
New York	157-10014-10109
New York	157-10014-10242
New York	198-10007-10021
New York	198-10008-10119
New York City	104-10051-10106
New York City	104-10103-10112
New York City	104-10111-10079
New York City	104-10119-10040
New York City	104-10119-10220
New York City	104-10130-10472
New York City	104-10133-10437
New York City	104-10169-10282
New York City	104-10171-10003
New York City	104-10173-10134
New York City	104-10209-10259
New York City	104-10216-10075
New York City	104-10217-10228
New York City	104-10227-10150
New York City	104-10232-10018
New York City	104-10232-10019
New York City	104-10234-10096
New York City	104-10236-10056
New York City	104-10250-10199
New York City	104-10291-10009
New York City	104-10295-10001
New York City	104-10300-10124
New York City	104-10308-10163
New York City	104-10326-10101
New York City	104-10418-10378
New York City	104-10437-10079
New York City	124-10163-10134
New York City	124-10284-10171
New York City	124-10300-10012
New York City	124-10326-10191
New York City	124-90092-10016
New York City	124-90137-10355
New York City	124-90137-10467
New York City	124-90137-10468
New York City	124-90137-10488
New York City	124-90139-10050
New York City	124-90139-10071
New York City	124-90155-10008
New York City	157-10004-10270
New York City, New York	124-90139-10070
New York, N.Y.	104-10222-10001
New York, N.Y.	104-10512-10102
New York, NY	104-10161-10226
New York, New York	104-10171-10136
New Zealand	104-10213-10209
New Zealand	104-10406-10136
New Zealand	104-10433-10209
Newark	124-10332-10047
Newark, New Jersey	104-10260-10400
Newport Beach	104-10069-10077
Newport Beach, California	104-10107-10180
Newport, R. I.	104-10175-10179
Nghe An	176-10037-10453
Nicaragua	104-10163-10065
Nicaragua	104-10163-10136
Nicaragua	104-10165-10084
Nicaragua	104-10179-10182
Nicaragua	104-10183-10276
Nicaragua	104-10192-10110
Nicaragua	104-10216-10073
Nicaragua	104-10216-10075
Nicaragua	104-10275-10176
Nicaragua	104-10308-10086
Nicaragua	104-10338-10018
Nicaragua	119-10021-10413
Nicaragua	124-10279-10258
Nicaragua	176-10011-10152
Nicaragua	176-10036-10065
Nicaragua	177-10001-10305
Nicaragua	177-10002-10016
Nicaragua	178-10003-10001
Nicaragua	198-10004-10207
Nicaragua	198-10005-10018
Nicaragua	198-10007-10021
Nicaragua	198-10007-10022
Nicaragua	198-10008-10119
Nicaragua	198-10008-10119
Nicaragua	198-10009-10098
Nicaragua	198-10009-10099
Nicaro	104-10171-10013
Nicosia	104-10007-10345
Nicosia	104-10012-10076
Nigeria	176-10036-10116
Ninca El Penon	104-10171-10106
Nod Hill, Wilton, Connecticut	104-10106-10716
Nogales	104-10095-10161
Norfolk	104-10009-10021
Norfolk	104-10209-10164
Norfolk	104-10310-10020
Norfolk	104-10418-10439
Norfolk, VA	104-10221-10032
North Africa	104-10178-10071
North Africa	198-10004-10207
North Africa	198-10009-10098
North America	104-10069-10260
North America	198-10007-10029
North Borneo	177-10002-10098
North Coast	104-10075-10232
North Coast	104-10232-10018
North Korea	104-10302-10030
North Korea	180-10143-10227
North Miami, Florida	104-10221-10222
North Vietnam	104-10290-10190
North Vietnam	104-10306-10010
North Vietnam	176-10036-10058
North Vietnam	176-10036-10088
North Vietnam	176-10036-10102
North Vietnam	176-10037-10453
North Vietnam	176-10037-10460
North Vietnam	177-10002-10097
North Vietnam	178-10003-10001
Northeast Burma	176-10036-10179
Northeastern Matanzas Province	104-10234-10102
Northern Matanzas Province	104-10216-10148
Norway	104-10172-10279
Norway	104-10183-10039
Norway	104-10213-10209
Norway	104-10406-10136
Norway	104-10433-10050
Norway	198-10005-10017
Nueva Gerona	104-10110-10433
Nuevitas	104-10512-10110
Nuevo Laredo	104-10180-10044
Nuevo Leon	104-10062-10227
OKIE	104-10219-10143
ORAI	104-10290-10155
ORELIA	104-10100-10199
OSLO	104-10072-10034
OSLO	104-10527-10212
OTTA	104-10290-10155
OTTA	104-10510-10090
OTTAWA	104-10234-10124
OTTAWA	104-10290-10199
OUTEIR	104-10100-10357
Oakland	104-10123-10421
Odessa	104-10176-10015
Odessa	104-10210-10020
Odessa	180-10143-10100
Ohio	104-10130-10215
Okinawa	104-10007-10345
Okinawa	104-10009-10021
Okinawa	104-10123-10219
Okinawa	104-10176-10020
Okinawa	104-10219-10143
Okinawa	104-10418-10439
Oklahoma City	104-10172-10112
Onkel Toms Strasse	124-90092-10002
Opa Locka	104-10069-10185
Opa Locka	104-10308-10044
Opa-Locka, Florida	202-10001-10203
Ope Locka	104-10172-10105
Oranienburg	197-10002-10190
Orel	104-10162-10247
Orienta Province	104-10171-10044
Oriente	104-10103-10079
Oriente	104-10170-10125
Oriente	104-10179-10025
Oriente	104-10193-10016
Oriente	104-10216-10398
Oriente	104-10307-10024
Oriente Province	104-10102-10237
Oriente Province	104-10103-10112
Oriente Province	104-10171-10039
Oriente Province	104-10171-10047
Oriente Province	104-10172-10147
Oriente Province	104-10302-10020
Oriente Province	124-10326-10149
Orlando	104-10164-10050
Orleans	104-10104-10262
Osaka	104-10219-10143
Oslo	104-10007-10345
Oslo	104-10009-10021
Oslo	104-10071-10139
Oslo	104-10178-10130
Oslo	104-10178-10136
Oslo	104-10186-10008
Oslo	104-10209-10164
Oslo	104-10322-10056
Oslo	104-10332-10020
Oslo	104-10418-10439
Oslo	104-10433-10050
Ottawa	104-10007-10345
Ottawa	104-10009-10021
Ottawa	104-10100-10251
Ottawa	104-10172-10112
Ottawa	104-10186-10008
Ottawa	104-10209-10164
Ottawa	104-10219-10154
Ottawa	104-10332-10020
Ottawa	104-10418-10439
Ottawa	119-10021-10413
Ottawa	198-10007-10021
Ottawa	198-10008-10119
Ottawa, Canada	124-10300-10024
PACY	104-10510-10090
PANAMA	104-10167-10366
PANAMA CITY	104-10072-10034
PANAMA CITY	104-10167-10366
PANAMA CITY	104-10178-10124
PANAMA CITY	104-10187-10208
PARI	104-10290-10155
PARI	104-10510-10090
PARI	104-10527-10212
PARIS	104-10072-10034
PARIS	104-10101-10134
PARIS	104-10101-10135
PARIS	104-10178-10124
PARIS	104-10183-10037
PARIS	104-10183-10139
PARIS	104-10183-10240
PARIS	104-10220-10224
PARIS	104-10226-10087
PARIS	104-10234-10069
PARIS	104-10517-10120
PARIS	104-10517-10121
PARIS	104-10519-10182
PARIS, FRANCE	104-10100-10065
PBPRIME	104-10103-10112
PBPRIME	104-10179-10209
PBRUMEN	104-10069-10185
PBRUMEN	104-10072-10227
PBRUMEN	104-10170-10051
PBRUMEN	104-10171-10003
PBRUMEN	104-10172-10133
PBRUMEN	104-10172-10177
PBRUMEN	104-10215-10188
PBRUMEN	104-10216-10148
PBRUMEN	104-10234-10115
PBRUMEN	104-10295-10001
PENH	104-10290-10155
PENH	104-10510-10090
PERUMEN	104-10100-10086
PERUMEN	104-10100-10185
PINAR DEL RIC	104-10098-10404
POLAND	104-10519-10184
PORT AU PRINCE	104-10072-10034
PORT OF SPAIN	104-10072-10034
PORTO ALEGRE	104-10072-10034
PRAGUE	104-10183-10262
PRC	104-10014-10064
PRET	104-10510-10090
PRIN	104-10290-10155
PROB	104-10290-10155
PUERTO RICO	104-10179-10209
Pabat	104-10216-10398
Pacific	177-10002-10097
Pacific Ocean	177-10002-10103
Pacific area	198-10007-10029
Pakistan	104-10306-10018
Pakistan	157-10002-10056
Pakistan	176-10030-10422
Pakistan	176-10033-10145
Palecon and Principe Streets	104-10180-10215
Palisades Airport	124-10221-10229
Palka Soriano	104-10076-10442
Palma Soriano	104-10171-10013
Palma Soriano	104-10171-10039
Palmar	104-10177-10225
Pame	104-10012-10076
Panama	104-10097-10069
Panama	104-10102-10233
Panama	104-10103-10103
Panama	104-10111-10094
Panama	104-10131-10099
Panama	104-10170-10051
Panama	104-10170-10145
Panama	104-10175-10085
Panama	104-10176-10015
Panama	104-10177-10206
Panama	104-10177-10225
Panama	104-10183-10276
Panama	104-10187-10030
Panama	104-10192-10110
Panama	104-10218-10035
Panama	104-10227-10046
Panama	104-10227-10153
Panama	104-10230-10153
Panama	104-10230-10153
Panama	104-10230-10153
Panama	104-10235-10018
Panama	104-10250-10200
Panama	104-10263-10111
Panama	104-10303-10003
Panama	104-10310-10020
Panama	104-10338-10018
Panama	104-10338-10018
Panama	124-10300-10024
Panama	124-90139-10002
Panama	157-10004-10095
Panama	177-10001-10305
Panama	177-10002-10070
Panama	198-10004-10207
Panama	198-10005-10018
Panama	198-10007-10022
Panama	202-10001-10203
Panama Canal	104-10172-10001
Panama Canal Zone	119-10021-10413
Panama Canal Zone	198-10007-10021
Panama Canal Zone	198-10008-10119
Panama Canal Zone	198-10009-10098
Panama City	104-10007-10345
Panama City	104-10009-10021
Panama City	104-10068-10172
Panama City	104-10071-10139
Panama City	104-10164-10050
Panama City	104-10173-10104
Panama City	104-10178-10130
Panama City	104-10178-10136
Panama City	104-10186-10008
Panama City	104-10188-10015
Panama City	104-10209-10164
Panama City	104-10228-10419
Panama City	104-10322-10056
Panama City	104-10332-10020
Panama City	104-10418-10439
Panama City, Panama	104-10172-10001
Panama Ren de Panama	104-10175-10179
Paraguay	104-10192-10110
Paraguay	104-10338-10018
Paraguay	177-10001-10305
Paraguay	198-10004-10207
Paramaribo	104-10007-10345
Paramaribo	104-10186-10008
Paris	104-10005-10321
Paris	104-10007-10345
Paris	104-10009-10021
Paris	104-10048-10252
Paris	104-10061-10053
Paris	104-10071-10139
Paris	104-10072-10228
Paris	104-10074-10007
Paris	104-10088-10074
Paris	104-10100-10251
Paris	104-10103-10038
Paris	104-10104-10094
Paris	104-10105-10271
Paris	104-10106-10716
Paris	104-10107-10135
Paris	104-10169-10282
Paris	104-10171-10138
Paris	104-10173-10104
Paris	104-10173-10130
Paris	104-10173-10132
Paris	104-10178-10071
Paris	104-10178-10130
Paris	104-10178-10136
Paris	104-10179-10134
Paris	104-10179-10136
Paris	104-10179-10182
Paris	104-10183-10043
Paris	104-10183-10233
Paris	104-10183-10239
Paris	104-10183-10355
Paris	104-10183-10437
Paris	104-10183-10439
Paris	104-10185-10030
Paris	104-10186-10008
Paris	104-10209-10018
Paris	104-10209-10164
Paris	104-10213-10202
Paris	104-10215-10035
Paris	104-10215-10188
Paris	104-10215-10200
Paris	104-10216-10199
Paris	104-10216-10202
Paris	104-10216-10338
Paris	104-10216-10398
Paris	104-10217-10196
Paris	104-10219-10143
Paris	104-10234-10088
Paris	104-10234-10115
Paris	104-10234-10155
Paris	104-10247-10097
Paris	104-10275-10176
Paris	104-10306-10011
Paris	104-10308-10269
Paris	104-10322-10056
Paris	104-10414-10002
Paris	104-10418-10439
Paris	104-10423-10337
Paris	104-10433-10209
Paris	104-10528-10149
Paris	104-10529-10323
Paris	124-10114-10010
Paris	124-10115-10027
Paris	124-10180-10295
Paris	124-10212-10337
Paris	124-10280-10030
Paris	124-10284-10155
Paris	124-10291-10319
Paris	124-10311-10292
Paris	124-90060-10015
Paris	157-10002-10056
Paris	157-10011-10083
Paris	176-10030-10422
Paris	176-10033-10145
Paris	176-10036-10058
Paris	178-10002-10091
Paris	178-10002-10215
Paris	178-10002-10279
Paris	180-10143-10227
Paris	198-10004-10207
Paris	198-10009-10098
Paris, France	104-10217-10000
Paris, France	104-10295-10001
Paris, France	124-90137-10357
Paris, Texas	104-10177-10220
Patana	104-10092-10202
Patterson, New Jersey	104-10172-10137
Patuca River	198-10008-10119
Patuca River	198-10009-10098
Peiping	104-10306-10020
Peiping	177-10002-10096
Peiping	177-10002-10097
Peiping	177-10002-10101
Peking	104-10100-10199
Peking	104-10529-10329
Pennsylvania	104-10162-10247
Pennsylvania	104-10174-10043
Pennsylvania	104-10174-10058
Pennsylvania	104-10275-10176
Perrine 57, Fla.	104-10129-10002
Peru	104-10012-10076
Peru	104-10070-10272
Peru	104-10072-10289
Peru	104-10170-10051
Peru	104-10170-10064
Peru	104-10192-10110
Peru	104-10215-10128
Peru	104-10221-10310
Peru	104-10227-10153
Peru	104-10230-10153
Peru	104-10338-10018
Peru	176-10036-10058
Peru	176-10036-10065
Peru	177-10001-10305
Peru	177-10002-10012
Peru	177-10002-10016
Peru	178-10003-10001
Peru	198-10004-10207
Peru	198-10007-10013
Peru	198-10007-10021
Peru	198-10007-10022
Peru	198-10008-10119
Peru	198-10009-10099
Peru	202-10001-10203
Philadelphia	104-10114-10160
Philadelphia	104-10114-10162
Philadelphia	104-10119-10040
Philadelphia	104-10130-10472
Philadelphia	104-10174-10043
Philadelphia	104-10174-10058
Philadelphia	104-10182-10137
Philadelphia	104-10209-10018
Philadelphia	104-10248-10203
Philadelphia	104-10275-10176
Philadelphia, Pennsylvania	104-10179-10182
Philippines	104-10301-10010
Philippines	104-10310-10020
Philippines	176-10030-10422
Philippines	177-10002-10097
Philippines	177-10002-10101
Phillipines	104-10172-10001
Phnom Penh	104-10007-10345
Phnom Penh	104-10123-10223
Phnom Penh	104-10306-10010
Phnom Penh	176-10036-10073
Phnom Penh	176-10036-10179
Phnom Penh	176-10037-10491
Phnom Penh	177-10002-10102
Phoenix, Arizona	104-10121-10263
Phuoc Tuy Province	176-10036-10094
Piedras Blancas	104-10177-10225
Pinar del Rio	104-10070-10079
Pinar del Rio	104-10073-10074
Pinar del Rio	104-10103-10079
Pinar del Rio	104-10171-10047
Pinar del Rio	104-10179-10025
Pinar del Rio	104-10180-10178
Pinar del Rio	104-10307-10024
Pinar del Rio	104-10308-10023
Pinar del Rio	104-10308-10269
Pinar del Rio	104-10506-10028
Pinar del Rio	124-90041-10023
Pinar del Rio	202-10001-10203
Pinar del Rio Province	104-10073-10101
Pinar del Rio Province	104-10308-10127
Pinar del Rio Province	198-10005-10018
Pinar del Río	104-10170-10015
Pittsburgh	104-10120-10373
Pittsburgh	104-10177-10206
Pittsburgh, Pennsylvania	104-10166-10158
Plantation Key	104-10102-10237
Plantation Key	104-10103-10112
Playa Ciron	104-10171-10034
Playa Giron	104-10171-10047
Playa Giron	104-10185-10117
Playa de Guanabo	104-10308-10062
Pleiku Province	176-10036-10086
Plesetsk	177-10002-10097
Poland	104-10069-10132
Poland	104-10103-10103
Poland	104-10162-10247
Poland	104-10217-10000
Poland	124-90137-10357
Ponce, Puerto Rico	104-10130-10472
Port Antonio	104-10165-10004
Port Au Prince	104-10071-10139
Port Au Prince	104-10178-10130
Port Au Prince	104-10178-10136
Port Au Prince	104-10322-10056
Port Everglades	104-10186-10235
Port au Prince	104-10009-10021
Port au Prince	104-10186-10008
Port au Prince	104-10217-10000
Port au Prince	104-10418-10439
Port au Prince, Haiti	104-10166-10262
Port au Spain	104-10186-10008
Port of Spain	104-10007-10345
Port of Spain	104-10071-10139
Port of Spain	104-10178-10130
Port of Spain	104-10178-10136
Port of Spain	104-10322-10056
Port of Spain	119-10021-10413
Port of Spain	198-10007-10013
Port of Spain	198-10007-10021
Port of Spain	198-10008-10119
Port-au-Prince	104-10007-10345
Port-au-Prince	104-10061-10053
Port-au-Prince	104-10209-10164
Portland, Maine	124-10291-10319
Portland, Oregon	104-10117-10075
Porto Alegre	104-10009-10021
Porto Alegre	104-10071-10139
Porto Alegre	104-10178-10130
Porto Alegre	104-10178-10136
Porto Alegre	104-10186-10008
Porto Alegre	104-10209-10164
Porto Alegre	104-10234-10155
Porto Alegre	104-10322-10056
Porto Alegre	104-10418-10439
Porto Alegre	198-10009-10098
Portobello	104-10187-10208
Portugal	104-10066-10010
Portugal	104-10147-10304
Portugal	124-90135-10074
Pottstown, Pennsylvania	104-10121-10174
Prague	104-10048-10252
Prague	104-10052-10130
Prague	104-10074-10007
Prague	104-10169-10282
Prague	104-10179-10182
Prague	104-10187-10030
Prague	104-10234-10007
Prague	104-10247-10064
Prague	104-10275-10176
Prague	104-10302-10020
Prague	104-10308-10044
Prague	104-10332-10020
Prague	104-10506-10028
Prague	124-10212-10337
Prague	176-10036-10058
Prague	177-10002-10098
Prague	177-10002-10102
Pretoria	104-10007-10345
Pretoria	104-10009-10021
Pretoria	104-10186-10008
Pretoria	104-10209-10164
Pretoria	104-10418-10439
Providence, Rhode Island	104-10121-10191
Puentes Grandes	104-10093-10266
Puerto Boniato	104-10171-10013
Puerto CABEZAS	104-10308-10086
Puerto Cabezas	176-10011-10152
Puerto Limon	104-10177-10225
Puerto Maldonado	119-10021-10413
Puerto Maldonado	198-10007-10021
Puerto Padre	104-10075-10373
Puerto Plata	104-10302-10020
Puerto Rico	104-10048-10124
Puerto Rico	104-10070-10272
Puerto Rico	104-10073-10074
Puerto Rico	104-10106-10325
Puerto Rico	104-10160-10207
Puerto Rico	104-10165-10004
Puerto Rico	104-10165-10084
Puerto Rico	104-10179-10104
Puerto Rico	104-10179-10134
Puerto Rico	104-10179-10195
Puerto Rico	104-10232-10018
Puerto Rico	104-10237-10120
Puerto Rico	104-10260-10400
Puerto Rico	104-10263-10111
Puerto Rico	104-10306-10010
Puerto la Cruz	177-10002-10097
Punia	104-10182-10073
Puno, Peru	104-10048-10124
Punta La Jijira	104-10103-10112
Punta Luna	104-10170-10059
Puntarenas	198-10008-10119
QUAT	104-10290-10055
QUAT	104-10527-10212
QUIT	104-10510-10090
QUIT	104-10527-10212
QUITO	104-10072-10034
Quang Nam Province	176-10036-10098
Queens, New York	104-10121-10191
Quemado de Cuines	104-10171-10020
Qui Nhon	176-10036-10088
Quito	104-10007-10345
Quito	104-10009-10021
Quito	104-10071-10139
Quito	104-10170-10064
Quito	104-10173-10104
Quito	104-10178-10130
Quito	104-10178-10136
Quito	104-10186-10008
Quito	104-10209-10164
Quito	104-10322-10056
Quito	104-10418-10439
Quito	176-10036-10065
Quito	177-10002-10016
R100	104-10510-10090
RABA	104-10510-10090
RAWALPINDI	104-10072-10034
RECIFE	104-10072-10034
RIO DE JANEIRO	104-10078-10014
RIO DE JANEIRO	104-10178-10124
RIO DE JANEIRO	104-10529-10184
RIO DE JANERIO	104-10072-10034
RIOD	104-10527-10212
RNGO	104-10510-10090
ROME	104-10072-10034
ROME	104-10100-10086
ROME	104-10178-10124
ROME	104-10183-10037
ROME	104-10183-10044
ROME	104-10183-10240
ROME	104-10216-10397
ROME	104-10234-10069
ROME	104-10510-10090
ROME	104-10517-10120
ROME	104-10517-10121
ROME	104-10528-10052
Rabat	104-10007-10345
Rabat	104-10009-10021
Rabat	104-10012-10076
Rabat	104-10100-10251
Rabat	104-10183-10437
Rabat	104-10186-10008
Rabat	104-10247-10097
Rabat	104-10418-10439
Rancho Veloz	104-10171-10020
Rancho Veloz	104-10171-10034
Rangoon	104-10007-10345
Rangoon	104-10009-10021
Rangoon	104-10418-10439
Rangoon	176-10036-10116
Rangoon	177-10002-10098
Rawalpindi	104-10009-10021
Rawalpindi	104-10012-10076
Rawalpindi	104-10071-10139
Rawalpindi	104-10178-10130
Rawalpindi	104-10178-10136
Rawalpindi	104-10209-10164
Rawalpindi	104-10322-10056
Rawalpindi	104-10418-10439
Recife	104-10009-10021
Recife	104-10012-10076
Recife	104-10071-10139
Recife	104-10178-10130
Recife	104-10178-10136
Recife	104-10186-10008
Recife	104-10209-10164
Recife	104-10302-10020
Recife	104-10322-10056
Recife	104-10418-10439
Red Bank	104-10162-10247
Red China	180-10143-10227
Regla	104-10178-10334
Remedios	104-10308-10023
Remedios Area	104-10308-10127
Reykjavik	104-10005-10321
Reykjavik	104-10007-10345
Reynosa	104-10052-10130
Rhodesia	104-10302-10030
Richmond	104-10241-10250
Richmond	104-10433-10212
Ridgefield, Connecticut	104-10106-10716
Ridgewood, N.J	104-10121-10191
Rio	104-10178-10334
Rio	119-10021-10413
Rio	176-10036-10065
Rio	177-10002-10102
Rio	198-10004-10207
Rio	198-10007-10013
Rio	198-10007-10021
Rio	198-10008-10119
Rio	198-10009-10098
Rio De Janeiro	104-10178-10136
Rio Grande	177-10002-10070
Rio Grande Valley	177-10002-10069
Rio Grande do Sul	176-10037-10440
Rio Palma	104-10076-10375
Rio de Janeiro	104-10007-10345
Rio de Janeiro	104-10012-10076
Rio de Janeiro	104-10071-10139
Rio de Janeiro	104-10100-10223
Rio de Janeiro	104-10100-10396
Rio de Janeiro	104-10102-10233
Rio de Janeiro	104-10103-10103
Rio de Janeiro	104-10171-10138
Rio de Janeiro	104-10172-10107
Rio de Janeiro	104-10178-10130
Rio de Janeiro	104-10183-10232
Rio de Janeiro	104-10186-10004
Rio de Janeiro	104-10186-10008
Rio de Janeiro	104-10209-10164
Rio de Janeiro	104-10418-10439
Rio de Janeiro	176-10037-10440
Rio de Janeiro	177-10002-10092
Rio de Janeiro	202-10002-10124
Rio de Janerio	104-10009-10021
Rio de Janerio	104-10322-10056
Rio de Janiero	157-10002-10165
Roca De Alafre	104-10075-10225
Rockville, MD	104-10161-10321
Rockville, MD	104-10291-10004
Rojas	104-10308-10127
Rome	104-10007-10345
Rome	104-10009-10021
Rome	104-10071-10139
Rome	104-10074-10007
Rome	104-10100-10087
Rome	104-10101-10227
Rome	104-10170-10145
Rome	104-10178-10130
Rome	104-10178-10136
Rome	104-10181-10099
Rome	104-10183-10011
Rome	104-10183-10022
Rome	104-10183-10043
Rome	104-10183-10233
Rome	104-10183-10239
Rome	104-10185-10009
Rome	104-10185-10030
Rome	104-10185-10117
Rome	104-10186-10008
Rome	104-10209-10164
Rome	104-10215-10188
Rome	104-10216-10398
Rome	104-10220-10069
Rome	104-10234-10007
Rome	104-10234-10115
Rome	104-10247-10064
Rome	104-10247-10097
Rome	104-10291-10009
Rome	104-10322-10056
Rome	104-10332-10020
Rome	104-10418-10439
Rome	104-10528-10053
Rome	124-90092-10016
Rome	157-10002-10105
Rome	157-10011-10048
Rome	157-10011-10083
Rome	178-10002-10215
Rome	178-10002-10279
Rome, Italy	104-10234-10096
Rosario	104-10170-10064
Roslyn, VA	104-10161-10321
Rosselle	104-10092-10340
Rotterdam	104-10308-10053
Rumania	177-10002-10101
Russia	104-10106-10716
Russia	104-10130-10215
Russia	104-10176-10015
Russia	104-10176-10020
Russia	104-10209-10259
Russia	104-10263-10139
Russia	104-10326-10010
Russia	124-10325-10318
Russia	124-10326-10103
Russia	124-90155-10008
Russia	157-10011-10048
Russia	180-10110-10100
Russian Embassy	104-10130-10215
Russian Embassy	104-10326-10087
Ryukyu Island	104-10219-10143
S.W. STATION	104-10185-10253
SAGO	104-10290-10155
SAGO	104-10510-10090
SAGO	104-10527-10212
SAIG	104-10510-10090
SAIGON	176-10036-10079
SAIGON	176-10036-10143
SAIGON	176-10038-10032
SALT	104-10290-10155
SALV	104-10510-10090
SALV	104-10529-10277
SAN FERNANDO DE LOS CAMARONES	104-10172-10137
SAN FRANCISCO	104-10290-10062
SAN JOSE	104-10072-10034
SAN JOSE	104-10167-10366
SAN SALVADOR	104-10072-10034
SAN SALVADOR	104-10186-10410
SAN SALVADOR	104-10187-10142
SAN SALVADOR	104-10187-10149
SANJ	104-10510-10090
SANTIACÓ DE CURA	104-10098-10404
SANTIAGO	104-10072-10034
SANTIAGO	104-10178-10124
SANTIAGO CUBA	104-10234-10069
SANTIAGO DE CUBA	104-10172-10059
SANTIAGO DE CUBA	104-10221-10032
SANTIAGO DE LOS CABALLEROS	104-10072-10034
SANTO DOMINGO	104-10072-10034
SANTO DOMINGO	104-10076-10374
SANTO DOMINGO	104-10178-10124
SANTO DOMINGO	104-10183-10331
SAO PAULO	104-10072-10034
SAO PAULO	104-10078-10014
SAO PAULO	104-10178-10124
SAOP	104-10527-10212
SAT	104-10290-10155
SBUR	104-10290-10155
SDOM	104-10165-10169
SEOU	104-10510-10090
SHTO	104-10527-10212
SING	104-10510-10090
SLBY	104-10510-10090
SOLE	104-10527-10212
SOROA	104-10098-10404
SOUTH CAROLINA	104-10100-10200
SOUTH CAROLINA	104-10529-10330
SOUTH VIETNAM	176-10036-10079
SOUTH VIETNAM	176-10036-10143
SOVIET LEGATION	177-10001-10063
STOC	104-10510-10090
STOC	104-10527-10212
STOCKHOLM	104-10072-10034
STOCKHOLM	104-10172-10255
STOCKHOLM	104-10178-10124
STUT	104-10290-10155
SUISSE	104-10100-10086
SUISSE	104-10183-10044
SUISSE	104-10528-10052
SVN	104-10306-10011
SYDNEY	104-10016-10021
SYDNEY	104-10068-10142
Sabah	177-10002-10096
Sabinas Hidalgo	104-10062-10227
Sacramento	104-10012-10035
Sacramento	104-10431-10102
Sagua la Grande	104-10171-10020
Sagua la Grande	104-10171-10044
Sagua la Grande	104-10308-10127
Saigon	104-10007-10345
Saigon	104-10009-10021
Saigon	104-10069-10132
Saigon	104-10113-10030
Saigon	104-10119-10247
Saigon	104-10123-10223
Saigon	104-10186-10008
Saigon	104-10306-10018
Saigon	104-10306-10020
Saigon	104-10310-10020
Saigon	104-10418-10439
Saigon	176-10036-10073
Saigon	176-10036-10085
Saigon	176-10036-10086
Saigon	176-10036-10087
Saigon	176-10036-10088
Saigon	176-10036-10094
Saigon	176-10036-10095
Saigon	176-10036-10097
Saigon	176-10036-10098
Saigon	176-10036-10102
Saigon	176-10036-10103
Saigon	176-10036-10104
Saigon	176-10036-10113
Saigon	176-10036-10116
Saigon	176-10036-10117
Saigon	176-10036-10131
Saigon	176-10036-10134
Saigon	176-10036-10135
Saigon	176-10036-10137
Saigon	176-10036-10138
Saigon	176-10036-10139
Saigon	176-10036-10142
Saigon	176-10036-10149
Saigon	176-10036-10173
Saigon	176-10036-10179
Saigon	176-10037-10452
Saigon	176-10037-10453
Saigon	176-10037-10454
Saigon	176-10037-10460
Saigon	176-10037-10493
Saigon	176-10037-10494
Saigon	177-10002-10096
Saigon	177-10002-10097
Saigon	177-10002-10102
Saigon	177-10002-10103
Saigon	178-10003-10001
Saigon, South Vietnam	124-90060-10015
Sakhalin	104-10210-10020
Salisbury	104-10007-10345
Salisbury	104-10009-10021
Salisbury	104-10182-10073
Salisbury	104-10182-10073
Salisbury	104-10209-10164
Salisbury	104-10418-10439
Salt Lake City	124-90139-10071
Salt Lake City, Utah	124-90139-10070
Salvador	104-10070-10272
Salvador	104-10187-10208
Salzburg	104-10009-10021
Salzburg	104-10209-10164
Salzburg	104-10418-10439
Salzburg, Austria	104-10209-10018
San Antonio de Los Banos base	104-10070-10079
San Antonio de los Banos Air Base	104-10183-10325
San Antonio, Texas	104-10219-10282
San Cristobal	198-10005-10018
San Diego	104-10069-10077
San Diego	104-10177-10206
San Felipe	104-10183-10346
San Francisco	104-10101-10129
San Francisco	104-10119-10247
San Francisco	104-10123-10421
San Francisco	104-10165-10077
San Francisco	104-10176-10015
San Francisco	104-10179-10182
San Francisco	104-10275-10176
San Francisco	104-10413-10306
San Francisco	124-90137-10284
San Jose	104-10007-10345
San Jose	104-10009-10021
San Jose	104-10012-10076
San Jose	104-10071-10139
San Jose	104-10130-10472
San Jose	104-10178-10130
San Jose	104-10178-10136
San Jose	104-10179-10195
San Jose	104-10186-10008
San Jose	104-10209-10164
San Jose	104-10322-10056
San Jose	104-10332-10020
San Jose	104-10418-10439
San Jose Streets	104-10180-10215
San Jose, Costa Rica	104-10072-10001
San Juan	104-10007-10345
San Juan	104-10130-10472
San Juan	104-10165-10004
San Juan	104-10170-10036
San Juan	104-10170-10037
San Juan	104-10178-10334
San Juan	104-10179-10104
San Juan	104-10179-10182
San Juan	104-10275-10176
San Juan	124-10221-10231
San Juan Del Galappe	104-10075-10225
San Juan de Letran	104-10052-10130
San Juan, Puerto Rico	124-10300-10024
San Julian base	104-10070-10079
San Luis	104-10183-10346
San Marcos, Texas	104-10117-10075
San Miguel del Padron	104-10308-10054
San Salvador	104-10007-10345
San Salvador	104-10009-10021
San Salvador	104-10012-10076
San Salvador	104-10071-10139
San Salvador	104-10073-10061
San Salvador	104-10167-10297
San Salvador	104-10178-10130
San Salvador	104-10178-10136
San Salvador	104-10186-10008
San Salvador	104-10186-10021
San Salvador	104-10187-10071
San Salvador	104-10187-10109
San Salvador	104-10187-10113
San Salvador	104-10187-10117
San Salvador	104-10187-10147
San Salvador	104-10209-10164
San Salvador	104-10322-10056
San Salvador	104-10332-10020
San Salvador	104-10418-10439
San Salvador, El Salvador	124-90124-10055
San Salvador, Salvador	104-10248-10203
San Severino	104-10170-10015
Sancti Spiritus	104-10070-10079
Sancti Spiritus	104-10226-10011
Sancti Spiritus	202-10001-10203
Santa Ana	104-10187-10208
Santa Clara	104-10049-10362
Santa Clara	104-10164-10050
Santa Clara	104-10179-10088
Santa Clara	104-10180-10062
Santa Clara	104-10193-10016
Santa Clara	104-10265-10118
Santa Clara	104-10308-10127
Santa Clara	104-10308-10269
Santa Clara	202-10001-10203
Santa Clara provinces	124-90041-10023
Santa Cruz del Sur	104-10093-10065
Santa Cruz del Sur	104-10171-10106
Santa Cruz del Sur	104-10290-10273
Santa Fe	104-10308-10023
Santa Maria del Rosario	104-10308-10168
Santa Maria, Azores	104-10073-10113
Santa Rosa Farm	104-10075-10225
Santa Rosa, California	104-10059-10099
Santiago	104-10007-10345
Santiago	104-10009-10021
Santiago	104-10012-10076
Santiago	104-10071-10139
Santiago	104-10170-10059
Santiago	104-10170-10064
Santiago	104-10177-10219
Santiago	104-10178-10130
Santiago	104-10178-10136
Santiago	104-10178-10334
Santiago	104-10186-10004
Santiago	104-10186-10008
Santiago	104-10209-10164
Santiago	104-10302-10020
Santiago	104-10308-10208
Santiago	104-10322-10056
Santiago	104-10332-10020
Santiago	104-10418-10439
Santiago	119-10021-10413
Santiago	124-90041-10023
Santiago	198-10007-10013
Santiago	198-10007-10021
Santiago	198-10008-10119
Santiago De Las Vegas	104-10075-10225
Santiago de Chile	104-10180-10044
Santiago de Cuba	104-10048-10252
Santiago de Cuba	104-10070-10079
Santiago de Cuba	104-10162-10107
Santiago de Cuba	104-10162-10108
Santiago de Cuba	104-10163-10019
Santiago de Cuba	104-10164-10050
Santiago de Cuba	104-10167-10127
Santiago de Cuba	104-10170-10091
Santiago de Cuba	104-10171-10013
Santiago de Cuba	104-10171-10047
Santiago de Cuba	104-10172-10147
Santiago de Cuba	104-10221-10222
Santiago de Cuba	104-10512-10110
Santiago de Cuba	198-10005-10018
Santiago de Cuba	202-10001-10203
Santiago de Los Banos	104-10093-10065
Santiago de las Vegas	104-10183-10376
Santiago de las Vegas	104-10290-10273
Santiago de los Caballeros	104-10009-10021
Santiago de los Caballeros	104-10071-10139
Santiago de los Caballeros	104-10178-10130
Santiago de los Caballeros	104-10178-10136
Santiago de los Caballeros	104-10322-10056
Santiago, Chile	104-10048-10124
Santiago, Chile	104-10072-10289
Santiago, Oriente Province	104-10308-10163
Santo Domingo	104-10007-10345
Santo Domingo	104-10009-10021
Santo Domingo	104-10012-10076
Santo Domingo	104-10071-10139
Santo Domingo	104-10170-10059
Santo Domingo	104-10178-10130
Santo Domingo	104-10178-10136
Santo Domingo	104-10178-10334
Santo Domingo	104-10179-10088
Santo Domingo	104-10179-10182
Santo Domingo	104-10180-10062
Santo Domingo	104-10186-10008
Santo Domingo	104-10186-10099
Santo Domingo	104-10186-10309
Santo Domingo	104-10209-10164
Santo Domingo	104-10230-10153
Santo Domingo	104-10275-10176
Santo Domingo	104-10322-10056
Santo Domingo	104-10332-10020
Santo Domingo	104-10418-10439
Santo Domingo	124-90124-10092
Santuario del Cobre	104-10171-10047
Sao Paulo	104-10009-10021
Sao Paulo	104-10178-10130
Sao Paulo	104-10178-10136
Sao Paulo	104-10186-10008
Sao Paulo	104-10209-10164
Sao Paulo	104-10232-10018
Sao Paulo	104-10322-10056
Sao Paulo	104-10418-10439
Sao Paulo	198-10009-10098
Sao Tome	104-10182-10073
Sapporo	104-10176-10020
Sarawak	177-10002-10096
Sarrebrücken	104-10171-10138
Sasebo	176-10030-10422
Sat	104-10012-10076
Saudi Arabia	104-10122-10344
Saudi Arabia	104-10209-10259
Saudi Arabia	157-10011-10048
Saudi Arabia	198-10007-10029
Savannah	104-10163-10136
Scarsdale	104-10209-10259
Scarsdale	104-10300-10124
Scarsdale	104-10437-10079
Scarsdale, New York	104-10051-10106
Scarsdale, New York	104-10132-10092
Scarsdale, New York	104-10133-10437
Scarsdale, New York	104-10418-10378
Seattle	104-10069-10077
Seattle	104-10100-10247
Seattle	104-10306-10011
Seattle, Washington	104-10527-10421
Sen	104-10012-10076
Senegal	104-10332-10020
Senegal	176-10036-10116
Seoul	104-10007-10345
Seoul	104-10009-10021
Seoul	104-10176-10015
Seoul	104-10176-10020
Seoul	104-10186-10008
Seoul	104-10418-10439
Shanghai	104-10100-10223
Shanghai	104-10105-10271
Shanghai	104-10105-10277
Shanghai	104-10173-10134
Shanghai	104-10176-10015
Shanghai	104-10176-10020
Shanghai	124-90137-10488
Siberia	104-10176-10015
Siem Maestra	104-10215-10004
Sierpe	104-10177-10225
Sierra Maestra	104-10171-10047
Sierra Maestra	104-10179-10088
Sierra Maestra	104-10180-10062
Sierra Maestra	104-10234-10102
Sierra Maestra	104-10308-10269
Sierra Maestra	177-10001-10305
Sierra Maestre	104-10076-10442
Sierra Maestre	104-10163-10019
Sierra Morena	104-10187-10208
Sierra del Arzobispo	104-10102-10237
Sierra del Arzobispo	104-10103-10112
Silver Spring	104-10185-10205
Silver Spring, MD	104-10161-10226
Silver Spring, MD	104-10161-10321
Silver Spring, Maryland	104-10185-10234
Silver Spring, Md.	104-10185-10202
Silver Springs, Maryland	104-10185-10228
Sinaloa	104-10062-10227
Singapore	104-10009-10021
Singapore	104-10012-10076
Singapore	104-10123-10223
Singapore	104-10418-10439
Singapore	157-10002-10056
Singapore	176-10030-10422
Singapore	176-10033-10145
Singapore	176-10036-10099
Singapore	176-10036-10116
Sitiesito	104-10171-10020
Sitio Grande	104-10171-10020
Slavyanka	104-10176-10020
Sochi	104-10162-10247
Sofia	104-10012-10035
Sofia	104-10302-10020
Sofia	104-10431-10102
Sofia	198-10008-10119
Somalia	104-10326-10092
Soncita	104-10173-10104
Sonora	104-10173-10104
Soroa Zone	104-10073-10074
South Africa	104-10182-10073
South America	104-10102-10233
South America	104-10172-10107
South America	104-10175-10085
South America	104-10230-10153
South America	104-10338-10018
South America	198-10005-10017
South American republics	104-10215-10003
South Florida	104-10048-10124
South Florida	104-10221-10310
South Korea	104-10290-10190
South Viet Nam	104-10306-10020
South Vietnam	104-10306-10010
South Vietnam	176-10036-10078
South Vietnam	176-10036-10085
South Vietnam	176-10036-10086
South Vietnam	176-10036-10087
South Vietnam	176-10036-10088
South Vietnam	176-10036-10094
South Vietnam	176-10036-10095
South Vietnam	176-10036-10097
South Vietnam	176-10036-10098
South Vietnam	176-10036-10102
South Vietnam	176-10036-10103
South Vietnam	176-10036-10104
South Vietnam	176-10036-10113
South Vietnam	176-10036-10115
South Vietnam	176-10036-10116
South Vietnam	176-10036-10117
South Vietnam	176-10036-10134
South Vietnam	176-10036-10135
South Vietnam	176-10036-10137
South Vietnam	176-10036-10138
South Vietnam	176-10036-10139
South Vietnam	176-10036-10142
South Vietnam	176-10036-10149
South Vietnam	176-10037-10452
South Vietnam	176-10037-10453
South Vietnam	176-10037-10454
South Vietnam	176-10037-10460
South Vietnam	176-10037-10491
South Vietnam	176-10037-10493
South Vietnam	176-10037-10494
South Vietnam	177-10002-10096
South Vietnam	177-10002-10097
South Vietnam	177-10002-10101
South Vietnam	177-10002-10102
South Vietnam	177-10002-10103
Southeast Asia	176-10036-10073
Southeast Asia	178-10003-10001
Southeast Asian countries	104-10105-10271
Southeastern United States	104-10120-10276
Southeastern United States	104-10180-10235
Southeastern part of the United States	104-10180-10218
Southwest Station	104-10174-10043
Sovetskaya Gavan'	104-10210-10020
Soviet Bloc	176-10037-10120
Soviet Bloc	197-10002-10190
Soviet Embassy	104-10065-10028
Soviet Embassy	104-10162-10014
Soviet Embassy	104-10173-10097
Soviet Embassy	104-10263-10139
Soviet Embassy	124-90138-10073
Soviet Embassy	180-10110-10100
Soviet Union	104-10004-10213
Soviet Union	104-10051-10106
Soviet Union	104-10072-10228
Soviet Union	104-10073-10101
Soviet Union	104-10095-10161
Soviet Union	104-10101-10239
Soviet Union	104-10119-10247
Soviet Union	104-10132-10092
Soviet Union	104-10133-10437
Soviet Union	104-10173-10135
Soviet Union	104-10185-10117
Soviet Union	104-10187-10030
Soviet Union	104-10209-10259
Soviet Union	104-10227-10003
Soviet Union	104-10300-10124
Soviet Union	104-10301-10010
Soviet Union	104-10302-10030
Soviet Union	104-10326-10010
Soviet Union	104-10332-10009
Soviet Union	104-10418-10378
Soviet Union	104-10437-10079
Soviet Union	104-10516-10270
Soviet Union	124-10279-10209
Soviet Union	180-10131-10324
Soviet Union	180-10143-10227
Soviet Union	198-10007-10013
Soviet Union	198-10007-10021
Soviet Union	198-10008-10119
Soviet controlled areas	104-10121-10304
Spain	104-10012-10022
Spain	104-10066-10076
Spain	104-10073-10074
Spain	104-10077-10087
Spain	104-10103-10079
Spain	104-10105-10290 (C06932214)
Spain	104-10160-10207
Spain	104-10161-10321
Spain	104-10161-10330
Spain	104-10171-10003
Spain	104-10171-10047
Spain	104-10172-10107
Spain	104-10172-10112
Spain	104-10173-10130
Spain	104-10173-10132
Spain	104-10179-10182
Spain	104-10181-10099
Spain	104-10183-10276
Spain	104-10194-10024
Spain	104-10215-10003
Spain	104-10216-10000
Spain	104-10229-10002
Spain	104-10237-10120
Spain	104-10262-10385
Spain	104-10275-10176
Spain	104-10302-10020
Spain	104-10306-10018
Spain	104-10307-10024
Spain	104-10431-10091
Spain	104-10506-10028
Spain	124-10114-10010
Spain	124-10115-10027
Spain	124-10284-10155
Spain	124-10291-10319
Spain	124-90135-10074
Spain	177-10001-10445
Spain	202-10001-10203
Spanish Sahara	104-10209-10025
Springfield	104-10123-10421
Springfield, Virginia	104-10183-10355
St Petersburg	104-10014-10064
St Petersburg	104-10326-10092
St. Etienne	104-10185-10030
St. Louis	104-10070-10296
St. Louis	104-10122-10344
St. Louis	104-10308-10029
St. Louis	124-90060-10015
Stalingrad	104-10263-10139
State of Bolivar	104-10183-10346
State of Falcon	104-10183-10346
State of Yaracuy	104-10183-10346
Staten Island, N. Y.	104-10121-10191
Station D	104-10107-10180
Stockholm	104-10005-10321
Stockholm	104-10007-10345
Stockholm	104-10009-10021
Stockholm	104-10064-10012
Stockholm	104-10071-10139
Stockholm	104-10169-10139
Stockholm	104-10177-10220
Stockholm	104-10178-10130
Stockholm	104-10178-10136
Stockholm	104-10186-10008
Stockholm	104-10209-10164
Stockholm	104-10322-10056
Stockholm	104-10332-10020
Stockholm	104-10418-10439
Stockholm	104-10433-10209
Stockholm, Sweden	124-10163-10134
Stuttgart	104-10226-10117
Sudan	104-10182-10073
Suderman & Horacio	104-10413-10053
Suisse	104-10183-10022
Summit Hills Apartments	104-10185-10244
Sun Valley	104-10413-10306
Sunset Harbor Marina, Stock Island	104-10308-10062
Surabaya	104-10009-10021
Surabaya	104-10012-10076
Surabaya	104-10418-10439
Suriname	104-10215-10128
Sutton	104-10413-10306
Suzdal	104-10162-10247
Sweden	104-10005-10321
Sweden	104-10014-10064
Switzerland	104-10066-10076
Switzerland	104-10072-10227
Switzerland	104-10095-10276
Switzerland	104-10106-10300
Switzerland	104-10107-10137
Switzerland	104-10170-10112
Switzerland	104-10170-10145
Switzerland	104-10171-10021
Switzerland	104-10171-10138
Switzerland	104-10227-10153
Switzerland	104-10302-10020
Switzerland	104-10308-10044
Switzerland	104-10423-10337
Switzerland	124-10062-10456
Switzerland	124-10158-10061
Switzerland	124-10212-10337
Switzerland	124-10284-10155
Switzerland	124-10311-10292
Switzerland	124-10369-10022
Switzerland	176-10036-10058
Sydney	104-10219-10282
Sydney	104-10408-10329
Sydney, Australia	104-10219-10283
Syracuse	104-10165-10077
Syracuse University	104-10069-10359
Syria	104-10116-10261
Syria	104-10181-10099
Syria	177-10002-10096
Syria	177-10002-10097
Syria	177-10002-10098
São Paulo	104-10071-10139
São Paulo	104-10171-10138
TAMI	104-10510-10090
TEGU	104-10187-10149
TEGU	104-10510-10090
TEGUCIGALPA	104-10072-10034
TEGUCIGALPA	104-10178-10124
TEHE	104-10510-10090
TEHE	104-10527-10212
TELA	104-10527-10212
THAR	104-10510-10090
THE HAGUE	104-10072-10034
THE HAGUE	104-10178-10124
THEL	104-10290-10155
TNIS	104-10510-10090
TOKY	104-10290-10155
TOKY	104-10510-10090
TOKYO	104-10072-10034
TOKYO	104-10178-10124
TPLI	104-10510-10090
TRIE	104-10527-10212
TRUJ	104-10510-10090
Taipei	104-10007-10345
Taipei	104-10009-10021
Taipei	104-10012-10076
Taipei	104-10418-10439
Taipei, Taiwan	104-10059-10099
Taiwan	104-10173-10134
Taiwan	104-10306-10010
Taiwan	104-10310-10020
Taiwan	176-10037-10454
Takhli	104-10306-10010
Tampa	104-10130-10472
Tampa	124-90135-10074
Tampa, Florida	104-10174-10072
Tampico	104-10052-10130
Tampico	124-10058-10420
Tampico	124-10181-10009
Tananarive	104-10007-10345
Tanganyika	104-10290-10190
Tapachula	104-10218-10097
Tashkent	104-10119-10247
Tay Ninh Province	176-10036-10087
Tbilisi	104-10162-10247
Tegucigalpa	104-10007-10345
Tegucigalpa	104-10009-10021
Tegucigalpa	104-10071-10139
Tegucigalpa	104-10165-10084
Tegucigalpa	104-10178-10130
Tegucigalpa	104-10178-10136
Tegucigalpa	104-10186-10008
Tegucigalpa	104-10187-10208
Tegucigalpa	104-10209-10164
Tegucigalpa	104-10230-10153
Tegucigalpa	104-10322-10056
Tegucigalpa	104-10418-10439
Tegucigalpa	198-10007-10021
Tegucigalpa	198-10008-10119
Tegucigalpa	198-10009-10098
Teheran	104-10009-10021
Teheran	104-10012-10076
Teheran	104-10209-10164
Teheran	104-10418-10439
Tehran	104-10007-10345
Tehran	104-10105-10271
Tehran	104-10177-10224
Tem	104-10052-10130
Tenanzingo	104-10413-10053
Texas	104-10012-10035
Texas	104-10179-10182
Texas	104-10219-10143
Texas	104-10275-10176
Texas	104-10431-10102
Texas	104-10506-10028
Texas	124-10181-10009
Texas	124-90092-10001
Texas	124-90139-10071
Thailand	104-10306-10011
Thailand	176-10036-10073
Thailand	176-10036-10102
Thailand	176-10036-10179
Thailand	177-10002-10101
Thailand	177-10002-10103
The Hague	104-10005-10321
The Hague	104-10007-10345
The Hague	104-10009-10021
The Hague	104-10071-10139
The Hague	104-10164-10032
The Hague	104-10178-10130
The Hague	104-10178-10136
The Hague	104-10183-10355
The Hague	104-10186-10008
The Hague	104-10209-10164
The Hague	104-10322-10056
The Hague	104-10332-10020
The Hague	104-10418-10439
The Netherlands	104-10213-10209
The Netherlands	104-10307-10024
The Netherlands	104-10406-10136
Thiers	104-10052-10130
Thomas Jefferson Hotel	104-10241-10250
Thua Thien Province	176-10036-10098
Tibet	178-10003-10001
Tientsin	104-10176-10015
Tientsin	104-10176-10020
Tijuana	177-10002-10069
Tijuana	177-10002-10070
Tocumen Airport	104-10172-10001
Togoland	124-90137-10488
Tokyo	104-10007-10345
Tokyo	104-10009-10021
Tokyo	104-10012-10076
Tokyo	104-10064-10012
Tokyo	104-10071-10139
Tokyo	104-10105-10271
Tokyo	104-10119-10247
Tokyo	104-10169-10282
Tokyo	104-10176-10015
Tokyo	104-10176-10020
Tokyo	104-10178-10130
Tokyo	104-10178-10136
Tokyo	104-10186-10008
Tokyo	104-10219-10143
Tokyo	104-10291-10002
Tokyo	104-10302-10020
Tokyo	104-10322-10056
Tokyo	104-10332-10020
Tokyo	104-10418-10439
Tokyo	104-10433-10209
Tokyo	124-10212-10337
Tokyo	176-10036-10116
Tokyo, Japan	104-10256-10208
Toledo Sugar Factory	104-10075-10225
Toluca Road	104-10171-10106
Toronto	104-10186-10264
Toronto	104-10219-10154
Toronto	104-10414-10002
Toronto, Canada	178-10002-10215
Torrens	104-10076-10372
Tossad's Wax works wuzeum	104-10059-10188
Trieste	104-10172-10107
Trieste	104-10185-10009
Trieste	104-10185-10030
Trinidad	104-10070-10079
Trinidad	104-10073-10074
Trinidad	104-10110-10095
Trinidad	104-10215-10128
Trinidad	104-10302-10020
Trinidad	198-10007-10021
Trinidad	198-10008-10119
Trinidad Highway	104-10169-10271
Tripoli	104-10007-10345
Tripoli	104-10012-10076
Tuapse	104-10210-10020
Tucson	157-10011-10048
Tucson Arizona	104-10175-10179
Tulsa, Oklahoma	104-10106-10716
Tunis	104-10007-10345
Tunis	104-10186-10008
Tunis	198-10004-10207
Tunis	198-10009-10098
Tunisia	104-10332-10020
Tunisia	198-10009-10098
Turin	104-10100-10087
Turin	104-10528-10053
Turkey	104-10074-10007
Turkey	104-10176-10015
Turkey	104-10290-10190
Turkey	104-10306-10011
Turkey	104-10306-10018
Turkey	177-10002-10098
Turkey	177-10002-10101
Turtle Cove	104-10165-10004
Tyuratam	177-10002-10097
U. S.	104-10183-10439
U. S.	104-10232-10004
U. S.	104-10232-10019
U. S.	104-10236-10056
U. S.	124-10326-10103
U. S.	124-90110-10070
U. S.	157-10004-10280
U.C.L.A.	104-10173-10104
U.K.	104-10059-10188
U.K.	104-10228-10076
U.K.	104-10263-10139
U.K.	104-10413-10306
U.S	104-10162-10108
U.S.	104-10012-10022
U.S.	104-10014-10064
U.S.	104-10068-10142
U.S.	104-10092-10340
U.S.	104-10106-10300
U.S.	104-10113-10249
U.S.	104-10121-10366
U.S.	104-10122-10147
U.S.	104-10130-10381
U.S.	104-10162-10107
U.S.	104-10162-10108
U.S.	104-10170-10145
U.S.	104-10175-10179
U.S.	104-10178-10334
U.S.	104-10227-10150
U.S.	104-10234-10141
U.S.	104-10308-10044
U.S.	104-10326-10092
U.S.	104-10413-10306
U.S.	104-10431-10091
U.S.	124-10311-10292
U.S.	124-10325-10318
U.S.	124-90137-10468
U.S.	124-90137-10488
U.S. 	104-10216-10002
U.S. Embassy	104-10173-10097
U.S. Non-Immigrant Visa, B-2	104-10162-10107
U.S. Territory	104-10308-10168
U.S.A.	104-10074-10007
U.S.S.R.	104-10130-10215
U.S.S.R.	104-10263-10139
U.S.S.R.	124-10273-10070
UAR	104-10302-10020
UAR	177-10002-10096
UK	104-10066-10010
UK	104-10147-10304
UK	104-10290-10190
UNAM	104-10215-10018
URUGUAY	177-10001-10063
US	104-10005-10321
US	104-10073-10133
US	104-10075-10232
US	104-10171-10136
US	104-10216-10000
US	177-10002-10101
USA	104-10003-10041
USA	104-10107-10089
USA	104-10162-10247
USA	104-10222-10001
USA	104-10433-10212
USSR	104-10004-10143 (C06932208)
USSR	104-10004-10213
USSR	104-10005-10321
USSR	104-10012-10022
USSR	104-10014-10064
USSR	104-10064-10012
USSR	104-10069-10359
USSR	104-10072-10227
USSR	104-10105-10271
USSR	104-10106-10300
USSR	104-10130-10381
USSR	104-10162-10247
USSR	104-10163-10019
USSR	104-10171-10138
USSR	104-10172-10111
USSR	104-10173-10097
USSR	104-10173-10104
USSR	104-10176-10015
USSR	104-10186-10099
USSR	104-10209-10018
USSR	104-10210-10020
USSR	104-10213-10209
USSR	104-10216-10075
USSR	104-10219-10154
USSR	104-10219-10283
USSR	104-10226-10117
USSR	104-10290-10190
USSR	104-10302-10020
USSR	104-10306-10016
USSR	104-10308-10168
USSR	104-10338-10018
USSR	104-10413-10306
USSR	104-10414-10002
USSR	104-10431-10091
USSR	124-90092-10016
USSR	124-90137-10488
USSR	157-10002-10105
USSR	176-10036-10027
USSR	177-10002-10096
USSR	177-10002-10097
USSR	177-10002-10098
USSR	177-10002-10101
USSR	177-10002-10102
USSR	177-10002-10103
USSR	178-10004-10054
USSR	180-10143-10227
USSR	198-10007-10029
Udorn	176-10036-10179
Udorn, Thailand	104-10116-10261
Udorn, Thailand	104-10117-10203
Ukraine	104-10106-10300
Ukraine	104-10209-10018
Unas Highways	104-10075-10373
United Kingdom	104-10213-10209
United Kingdom	104-10406-10136
United Kingdom	198-10007-10029
United Nations	176-10036-10023
United Nations, New York	124-90139-10138
United States	104-10051-10106
United States	104-10064-10012
United States	104-10070-10079
United States	104-10075-10099
United States	104-10076-10372
United States	104-10114-10042
United States	104-10131-10010
United States	104-10132-10092
United States	104-10133-10437
United States	104-10160-10207
United States	104-10166-10262
United States	104-10169-10139
United States	104-10170-10121
United States	104-10172-10201
United States	104-10173-10135
United States	104-10173-10166
United States	104-10174-10038
United States	104-10174-10043
United States	104-10175-10085
United States	104-10176-10015
United States	104-10177-10217
United States	104-10178-10071
United States	104-10183-10232
United States	104-10185-10117
United States	104-10186-10088
United States	104-10186-10235
United States	104-10187-10030
United States	104-10209-10259
United States	104-10210-10020
United States	104-10213-10209
United States	104-10219-10283
United States	104-10221-10222
United States	104-10227-10003
United States	104-10227-10271
United States	104-10229-10002
United States	104-10237-10120
United States	104-10250-10199
United States	104-10250-10200
United States	104-10263-10111
United States	104-10291-10003
United States	104-10300-10124
United States	104-10301-10010
United States	104-10302-10030
United States	104-10310-10020
United States	104-10406-10136
United States	104-10418-10378
United States	104-10423-10337
United States	104-10437-10079
United States	124-10225-10195
United States	124-10273-10070
United States	124-10285-10254
United States	124-90110-10072
United States	124-90137-10467
United States	124-90138-10073
United States	157-10002-10106
United States	157-10011-10048
United States	176-10036-10104
United States	176-10036-10149
United States	176-10037-10120
United States	177-10002-10069
United States	177-10002-10070
United States	198-10004-10076
University of Habana	104-10163-10019
University of Oriente	104-10171-10013
University of Virginia	104-10114-10162
Upper Volta	176-10036-10116
Uruguay	104-10048-10124
Uruguay	104-10069-10260
Uruguay	104-10072-10289
Uruguay	104-10103-10079
Uruguay	104-10105-10271
Uruguay	104-10105-10277
Uruguay	104-10105-10293
Uruguay	104-10170-10051
Uruguay	104-10170-10064
Uruguay	104-10171-10018
Uruguay	104-10173-10132
Uruguay	104-10179-10113
Uruguay	104-10192-10110
Uruguay	104-10221-10310
Uruguay	104-10227-10153
Uruguay	104-10230-10153
Uruguay	104-10236-10075
Uruguay	104-10307-10024
Uruguay	104-10338-10018
Uruguay	124-10326-10149
Uruguay	177-10001-10305
Uruguay	177-10002-10012
Uruguay	198-10007-10022
Uruguay	198-10009-10098
Uruguay	198-10009-10099
Uruguay	202-10001-10203
Uruguayan Embassy	104-10070-10079
Uruguayan Embassy	104-10171-10003
Utah	124-90139-10071
Utah	180-10131-10324
VALPARAISO	177-10001-10064
VARADERO	104-10179-10209
VEDADO	104-10219-10418
VENEZUELA	104-10183-10331
VENEZUELA	176-10036-10051
VENEZUELA	176-10036-10052
VERACRUZ	124-10279-10020
VERASERO	104-10098-10404
VETN	104-10510-10090
VIEN	104-10290-10155
VIEN	104-10510-10090
VIEN	104-10527-10212
VIENNA	104-10072-10034
VIENNA	104-10178-10124
VIETNAM	176-10036-10079
VLEO	104-10527-10212
VTC	104-10107-10180
VZDEN SKIY RAYON	104-10130-10215
Vaca Key, Marathon, Florida	104-10221-10222
Valle	104-10180-10215
Van Nuys, California	104-10121-10191
Vancouver	104-10165-10004
Vang Vieng	177-10002-10096
Vang Vieng	177-10002-10097
Varadero	104-10103-10112
Vatican	124-10326-10098
Vatican State	104-10213-10209
Vedado	104-10073-10101
Vedado	104-10076-10442
Vedado	104-10171-10039
Vedado	104-10193-10016
Vedado	104-10216-10398
Vedado	104-10234-10102
Vedado Havana	104-10247-10097
Venezuela	104-10048-10252
Venezuela	104-10101-10175
Venezuela	104-10112-10148
Venezuela	104-10165-10084
Venezuela	104-10167-10190
Venezuela	104-10170-10051
Venezuela	104-10170-10064
Venezuela	104-10170-10121
Venezuela	104-10174-10072
Venezuela	104-10177-10217
Venezuela	104-10177-10225
Venezuela	104-10178-10334
Venezuela	104-10180-10044
Venezuela	104-10183-10346
Venezuela	104-10192-10110
Venezuela	104-10215-10128
Venezuela	104-10216-10398
Venezuela	104-10220-10069
Venezuela	104-10302-10020
Venezuela	104-10306-10018
Venezuela	104-10338-10018
Venezuela	124-10273-10104
Venezuela	124-10279-10258
Venezuela	124-10281-10028
Venezuela	124-10300-10024
Venezuela	124-90139-10002
Venezuela	157-10002-10165
Venezuela	157-10011-10048
Venezuela	176-10036-10065
Venezuela	177-10001-10305
Venezuela	177-10002-10012
Venezuela	177-10002-10016
Venezuela	177-10002-10096
Venezuela	177-10002-10097
Venezuela	177-10002-10101
Venezuela	177-10002-10102
Venezuela	177-10002-10103
Venezuela	194-10012-10030
Venezuela	198-10004-10207
Venezuela	198-10005-10018
Venezuela	198-10007-10013
Venezuela	198-10007-10021
Venezuela	198-10007-10022
Venezuela	198-10008-10119
Venezuela	198-10009-10098
Venezuela	198-10009-10099
Venezuela	202-10001-10203
Vera Crus	198-10007-10013
Vera Cruz	198-10007-10021
Vera Cruz	198-10008-10119
Veracruz	124-10279-10018
Via Monumental	104-10075-10099
Victoria	104-10075-10203
Victoria	104-10075-10373
Vienna	104-10007-10345
Vienna	104-10009-10021
Vienna	104-10012-10035
Vienna	104-10012-10076
Vienna	104-10070-10272
Vienna	104-10071-10139
Vienna	104-10088-10074
Vienna	104-10178-10130
Vienna	104-10178-10136
Vienna	104-10186-10008
Vienna	104-10209-10018
Vienna	104-10209-10164
Vienna	104-10213-10202
Vienna	104-10306-10025
Vienna	104-10322-10056
Vienna	104-10413-10306
Vienna	104-10418-10439
Vienna	104-10431-10102
Vienna	124-10062-10456
Vienna	124-10311-10292
Vienna	124-90092-10016
Vienna	124-90110-10072
Vienna	157-10002-10056
Vienna	176-10030-10422
Vienna	176-10033-10145
Vienna, Austria	124-10150-10104
Vienna, Austria	124-10237-10009
Vienna, Austria	124-10320-10087
Vienna, Austria	124-90037-10081
Vienna, Virginia	104-10117-10075
Vienne, US	104-10069-10132
Vientiane	104-10007-10345
Vientiane	104-10009-10021
Vientiane	104-10012-10076
Vientiane	104-10121-10174
Vientiane	104-10186-10008
Vientiane	104-10418-10439
Vientiane	177-10002-10097
Viet Nam	104-10069-10132
Viet Nam	104-10165-10004
Viet Nam	104-10170-10121
Viet Nam	124-10326-10149
Viet Nam	176-10036-10073
Viet-Nam	176-10036-10179
Vietnam	104-10064-10012
Vietnam	104-10173-10166
Vietnam	104-10245-10000
Vietnam	104-10302-10030
Vietnam	104-10306-10011
Vietnam	176-10011-10152
Vietnam	176-10036-10085
Vietnam	176-10036-10095
Vietnam	176-10036-10099
Vietnam	176-10036-10104
Vietnam	176-10036-10117
Vietnam	176-10036-10131
Vietnam	176-10036-10135
Vietnam	176-10036-10137
Vietnam	176-10036-10138
Vietnam	176-10037-10493
Vietnam	176-10037-10494
Vietnam	176-10038-10032
Vietnam, Saigon	176-10036-10115
Villa Maristas	104-10073-10101
Villanova	104-10308-10054
Villanueva	104-10174-10038
Vilnius	104-10326-10101
Virginia	104-10123-10421
Virginia	104-10241-10250
Virginia	180-10131-10324
Vladimir	124-10273-10070
Volga	104-10162-10247
Volgograd	104-10263-10139
WASHINGTON, D.C.	104-10185-10253
WAVE AREA	104-10180-10176
WELL	104-10510-10090
WEST GERMANY	104-10516-10348
WEST PALM BEACH	104-10179-10209
WESTERN EUROPE	104-10516-10348
WESTERN EUROPE	177-10001-10060
WORLD	104-10101-10215
Wahroonga	104-10016-10021
Wahroonga	104-10408-10329
Wajay	104-10171-10047
Wajay	104-10308-10062
Wajay Highway	104-10076-10372
Warrenton	104-10291-10004
Warrenton, Virginia	124-10273-10104
Warsaw	104-10172-10107
Warsaw	104-10187-10030
Warsaw	104-10306-10020
Warsaw	124-90137-10488
Warsaw, Poland	124-90137-10357
Warwick Apartments	104-10123-10160
Washington	104-10066-10076
Washington	104-10070-10296
Washington	104-10071-10122
Washington	104-10072-10227
Washington	104-10077-10076
Washington	104-10100-10247
Washington	104-10102-10233
Washington	104-10103-10038
Washington	104-10103-10103
Washington	104-10106-10300
Washington	104-10106-10325
Washington	104-10107-10089
Washington	104-10107-10135
Washington	104-10119-10247
Washington	104-10123-10421
Washington	104-10124-10149
Washington	104-10130-10215
Washington	104-10130-10472
Washington	104-10164-10088
Washington	104-10165-10077
Washington	104-10167-10083
Washington	104-10169-10139
Washington	104-10170-10112
Washington	104-10170-10145
Washington	104-10172-10111
Washington	104-10172-10112
Washington	104-10172-10248
Washington	104-10173-10130
Washington	104-10173-10132
Washington	104-10174-10038
Washington	104-10174-10041
Washington	104-10174-10043
Washington	104-10174-10072
Washington	104-10183-10439
Washington	104-10185-10105
Washington	104-10185-10252
Washington	104-10209-10018
Washington	104-10216-10046
Washington	104-10217-10000
Washington	104-10227-10121
Washington	104-10227-10150
Washington	104-10230-10153
Washington	104-10232-10018
Washington	104-10236-10056
Washington	104-10241-10250
Washington	104-10275-10176
Washington	104-10306-10016
Washington	104-10326-10068
Washington	104-10326-10075
Washington	104-10326-10092
Washington	104-10332-10009
Washington	104-10412-10005
Washington	104-10433-10212
Washington	119-10021-10413
Washington	124-10213-10483
Washington	124-90138-10073
Washington	157-10002-10165
Washington	157-10014-10109
Washington	176-10036-10173
Washington	176-10036-10179
Washington	177-10002-10092
Washington	177-10002-10098
Washington	177-10002-10101
Washington	180-10143-10100
Washington	198-10009-10099
Washington Base	104-10303-10003
Washington D.C.	104-10012-10035
Washington D.C.	104-10161-10321
Washington D.C.	104-10170-10125
Washington D.C.	104-10173-10135
Washington D.C.	104-10175-10179
Washington D.C.	104-10227-10046
Washington D.C.	104-10227-10271
Washington D.C.	124-10273-10070
Washington Field Office	104-10105-10277
Washington Field Office	104-10105-10293
Washington Metropolitan area	104-10185-10202
Washington, D. C	104-10106-10547
Washington, D. C.	104-10061-10053
Washington, D. C.	104-10063-10206
Washington, D. C.	104-10071-10060
Washington, D. C.	104-10110-10242
Washington, D. C.	104-10110-10243
Washington, D. C.	104-10116-10261
Washington, D. C.	104-10117-10203
Washington, D. C.	104-10122-10307
Washington, D. C.	104-10122-10344
Washington, D. C.	104-10131-10010
Washington, D. C.	104-10131-10099
Washington, D. C.	104-10160-10207
Washington, D. C.	104-10161-10144
Washington, D. C.	104-10166-10158
Washington, D. C.	104-10172-10107
Washington, D. C.	104-10174-10043
Washington, D. C.	104-10179-10182
Washington, D. C.	104-10185-10117
Washington, D. C.	104-10185-10128
Washington, D. C.	104-10186-10235
Washington, D. C.	104-10186-10264
Washington, D. C.	104-10209-10259
Washington, D. C.	104-10237-10120
Washington, D. C.	104-10298-10095
Washington, D. C.	124-10273-10104
Washington, D. C.	124-90060-10015
Washington, D. C.	124-90137-10284
Washington, D. C.	180-10131-10324
Washington, D.C.	104-10004-10213
Washington, D.C.	104-10051-10106
Washington, D.C.	104-10110-10245
Washington, D.C.	104-10110-10433
Washington, D.C.	104-10111-10079
Washington, D.C.	104-10111-10094
Washington, D.C.	104-10113-10030
Washington, D.C.	104-10117-10075
Washington, D.C.	104-10120-10373
Washington, D.C.	104-10121-10191
Washington, D.C.	104-10121-10263
Washington, D.C.	104-10123-10160
Washington, D.C.	104-10129-10002
Washington, D.C.	104-10130-10343
Washington, D.C.	104-10132-10092
Washington, D.C.	104-10133-10437
Washington, D.C.	104-10177-10217
Washington, D.C.	104-10177-10220
Washington, D.C.	104-10185-10244
Washington, D.C.	104-10215-10004
Washington, D.C.	104-10216-10075
Washington, D.C.	104-10219-10283
Washington, D.C.	104-10226-10117
Washington, D.C.	104-10250-10199
Washington, D.C.	104-10256-10208
Washington, D.C.	104-10291-10004
Washington, D.C.	104-10300-10124
Washington, D.C.	104-10332-10023
Washington, D.C.	104-10408-10078
Washington, D.C.	104-10418-10378
Washington, D.C.	104-10431-10102
Washington, D.C.	104-10433-10209
Washington, D.C.	104-10437-10079
Washington, D.C.	124-10326-10149
Washington, D.C.	124-90092-10016
Washington, D.C.	124-90124-10055
Washington, D.C.	124-90139-10070
Washington, D.C.	157-10011-10083
Washington, D.C.	178-10002-10091
Washington, D.C.	178-10002-10215
Washington, D.C.	178-10002-10279
Washington, DC	104-10291-10002
Washington, DC	124-10326-10191
Wellington	104-10007-10345
Wellington	104-10009-10021
Wellington	104-10012-10076
Wellington	104-10209-10164
Wellington	104-10418-10439
Wellston, Ohio	104-10166-10158
Wentworthville	104-10016-10021
Wentworthville	104-10408-10329
West	104-10338-10018
West Africa	104-10107-10135
West Africa	104-10107-10137
West Berlin	157-10002-10105
West Berlin	177-10002-10103
West Coast	104-10124-10149
West Germany	104-10098-10401
West Germany	104-10172-10248
West Germany	104-10213-10209
West Germany	104-10302-10030
West Germany	104-10306-10016
West Germany	104-10310-10020
West Germany	104-10406-10136
West Germany	197-10002-10190
West Palm Beach, Florida	104-10217-10000
Western Cuba	104-10308-10269
Western Europe	104-10077-10153
Western Europe	104-10100-10034
Western Europe	104-10169-10282
Western Europe	104-10181-10152
Western Europe	104-10527-10212
Western Europe	177-10002-10092
Western Europe	198-10007-10029
Western Hemisphere	104-10227-10153
Western Hemisphere Division	104-10303-10003
Wiele, Bydogoszcz, Poland	124-90137-10357
Wiesbaden	104-10169-10139
Wilcox, Arizona	104-10131-10099
Willcox, Arizona	104-10175-10179
Willerate, Minnesota	104-10163-10019
Windward Passage	202-10002-10124
Worcester, Mass	104-10219-10143
YAOU	104-10290-10155
YAQU	104-10510-10090
Yaguaja	104-10308-10127
Yale	104-10529-10329
Yamade	104-10012-10076
Yaounde	104-10007-10345
Yaounde	104-10186-10008
Yemen	104-10182-10073
Yemen	177-10002-10096
Yokohama	104-10176-10015
Yokohama	104-10176-10020
Yokosuka	104-10064-10012
Yokosuka	104-10219-10143
Yucatan Channel	202-10002-10124
Yugoslavia	104-10074-10007
Yugoslavia	104-10181-10117
Yugoslavia	104-10186-10099
Yugoslavia	104-10234-10141
Yugoslavia	104-10290-10190
Yugoslavia	104-10306-10018
Yugoslavia	124-90110-10070
Yugoslavia	124-90110-10072
Yugoslavia	176-10037-10120
Yuma	177-10002-10069
Yuma	177-10002-10070
ZURC	104-10308-10189
ZURICH	104-10072-10034
ZURICH	104-10178-10124
Zagreb	104-10181-10117
Zaire	104-10332-10020
Zanzibar	104-10182-10073
Zanzibar	104-10306-10010
Zanzibar	104-10306-10011
Zelzate, Belgium	124-90137-10357
Zurich	104-10009-10021
Zurich	104-10012-10076
Zurich	104-10071-10139
Zurich	104-10171-10138
Zurich	104-10178-10130
Zurich	104-10178-10136
Zurich	104-10209-10164
Zurich	104-10322-10056
Zurich	104-10418-10439
Zurich	124-10158-10061
Zurich	124-10212-10337
Zurich, Switzerland	124-90138-10066
eastern part of the U.S.	104-10241-10250
feira, Indochina	104-10113-10030
field stations	104-10088-10074
foreign countries	104-10131-10010
karta	104-10012-10076
kizawa	104-10012-10076
ogue	104-10012-10076
stockholm	104-10012-10076
toncu	104-10012-10076
various parts of the U. S	124-10326-10103
Рапяка	104-10012-10076
