persons_mentioned	filename
#mberto CREME CANTEM	104-10231-10042
(FNU) MESA	104-10169-10271
(fnu) RELOVA	104-10186-10264
1 ALTAMIRANO	104-10183-10276
15lliams, Ogden	104-10111-10104
1UARESTAL	177-10001-10061
A C M de Vere	104-10012-10024
A FRANKLIN PEPPER	104-10095-10075
A MACAUAY	104-10187-10009
A-1	104-10185-10252
A-2	104-10093-10109
A-l	104-10183-10232
A. Belmont	124-10326-10099
A. F. Czajkowski	104-10217-10000
A. Goodpasture	104-10095-10161
A. H. Belmont	124-10326-10100
A. J. Decker	157-10004-10095
A. J. HODGES	104-10241-10250
A. J. Huste	104-10064-10012
A. MARELI	104-10100-10239
A. P. Flynn	124-90137-10284
A. R. Belmont	124-10326-10098
A. R. King	104-10213-10002
A. R. Moffitt	104-10107-10089
A. Rodriquez	104-10179-10167
A. S. Bishop	104-10226-10067
A. SALV5296	104-10187-10110
A. Somosa	104-10216-10075
A. VARGAS	104-10510-10141
A.C WHITE	104-10161-10321
A.T. Stewart	180-10143-10227
ABDIY-1	104-10180-10180
ABUNDIO ARAUZO	104-10070-10272
ACOSTA, Esteri	104-10072-10212
ADLAI STEVENSON	124-10326-10149
ADUARD A. WELIUC	104-10527-10424
ADZUBEI	104-10162-10247
AEAL-1	104-10113-10249
AEDO	104-10171-10003
AEFENS	104-10167-10083
AELADLE	104-10172-10243
AELADLE	104-10172-10248
AELADLE	104-10263-10139
AETANKARD-4	104-10219-10143
AETANKARDS 1	104-10219-10143
AETANKARDS 2	104-10219-10143
AFFINITO, Thomas J.	104-10111-10044
AFFINITO, Thomas J.	104-10111-10045
AFRIDDY-1	104-10179-10025
AG MAMERY	104-10095-10075
AGUILA	104-10076-10277
AHLEB 29	104-10308-10054
AISMUG	104-10185-10228
AKHLUYEV	104-10172-10248
AKPACA-1	104-10265-10118
AL MARIN	104-10183-10437
ALABAU	104-10227-10150
ALABAU	104-10232-10004
ALABAU	104-10232-10018
ALABAU	104-10232-10019
ALABAU	104-10236-10056
ALAN P WHITE	104-10095-10075
ALAN P WHITE	104-10095-10161
ALBERT	104-10076-10372
ALBERT PRINCE	104-10095-10161
ALBERTO BALTRA	104-10070-10272
ALBERTO BAYO COSGAYA	124-10284-10172
ALBERTO BAYO, JR.	124-10284-10171
ALBERTO BREMAUNTZ	104-10070-10272
ALBERTO EUSEBIO MOJENA	124-10221-10229
ALBERTO FERNANDEZ	124-10326-10149
ALBERTO REVUELTA	124-10284-10171
ALCO VERA SERAFIT	104-10172-10059
ALDO (VERA) SERAFIN	104-10076-10058
ALEJANDRO GOMEZ	104-10070-10272
ALEKSO POPTANICH	124-90155-10008
ALEXANDER	177-10001-10061
ALEXANDER SHATTON	104-10078-10014
ALFEROV, Ivan Havrilovich	104-10162-10014
ALFIROV	104-10162-10017
ALFONSO ASELJON CONDES	104-10077-10087
ALFONSO BARBERENA	104-10070-10272
ALFONSO BARRAZA	104-10070-10272
ALFONSO BIBILIOX	104-10100-10152
ALFONSO DIBILDOX	104-10092-10267
ALFONSO G SPERA	104-10095-10075
ALFONSO G SPERA	104-10095-10161
ALFONSO ROORIGUEZ	104-10095-10161
ALFONSO ROORIQUEZ	104-10095-10075
ALFRED C BAKKE	104-10095-10075
ALFRED C BAKKE	104-10095-10161
ALFREDO CUEVARA	104-10070-10272
ALFREDO DAVINS	104-10100-10157
ALFREDO DE AMESTI	104-10070-10272
ALFREDO HOFFMAN	104-10070-10272
ALFREDO L. PALACIOS	104-10070-10272
ALICE E GUINAND	104-10095-10075
ALICE E GUINAND	104-10095-10161
ALICE H PITTENGER	104-10095-10075
ALICE H PITTENGER	104-10095-10161
ALICIA GUERRERO	104-10070-10272
ALMINO ALFONSO	104-10070-10272
ALONSO AGUILAR	104-10070-10272
ALREJEIRAS	104-10234-10083
ALTER	104-10172-10112
AM/HIP/1	104-10234-10155
AMADEO BARLETTA	124-90124-10092
AMAGREE-1	104-10216-10148
AMAGREE-1	104-10216-10273
AMAKA-1	104-10216-10273
AMAURY FRAGINALS ALONSO	176-10036-10052
AMAUTO-1	104-10181-10099
AMBANG-1	104-10179-10182
AMBANG-1	104-10179-10209
AMBANG-1	104-10275-10176
AMBARK-1	104-10180-10062
AMBASS-1	104-10180-10180
AMBEND-1	104-10072-10289
AMBFORT/L	104-10234-10155
AMBIDDY-1	104-10072-10289
AMBIG-2	104-10073-10101
AMBIG-4	104-10308-10062
AMBOIL-1	104-10180-10180
AMBRONC/5	104-10193-10016
AMBUD	104-10220-10294
AMBUD-1	104-10172-10147
AMBUD-1	104-10235-10018
AMBUNNY	104-10183-10439
AMBUNNY-1	104-10183-10437
AMCARBON-1	104-10072-10289
AMCARBON-2	104-10072-10289
AMCHIP-1	104-10180-10180
AMCLATTER-1	104-10163-10136
AMCLATTER-5	104-10163-10136
AMCLATTER/I	104-10163-10136
AMCLOCK/1	104-10072-10227
AMCOG-2	104-10070-10079
AMCOG-2	104-10073-10101
AMCOG-3	104-10073-10101
AMCOG-3	104-10171-10003
AMCOVERT-1	104-10180-10180
AMCUSP-1	104-10070-10079
AMCUTLER-1	104-10070-10079
AMCUTLER-2	104-10073-10101
AMCUTLER-2	104-10308-10127
AMD-1	104-10180-10180
AMDARK-1	104-10179-10088
AMDENIM-1	104-10172-10147
AMELEN-1	104-10180-10215
AMELIA SUPERFISKY	104-10095-10075
AMELIA SUPERFISKY	104-10095-10161
AMFAUNA's 10	104-10075-10365
AMFAUNA's 15	104-10075-10365
AMFAUNA's 18	104-10075-10365
AMFAUNA's 19	104-10075-10365
AMFAUNA's 26	104-10075-10365
AMFAUNA's 27	104-10075-10365
AMFAUNA's 29	104-10075-10365
AMFAUNA's 30	104-10075-10365
AMFAUNA's 31	104-10075-10365
AMFAUNA's 32	104-10075-10365
AMFAUNA's 36	104-10075-10365
AMFAUNA's 37	104-10075-10365
AMFAUNA's 38	104-10075-10365
AMFAUNA's 4	104-10075-10365
AMFAUNA-1	104-10070-10079
AMFAUNA-1	104-10073-10101
AMFAUNA-14	104-10075-10365
AMFAUNA-14	104-10308-10127
AMFAUNA-15	104-10073-10101
AMFAUNA-2	104-10308-10127
AMFAUNA-25	104-10075-10365
AMFAUNA-26	104-10308-10127
AMFAUNA-3	104-10073-10101
AMFAUNA-3	104-10234-10101
AMFAUNA-31	104-10308-10127
AMFAUNA-32	104-10308-10127
AMFAUNA-35	104-10075-10365
AMFAUNA-38	104-10308-10127
AMFAUNA-39	104-10073-10101
AMFAUNA-39	104-10075-10365
AMFETOARCH-11	104-10180-10180
AMFLORA-1	104-10308-10127
AMGLAD-1	104-10172-10147
AMGLEN-9	104-10171-10003
AMGLEN-9	104-10308-10127
AMHAWK	104-10171-10106
AMHINT-2	104-10170-10121
AMHINT-27	104-10171-10003
AMHINT-33	104-10171-10003
AMHINT/56	104-10267-10196
AMHINT/56 TA FRANK	104-10215-10139
AMHIP 1	104-10183-10022
AMHOOK/1	104-10193-10016
AMICE-14	104-10216-10148
AMICE-14	104-10216-10273
AMICE-14	104-10216-10398
AMICE-14	104-10234-10101
AMICE-14	104-10247-10097
AMICE-8	104-10226-10090
AMILTON GOMES	104-10070-10272
AMIOUTE	104-10180-10180
AMIPARLOR	104-10180-10180
AMIRD-1	104-10180-10215
AMIRE 1	104-10180-10138
AMIRE 1	104-10180-10215
AMIRE/1	104-10180-10218
AMJAG-4	104-10070-10079
AMLACE-1	104-10512-10101
AMLACE-2	104-10512-10101
AMLAME-5	104-10308-10127
AMLASH-1	104-10216-10000
AMLASH-1	104-10216-10273
AMLASH-1	104-10216-10398
AMLASH-1	104-10247-10097
AMLASH/1	104-10216-10002
AMLASH/1	104-10234-10115
AMLASH/1	104-10234-10155
AMLASH/1	104-10295-10001
AMLEO-3	104-10308-10062
AMLILAC/33	104-10267-10196
AMLILAC/33 TA MANUEL	104-10215-10139
AMLUNT/2 TA FILIPE	104-10215-10139
AMMIING-1	104-10185-10315
AMMLUC 1	104-10183-10261
AMMOP-1	104-10192-10110
AMMUG	104-10185-10228
AMMUG-1	104-10185-10243
AMMUG-1	104-10185-10248
AMMUG-1	104-10186-10004
AMMUG/1	104-10225-10035
AMPAN-4	104-10226-10090
AMPANIC-1	104-10180-10215
AMPOLISH/1	104-10267-10196
AMPOLISH/1 TA SIMON	104-10215-10139
AMRAZZ-1	104-10226-10090
AMRINT-53	104-10171-10003
AMRUNG-1	104-10179-10025
AMS	104-10185-10030
AMSAL-1	104-10052-10130
AMSHIP/1	104-10234-10155
AMSKIRT/1 TA PABLO	104-10215-10139
AMSLOUCH/3	104-10173-10097
AMSPELL	104-10170-10064
AMSTASH-1	104-10075-10250
AMSTRUT-1	104-10171-10003
AMSTRUT-1	104-10512-10101
AMSTRUT-2	104-10171-10003
AMSWIRL-1	104-10308-10062
AMTHIP	104-10183-10037
AMTHIP	104-10215-10188
AMTHUNK/10	104-10234-10096
AMTOAD-1	104-10512-10101
AMTRUNK-10	104-10216-10398
AMTRUNK-15	104-10234-10101
AMTRUNK-9	104-10234-10101
AMTRUNK/21 TA LUIS	104-10215-10139
AMUHIP-1	104-10216-10398
AMULLA-1	104-10220-10293
AMULLAPINHO	104-10220-10294
AMWEE-28	104-10073-10101
AMWEIF	104-10183-10233
AMWHIP	104-10183-10011
AMWHIP	104-10517-10120
AMWHIP-1	104-10183-10437
AMWHIP-1	104-10183-10439
AMWHIP-1	104-10216-10398
AMWHIP-I	104-10247-10097
AMWHIP/1	104-10183-10239
AMWHIP/1	104-10234-10096
AMWHIP/2	104-10234-10096
AMWORD-3	104-10170-10121
AMYUM/19	104-10076-10374
ANA ROSA GUERRA	124-10284-10172
ANABELA AGUIRRE	104-10070-10272
ANAI Fumihiko	104-10064-10012
ANASTASIO SOMOZA	124-90124-10055
ANBANG/L	104-10234-10155
ANBIDDY/2	104-10234-10155
ANBOUT-1	104-10180-10180
ANCLAITER-1	104-10298-10184
ANCOS-9	104-10180-10180
ANCUTLER-2	104-10075-10365
ANDERSON	104-10124-10149
ANDO Jimbei	104-10064-10012
ANDREI SANIKOV	104-10326-10074
ANDRIETTE	104-10512-10101
ANELEAK-1	104-10170-10121
ANFRET-7	104-10171-10003
ANGEL	104-10075-10250
ANGEL (PASTRANA) SANTOS	104-10229-10002
ANGEL BALTAZAR BARAJAS	104-10070-10272
ANGEL ESTEVEZ	124-10300-10024
ANGEL GUADALIPPE RIVERA	104-10516-10214
ANGEL POSADA GUTIERREZ	104-10172-10059
ANGELA PRINCE MOUTSOS	124-90140-10004
ANGELA PRINCE MOUTSOS	124-90140-10005
ANGHEL DRAGOMIR	124-10150-10104
ANGHEL DRAGOMIR	124-10237-10009
ANGLEN-1	104-10179-10025
ANGLETON	124-10326-10104
ANGLEX-1	104-10179-10025
ANGUS L. GERRITY	104-10229-10002
ANIANO INGLESIAS	104-10070-10272
ANIBAL DELGADO FIALLO	104-10070-10272
ANIBAL JARA	104-10070-10272
ANIC 1-1	104-10180-10180
ANIC 3-1	104-10180-10180
ANISIMOV	104-10172-10279
ANLASH/2	104-10234-10155
ANLASH/2	104-10247-10037
ANLASH/3	104-10234-10155
ANLILAC/29	104-10267-10196
ANLILAC/29 TA IGNACIO	104-10215-10139
ANN L GOODPASTURE	104-10095-10075
ANN L GOODPASTURE	104-10095-10161
ANN ROBERT H EFLON	104-10095-10161
ANNABELLE BUCAR	124-90155-10008
ANRYE-1	104-10180-10180
ANSEVER-2	104-10093-10266
ANSFOR/L	104-10234-10155
ANSKIRT/I	104-10267-10196
ANTARCH-1	104-10180-10180
ANTHO	104-10234-10155
ANTHONY L SILEC	104-10095-10075
ANTHONY L SILEC	104-10095-10161
ANTONIO BUSTO	104-10171-10095
ANTONIO CARRILLO	104-10234-10115
ANTONIO CONCEPCION	104-10308-10054
ANTONIO DE SOUZA CARBAJAL	104-10093-10010
ANTONIO DE SOUZA CARBAJAL	104-10290-10219
ANTONIO FERNANDEZ IZA	104-10183-10267
ANTONIO GOMEZ DURAN	104-10171-10093
ANTONIO HECTOR RIVERO JUARRERO	124-90124-10092
ANTONIO SILIO	104-10298-10095
ANTONIO VARONA LOREDO	104-10167-10366
ANTRUNK-10	104-10216-10148
ANTRUNK-10	104-10216-10273
ANTRUNK-10	104-10247-10097
ANTRUNK-11	104-10216-10273
ANTRUNK-13	104-10216-10148
ANTRUNK-13	104-10216-10273
ANTRUNK-16	104-10216-10148
ANTRUNK-16	104-10216-10273
ANTRUNK-19	104-10216-10273
ANTRUNK-20	104-10216-10273
ANTRUNK-7	104-10216-10148
ANTRUNK/21	104-10267-10196
ANTUELLES Ustegui, Donato Gregorio	104-10072-10212
ANUPAS-1	104-10218-10097
ANWARM-1	104-10308-10023
APAC-1	104-10179-10025
APAN-2	104-10163-10136
APARA-1	104-10180-10180
APARICIO	104-10052-10130
APCORT-1	104-10180-10180
APTOX-1	104-10180-10215
AQUILES	104-10076-10277
AR. GEORGE STEENS	104-10098-10391
ARABA-1	104-10180-10180
ARCANOE-3	104-10076-10000
ARCHBOLD, David	104-10072-10212
ARCOS	104-10179-10136
AREVALO	104-10175-10101
ARI CAMPISTA	104-10100-10396
ARION-1	104-10180-10180
ARLETTE FRANCOISE HEZARIFEND	104-10100-10065
ARMANDO ACOSTA	104-10179-10209
ARMANDO B. SANCHEZ	104-10171-10095
ARMANDO CARVAJAL	104-10070-10272
ARMANDO SUESCUN	104-10070-10272
ARNOLD	124-90124-10055
ARRIPE-2	104-10076-10000
ARTHUR D SERVILLA	104-10095-10075
ARTHUR D SERVILLA	104-10095-10161
ARTHUR L. SMITH	124-90124-10055
ARTHUR SCHLESINGER	124-10326-10149
ARTHUR T ADENBURG	104-10095-10161
ARTHUR T LADENBURG	104-10095-10075
ARTIME	104-10179-10182
ARTUR VIRBILIO	104-10070-10272
ARTURO	104-10290-10038
ARTURO CARRILLO ESPARZA	104-10215-10018
ARTURO CRESPO	104-10101-10109
ASGIPE-1	104-10076-10000
ASHCRAFT	104-10177-10219
ASUKATA Ichio	104-10064-10012
ATHY	104-10171-10138
ATILIO MARCHINI	104-10070-10272
AUDIL	104-10076-10371
AUDREY HUTCHISON	104-10095-10075
AUDREY HUTCHISON	104-10095-10161
AUGUSTIN CUEVAS	104-10070-10272
AUGUSTIN RODRIGUEZ ARAYA	104-10070-10272
AURELIANO GABALLERO C	104-10070-10272
AURELIANO SANCHEZ ARANGO	176-10036-10051
AURELIO MARTINEZ	104-10076-10277
AVILA, Anthon William	104-10072-10212
AWAYA Noriko	104-10064-10012
AWAZU Kiyoshi	104-10064-10012
AWHIP/L	104-10234-10155
AXIONITE	104-10180-10180
AXLUNT/2	104-10267-10196
AYZIA	104-10101-10134
AZTERAIN	104-10308-10269
Abderraman Muley More	124-90135-10074
Abdul Rachman SURIOKUSUD	104-10216-10075
Abe	104-10162-10247
Abel Julio COLINOPIO Vasquez	104-10308-10023
Abel Mestre	124-10213-10483
Abraham Isaac Goldberg	104-10174-10072
Abraham Schwartz	104-10291-10004
Abram Chayes	104-10051-10106
Abram Chayes	104-10132-10092
Abram Chayes	104-10133-10437
Abram Chayes	104-10165-10077
Abram Chayes	104-10209-10259
Abram Chayes	104-10300-10124
Abram Chayes	104-10418-10378
Abram Chayes	104-10437-10079
Achilles	198-10004-10076
Ada Hilda Garvallo	104-10076-10442
Adam Watson	119-10021-10413
Adam Watson	198-10008-10119
Addicott, Kenneth K.	104-10111-10104
Adela Lobianco Casa	104-10290-10273
Adelia Wheeler	104-10291-10002
Aden	198-10007-10021
Adenauer	104-10306-10016
Admiral Ricketts	104-10306-10018
Adolf A. Berle Jr.	104-10298-10184
Adolf Berle	104-10192-10266
Adolf Herkenrath	104-10192-10110
Adolfina Suarez More	104-10103-10112
Adolfo	198-10007-10021
Adolfo BARRO Garcia	104-10171-10020
Adolfo DIAS CABRERA	104-10231-10042
Adolfo G. Cuevas Rodriguez	104-10230-10153
Adolfo GARCIA Montenegro	104-10072-10001
Adolfo SAN FELAYO	104-10163-10065
Adolfo SAN FELAYO	104-10163-10136
Adolph Jay Albrecht	124-10163-10134
Adon Watson	198-10007-10013
Adoula	104-10290-10190
Adoula	177-10002-10098
Adoula	177-10002-10103
Agnes Smedley	104-10173-10134
Aguilar	104-10075-10373
Agustin 3. Elizalde	104-10167-10297
Agustin BATISTA, Jr.	124-90041-10023
Agustin Elizondo Sorize	104-10230-10153
Agustin Gonzalez Martinez	104-10433-10212
Agustin Guitart Campuzano	104-10172-10105
Agustin P. Pous	104-10245-10000
Agusto Fernandez Conde	124-10213-10483
Aida Itkin	104-10107-10135
Aida Rodrimez Menicz	104-10170-10051
Akins, Richard T.	104-10111-10104
Aksenov	104-10219-10143
Al Bonner	104-10332-10009
Al DARAKAUSKAS	104-10105-10290
Al Marin	104-10183-10439
Al Thompson	104-10110-10568
Alan BENTON	104-10105-10290
Alan Culbertson	104-10052-10130
Alan F. Petit	104-10123-10407
Alan H. Belmont	104-10423-10337
Alan White	104-10095-10161
AlanLIUS	104-10529-10323
Alastair Wickes	104-10182-10073
Albert AKULOV	104-10172-10279
Albert B. Cleage, Jr.	104-10433-10209
Albert Blake Dick, III	104-10116-10261
Albert Blake Dick, III	104-10117-10203
Albert J. LASCOFF	104-10188-10015
Albert John Szymanski Jr	104-10433-10209
Albert Johnson	104-10110-10568
Albert Larrain Maestre	104-10178-10096
Albert Maher	124-90140-10012
Albert Maltz	104-10172-10111
Albert Recio	104-10177-10047
Albert Waltz	104-10172-10107
Alberta MENDUCA	104-10186-10264
Alberto	198-10007-10021
Alberto BOZA Hidalgo-Gatop	104-10072-10227
Alberto Baez	104-10179-10136
Alberto Bagos Rojas	104-10230-10153
Alberto Bayo	177-10001-10305
Alberto Bayo	198-10009-10099
Alberto Brez Vito	104-10179-10134
Alberto COURIEL	104-10179-10104
Alberto Del Junco	104-10308-10044
Alberto FERNANDEZ Rechavarria	104-10172-10041
Alberto GONZALEZ Ort	104-10234-10105
Alberto Gonzalez Ortiz	104-10234-10102
Alberto Hernandez Dolst	104-10171-10013
Alberto Iglesias	104-10308-10044
Alberto Lleras Camargo	104-10262-10385
Alberto MIRANDA VALLADARES	104-10231-10042
Alberto Mariano Parojon Cerconas	104-10169-10017
Alberto Mora	104-10216-10398
Alberto Mora	104-10247-10097
Alberto Muller	104-10170-10051
Alberto Muller	104-10170-10121
Alberto Muller	104-10171-10047
Alberto PEREZ Martinez	104-10122-10147
Alberto PONZOA y Alvarez	104-10167-10375
Alberto Polit	124-10284-10155
Alberto RUIZ Falcon	104-10170-10146
Alberto SANTOS Holgar	104-10183-10276
Alberto Serrato	198-10008-10119
Alberto Velez	104-10219-10282
Alberto Wigand	104-10177-10219
Alberto de Castro	104-10174-10038
Alberto de Córdoba Quesada	104-10230-10153
Alberto de Jesus ALBERTY Garcia	104-10178-10052
Alberto de Jesus ALMATO Garcia	104-10178-10054
Alberto de la Barra	177-10001-10305
Albertsen, Cecil V.	104-10111-10104
Albor Ruiz	104-10170-10051
Alcides Monasterios	177-10001-10305
Aldo	104-10234-10102
Aldo Alvarez	104-10072-10289
Alejandro ALEGRIA Bermudez	104-10183-10276
Alejandro Bבמשא	104-10183-10276
Alejandro Cortes Cortada	104-10170-10051
Alejandro Gomez Montano	104-10187-10208
Alejandro Gonez Montano	104-10186-10021
Alejandro Profirio Caracha Gonzales	104-10171-10013
Alejandro Riera Arencibia	104-10077-10136
Alejandro VERGARA	124-90041-10023
Alejo HOTERO	104-10171-10020
Aleksandr Ablameika	104-10326-10013
Aleksandr Mikhaylovich DENISOV	104-10177-10224
Aleksandr Petrovich PAVLOV	104-10173-10104
Aleksandr Veras	104-10326-10013
Aleksandr Vladimirovich PHINHODKO	104-10173-10104
Aleksandra Dmitriyevna	104-10173-10104
Aleksey A. MOISEEV	104-10413-10306
Aleksey Ivanovich GARMASHOV	104-10173-10104
Aleksey Nikolayevich GANIN	104-10177-10224
Aleksey SHUMAROV	104-10172-10279
Aleksi KURGVEL	104-10120-10381
Alessandri	198-10007-10022
Alex E. CARLSON	104-10048-10124
Alex E. CARLSON	104-10072-10289
Alex E. CARLSON	104-10221-10310
Alex TEJEDA	104-10161-10321
Alexander	104-10306-10011
Alexander BECKER	104-10105-10290
Alexander Buchman	104-10173-10134
Alexander FEST	104-10105-10290
Alexander Hunter	104-10174-10037
Alexander Hunter	104-10174-10038
Alexander Sokaloff	180-10143-10227
Alexis Johnson	104-10306-10010
Alexis Johnson	104-10306-10016
Alexis Johnson	104-10310-10020
Alexis Johnson	176-10036-10073
Alexis Johnson	198-10004-10076
Alexis P. AGUADO MORALES	104-10231-10042
Alfonso Dabilodox Torres	104-10211-10146
Alfonso Dibtido Torres	104-10098-10264
Alfonso Dielleox	104-10528-10149
Alfonso Lopez	104-10262-10385
Alfonso R. Wichtrich	104-10175-10085
Alfonso Rodriguez	104-10095-10161
Alfonso Rodriguez	104-10179-10182
Alfonso Rudolph MICHIRICH	104-10131-10099
Alfonso Rudolph Wichtrich	104-10175-10179
Alfonso Spera	104-10095-10161
Alfred J. Moran	104-10104-10172
Alfred J. Moran	104-10104-10271
Alfred Puhan	104-10171-10138
Alfredo ALEMAN	104-10172-10001
Alfredo Borges	104-10177-10206
Alfredo Davins	104-10528-10180
Alfredo Diaz Con Gonzalez	104-10075-10373
Alfredo E. RODRIGUEZ FERNANDEZ	104-10231-10042
Alfredo FERNANDEZ Martinez	104-10122-10147
Alfredo Portela	104-10216-10398
Alfredo Portela	104-10247-10097
Alfredo YABUR	104-10179-10104
Alger Hiss	104-10119-10040
Algis BARKER	104-10105-10290
Ali Saadi	177-10002-10098
Ali Saleh Saadi	177-10002-10097
Alice	104-10185-10117
Alice	104-10308-10208
Alice B. CAPONONG	104-10512-10110
Alice B. Caponong	104-10245-10000
Alice F. Komerl	104-10120-10378
Alice Pittinger	104-10095-10161
Alicia	104-10076-10442
Alicia Cooke	177-10001-10305
Alicia Cusco	104-10076-10442
Alicia MOYA do Amado	104-10183-10276
Alicia Merino Fuentes	124-90137-10355
Alicio CALAS Roque	104-10122-10147
Alicio NUNEZ Paez	104-10170-10146
Alin SUERO Falla	124-90041-10023
Aline Mosby	104-10119-10247
Aline Mosby	104-10174-10072
Aline Mosby	124-10279-10209
Alis BENAS	104-10105-10290
Allan Sheffield	124-90140-10012
Allan Shivers	104-10116-10261
Allen	104-10071-10122
Allen	104-10132-10092
Allen	124-10369-10022
Allen Dulles	104-10106-10325
Allen Dulles	104-10119-10040
Allen Dulles	104-10122-10344
Allen Dulles	104-10306-10025
Allen Dulles	104-10423-10337
Allen Dulles	124-10326-10098
Allen Dulles	124-10326-10099
Allen Dulles	124-10326-10103
Allen Dulles	157-10002-10056
Allen Dulles	157-10014-10109
Allen Dulles	176-10030-10422
Allen Dulles	176-10033-10145
Allen Shivers	104-10117-10203
Allen W. Dulles	104-10227-10121
Allen and Scott	104-10051-10106
Allen and Scott	104-10133-10437
Allen and Scott	104-10209-10259
Allende	157-10002-10165
Almeida	104-10076-10442
Alonso Aguilar Monteverde	104-10187-10030
Alonso Pujol	104-10232-10018
Alphonse FIGOD	104-10176-10015
Alsop	104-10306-10011
Alva Chandler	119-10021-10413
Alvarez Del Vayo	104-10172-10107
Alvarez Diaz	104-10232-10018
Alvaro Martin Fernandez Fox	124-10212-10160
Alvaro Santiago Paz	177-10001-10305
Alvin T. Philpotts, Jr.	104-10263-10111
Alwin Odio Tamayor	124-10325-10318
Amable SANCHEZ Borroto	104-10308-10127
Amado Jones Roipl	104-10170-10051
Amando Hart	198-10005-10017
Amaria	104-10179-10088
Amaria	104-10180-10062
Amarilis Marta VALDES Hijuelos	104-10185-10110
Amarilis Marta VALDES Hijuelos	104-10186-10269
Amaro Luiz de Carvalho	177-10001-10305
Ambaro	104-10179-10027
Ambassador Bonsal	104-10066-10076
Ambassador Bonsal	104-10095-10276
Ambassador Carrillo	104-10216-10398
Ambassador Carrillo	104-10247-10097
Ambassador Johnson	104-10326-10101
Ambassador Thompson	104-10226-10001
Ambassador Woodward	177-10001-10445
Americo CRUZ	104-10072-10227
Ames	104-10332-10009
Amit	104-10306-10011
Amos Belden	104-10070-10296
Amos Taylor, Jr	104-10012-10079
Amos Taylor, Jr.	104-10009-10222
Amrine, Horace	104-10111-10104
Ana Diaz Silveira	104-10170-10051
Ana Gloria de VARONA	104-10160-10207
Ana Gloria de VARONA	104-10237-10120
Ana Ledea	104-10076-10442
Ana Leticia BAJLAZA (BARRAGAF) Quiroa	104-10183-10276
Anastasia George DAMASCUS	104-10219-10283
Anastasia Martini DAKARJIN	104-10219-10282
Anastasie George DAMASCOU	104-10219-10283
Anastasio ROSENORD	104-10179-10104
Anastasio de la Garza	104-10062-10227
Anastasiya SNOW	104-10176-10020
Anatoli Golitzyn	124-10325-10318
Anatoli Klimov	124-10325-10318
Anatoliy Aleksandrovich AMUKHIN	104-10173-10104
Anatoliy Ivanovich SUKHOV	104-10177-10224
Anatoliy PAVLOV	104-10172-10279
Anatoliy Pavlovich PRASTICHIKIN	104-10173-10104
Anatoly Dobrynin	104-10173-10135
Anatoly Privalov	104-10326-10101
Anatoly Yazkov	104-10326-10101
Anauela	104-10075-10373
Anderson	104-10306-10007
Anderson	104-10306-10011
Andre Gromy	104-10106-10300
Andre Marty	104-10074-10007
Andreas Nazario Sargent	104-10170-10125
Andrei Nicolae LUPU	104-10105-10290
Andrei Nicolae LWPJ	104-10105-10290
Andres ARMONA	104-10072-10228
Andres Antonio VELASQUEZ	104-10183-10276
Andres GONZALEZ	104-10171-10020
Andres SATAA	104-10171-10020
Andres Soliz Rada	177-10001-10305
Andres de la Rosa	104-10170-10051
Andrew CROCE	104-10105-10290
Andrew E. PELLEMENT	104-10079-10391
Andrew E. REUTERAN	104-10216-10273
Andrew Frank BARKER	104-10105-10290
Andrew H. Fernard	104-10079-10391
Andrew IRVING	104-10105-10290
Andrew K. REUTEMAN	104-10048-10124
Andrew K. REUTEMAN	104-10069-10185
Andrew K. REUTEMAN	104-10221-10310
Andrew K. REUTEMAN	104-10308-10062
Andrew K. REUTENAN	104-10512-10110
Andrew K. Reuteman	104-10104-10172
Andrew K. Reuteman	104-10170-10064
Andrew K. Reuteman	104-10304-10000
Andrew K. Reuteman	104-10308-10086
Andrew L. JACKOLDOW	104-10121-10191
Andrew MOORE	104-10105-10290
Andrew ORDONO Camps	104-10048-10124
Andrew ORDONO Camps	104-10072-10289
Andrew ORDONO Camps	104-10221-10310
Andrew Pulley	104-10433-10209
Andrew R. Doscher	104-10079-10391
Andrew Robert MENICUCCI	104-10105-10290
Andrew S. PARMERS	104-10102-10237
Andrew S. PARMERS	104-10103-10112
Andrey Gerasimovich Trubetsky	104-10414-10002
Andrij Didkowskyj	104-10209-10018
Andrijk IWASKIW	104-10105-10290
André MOURATIEFF	104-10171-10138
Andy Rogers	104-10179-10025
Andy Rogers	104-10183-10259
Andy Rogers	104-10183-10260
Angel	104-10171-10003
Angel 06 Fontanills	104-10171-10047
Angel A. Fontanils	104-10170-10051
Angel Arroyo	177-10001-10305
Angel BENCOMO	104-10193-10016
Angel BRINGAS	104-10073-10101
Angel Banos	104-10073-10133
Angel Bus	104-10167-10083
Angel Cazzalez-rermandez	104-10170-10051
Angel Cofiño	104-10230-10153
Angel Guadalupe Rivera	104-10097-10170
Angel MARTINEZ	124-90041-10023
Angel Manuel BENITEZ Benitez	104-10122-10147
Angel PALENCIA Sanches	104-10183-10276
Angel PERNIA Ortiz	104-10183-10347
Angel Segura Bustamante	104-10230-10153
Angela B. Derricote	104-10291-10003
Angela Boyer	124-90137-10067
Angela Boyer	124-90137-10230
Angela delli Sante Arrocha	104-10175-10176
Angelica Martinez	104-10170-10051
Angelika DAMASCOU RODEAVOURAS	104-10219-10283
Angelika DAMASCOU nee GAVOURAS	104-10219-10282
Angelton	104-10332-10009
Angleton	104-10226-10117
Angleton	104-10306-10011
Angleton	124-10273-10070
Anibal ESCALANTE	104-10185-10128
Anibal Escalante	104-10216-10398
Anibal Escalante	104-10247-10097
Anibal LORIO Garcia	104-10183-10276
Anibal VELAZ (VELOZ)	104-10181-10152
Anita PERRASTE Betancourt	104-10073-10074
Anita Potocki	104-10187-10009
Anita Potocki	104-10219-10143
Anita Potocki	124-90139-10002
Ann Lee	104-10169-10282
Anna Schinsky	104-10005-10321
Anna Seciles	104-10172-10107
Anna Tarasoff	104-10130-10215
Anne	104-10123-10421
Anne B. SALLOCM	104-10110-10433
Anne SEBORER	104-10172-10107
Anne Silbert	104-10061-10053
Annie de Quendoz	104-10234-10007
Annie de Quendoz	104-10247-10064
Ans Winner	124-10291-10319
Anthis	104-10306-10010
Anthony Adamoviez	104-10130-10215
Anthony C. M. DeVere	104-10012-10022
Anthony C. M. DeVere	104-10431-10091
Anthony E. PAPPADOPOULOS	104-10176-10015
Anthony Gason	104-10165-10004
Anthony Lennon	124-10273-10104
Antia Potocki	104-10308-10163
Antilin PERIS	124-10114-10010
Antin Mykyporuk	104-10209-10018
Antolin Alfonso Casteneda	104-10181-10099
Antonia (Toni) Leigh Chayes	104-10132-10092
Antonia (Toni) Leigh Chayes	104-10133-10437
Antonia (Toni) Leigh Chayes	104-10418-10378
Antonia CARCANO Araujo	104-10073-10101
Antonia SUAREZ	104-10179-10104
Antonico	124-90135-10074
Antonina Johansson	104-10219-10143
Antonio	104-10075-10225
Antonio AERUZA	104-10072-10228
Antonio Abella Caluerin	104-10170-10051
Antonio Abol PEREZ MARTIN	104-10231-10042
Antonio Alano Monten	104-10167-10190
Antonio C. Samper Marrero	104-10171-10013
Antonio CARCIA Lara	104-10072-10228
Antonio CARRILLO	104-10072-10227
Antonio CUESTA Valle	104-10069-10185
Antonio Cuesta	104-10172-10177
Antonio Cuesta Valle	104-10174-10072
Antonio DIAZ Torres	104-10216-10148
Antonio Del Monte Caballero	104-10172-10062
Antonio E. LUZON	104-10179-10104
Antonio ESCOTO	104-10179-10104
Antonio F. FERNANDEZ PEYDRO	104-10231-10042
Antonio G. CARMONA CASFcdid	104-10231-10042
Antonio G. CARTONA CABER	104-10231-10042
Antonio GOICOCHEA Cosculluela	104-10308-10023
Antonio GOMEZ Hernandez	104-10308-10023
Antonio Garcia	104-10103-10112
Antonio H. Campos Cardenas	104-10230-10153
Antonio Hadik	104-10180-10044
Antonio JONH Karcos	104-10183-10276
Antonio Jose Cuello	104-10165-10084
Antonio Jose RAMIREZ Mendez	104-10308-10029
Antonio Larotta	177-10001-10305
Antonio Luis Ferre	104-10263-10111
Antonio Lusson y Batlle	104-10216-10398
Antonio Lusson y Batlle	104-10247-10097
Antonio Maceo y Roque	104-10245-10007
Antonio NUNZZ-Jimenes	104-10048-10252
Antonio ORDONEZ Hernandez	104-10069-10185
Antonio RODRIGUES Echanabal	104-10061-10053
Antonio RODRIGUEZ Jones	104-10061-10053
Antonio Remigio *ESTRADA Diaz	104-10308-10127
Antonio Soto Vazque	104-10174-10072
Antonio TOLEDO Zetacia	104-10215-10035
Antonio Tomas Gonzalez Crespo	104-10171-10013
Antonio VICO	104-10179-10104
Antonio Valdes Rodriguez	104-10308-10044
Antonio Veciana	104-10174-10072
Antonio de Verona	104-10073-10061
Antonio de la Carrera	104-10165-10004
Antonios E. Papadopoulos	104-10219-10143
Antonious E. PAPPALOPOULOS	104-10176-10015
Antonis OBRECON Correa	104-10171-10020
Aníbal Rodriguez	104-10171-10047
Aragones	104-10216-10398
Aragones	104-10247-10097
Arch Adler	104-10166-10158
Archbishop Miguel Dario Miranda	104-10074-10413
Archbishop Ngo Dinh Thuc	176-10036-10098
Archbishop O'Connor	104-10306-10007
Archibald Roosevelt, Jr	104-10418-10378
Archibald Roosevelt, Jr.	104-10051-10106
Archibald Roosevelt, Jr.	104-10132-10092
Archibald Roosevelt, Jr.	104-10133-10437
Archibald Roosevelt, Jr.	104-10209-10259
Archibald Roosevelt, Jr.	104-10300-10124
Archibald Roosevelt, Jr.	104-10437-10079
Arcile Ohistone	104-10172-10107
Arcos	104-10179-10134
Arcos y Bergnes	104-10219-10439
Ardelle GASDA	104-10176-10020
Arends	104-10306-10007
Argelio MARTINEZ	104-10179-10104
Ari Campista	104-10529-10184
Arif	177-10002-10103
Aristotle Georges DAMASCOR	104-10219-10282
Aristottle Onassis	104-10122-10344
Arle	104-10075-10225
Armand Delacour	104-10178-10071
Armando Andres GUIROLA Forte	104-10048-10124
Armando Andres GUIROLA Forte	104-10072-10289
Armando Andres GUIROLA Forte	104-10221-10310
Armando BAEZ HERITAND	104-10231-10042
Armando BLANCO Lorenzo	104-10308-10062
Armando FRANCO	104-10179-10104
Armando Frias Mesa	104-10170-10051
Armando HERNANDEZ BEEZ	104-10231-10042
Armando Hart	177-10001-10305
Armando LOPEZ Mantiel	104-10183-10276
Armando Munero	104-10308-10044
Armando PEREZ Pinto	104-10163-10019
Armando PUENTES	104-10179-10104
Armando SARDINAS	104-10072-10228
Armando SOSA Rodriguez	104-10308-10029
Armando San Martin	104-10165-10084
Armando del Rozo	104-10170-10051
Armstrong	104-10077-10369
Armstrong	104-10188-10015
Armsworthy, Frank J.	104-10111-10104
Arnaldo Santa Cruz	104-10170-10051
Arneson, Paul E.	104-10111-10104
Arnest Napoleon Rodriguez	104-10129-10002
Arnesto N. Rodriguez	104-10129-10002
Arnold AREHART	104-10187-10030
Arnold F. AREHART	104-10187-10003
Arnold Rodriguez	104-10247-10037
Arnold Silver	157-10002-10105
Arnold Silver	157-10014-10109
Arreliano	104-10232-10018
Arseniy YANKOVSKY	104-10176-10020
Art Brown	104-10332-10020
Arthur Andrew Gerteit	104-10164-10050
Arthur C. Sheridan	104-10123-10219
Arthur G. Treiberis	104-10169-10139
Arthur G. VAIVADA	104-10295-10168
Arthur G. Vaivada	104-10215-10003
Arthur Garza	104-10122-10147
Arthur Henry FPENTROP	104-10106-10716
Arthur K. Galant	104-10167-10297
Arthur LUNDAHL	104-10120-10381
Arthur P. Iorio	104-10003-10041
Arthur Schlesinger, Jr.	176-10030-10422
Arthur T. Kanum	104-10229-10002
Artime	104-10306-10010
Arturo ALPAK) Fuentes	104-10183-10276
Arturo Botero	104-10177-10225
Arturo Colri	104-10169-10017
Arturo F. COMAS KENENDEZ	104-10231-10042
Arturo Ines Rodrigues	104-10171-10013
Arturo L. MENENDER RODILL	104-10231-10042
Arturo MUGARRA	104-10193-10016
Arturo Matte Larrain	104-10177-10219
Asaro Addeo	104-10101-10239
Ash	178-10004-10054
Ashcraft	104-10070-10296
Asher Brynes	104-10170-10145
Ashley	104-10119-10339
Assistant Secretary Martin	198-10004-10076
Astator	104-10072-10013
Atilano DOMINGUEZ CADALSO	104-10231-10042
Au Truong Thanh	176-10036-10149
Aubre Greano	104-10105-10290
Aubrey Isic GENISA	104-10105-10290
August Vanistendael	104-10192-10110
Auguste	104-10171-10138
Augustin Batista	104-10069-10120
Augustine, Rozinald C.	104-10111-10104
Augusto CHARNAUD MadDonald	104-10072-10001
Augusto MACHIN	104-10103-10112
Augusto MACHON	104-10102-10237
Aurelia Campos Morales	104-10062-10227
Aureliano SAN Romani	104-10227-10046
Aureliano SANCHEZ Arango	104-10048-10124
Aureliano SANCHEZ Arango	104-10072-10289
Aureliano SANCHEZ Arango	104-10073-10101
Aureliano SANCHEZ Arango	104-10221-10310
Aureliano Sanchez Arango	124-10213-10483
Aurelie PERISTEROPOULOS	104-10176-10015
Aurelio PEREZ LUGONES	104-10231-10042
Aurelio Silva	104-10179-10113
Aurell, George E.	104-10111-10104
Aurvasan	104-10234-10155
Austin Horn	124-90140-10012
Austin J. Thomas	104-10077-10076
Austin M. Jones	104-10179-10167
Austin TOHR	104-10179-10104
Averill	180-10143-10227
Ay	104-10072-10013
Ayub	104-10306-10018
B E. Reichnardt	104-10100-10319
B FRANKLIN PEPPER	104-10095-10161
B. Leonard Bird	104-10177-10206
B. PRICEHARDT	104-10529-10182
BABKOV	104-10413-10306
BAKATIN	104-10014-10064
BAKER	104-10072-10212
BAKGHOORN	104-10210-10020
BALDOMERO ALVAREZ RIOS	104-10070-10272
BALTIN	104-10183-10347
BANICK, John A.	104-10111-10044
BANICK, John A.	104-10111-10045
BARANOV	104-10173-10097
BARBARA BRYANTEW	104-10172-10255
BARBARA J EDMUNDS	104-10095-10075
BARBARA J EDMUNDS	104-10095-10161
BARBOSA LIMA SOBRINHO	104-10070-10272
BARGHOORN	104-10534-10173
BARNES, Winfred Clark	104-10215-10128
BARQUIN	104-10227-10150
BARQUIN	104-10232-10019
BARRAL	104-10185-10105
BARRON	104-10012-10024
BASIL BEARDSLEY	104-10095-10075
BASILA BEARDSLEY	104-10095-10161
BASTIGO PINTO	104-10308-10165
BATEIRO, Carlo	104-10072-10212
BATISTA	104-10163-10019
BATISTA	104-10185-10117
BATISTA	124-10332-10047
BATISTA, Laureano	104-10115-10074
BAYARD BOITEUX	104-10070-10272
BEBO ACOSTA SUAREZ	104-10179-10209
BEFLATE 1	104-10100-10199
BELK	177-10001-10061
BELL	104-10169-10265
BELL	104-10171-10095
BELL	104-10172-10059
BELL	104-10180-10165
BELL	104-10183-10022
BELT	124-90041-10023
BENEDITO CORQUEIRA	104-10070-10272
BENICIA (GONZALEZ) GOMEZ	104-10172-10133
BENICIA (GONZALEZ) GOMEZ	104-10172-10137
BERECK	177-10001-10061
BERGER	104-10216-10000
BERNARD BARKER	124-10284-10172
BERNARD FERGUSON MITCHELL	124-90155-10008
BERNARD RYOZENSKI	104-10095-10075
BERNARD YOZEVSKI	104-10095-10161
BERNARDO CANAL FEIJOO	104-10070-10272
BERNARDO KLEINER	104-10070-10272
BERNHARD ER	104-10529-10196
BERTA A. MARTINEZ	104-10171-10095
BERTHA ARENAL	104-10070-10272
BERTHA KLEBANSKI	124-90092-10016
BETANCOURT	104-10170-10051
BETH LICHTENFELS	104-10177-10219
BETTY A BOWERS	104-10095-10075
BETTY A BOWERS	104-10095-10161
BILL CHUS	104-10179-10209
BIMIOTY, Helena V.	104-10113-10181
BINIARIS	104-10180-10165
BOB ROBERTSON	124-90092-10001
BOBBY MADURO	104-10180-10176
BOCAIUVA CONHA	104-10070-10272
BOIZELLE	104-10100-10396
BOIZELLE	104-10529-10184
BONSAL	104-10167-10083
BOSTON, M. David	104-10111-10044
BOSTON, M. David	104-10111-10045
BOTEL, Hose L.	104-10112-10186
BRADT	104-10120-10373
BRAIDIO CONTRERA	104-10172-10059
BRENNAN	104-10183-10233
BRENNAN	124-10325-10318
BRENNAN	124-10326-10104
BRENNAN	124-90140-10012
BRIGGS	124-90124-10055
BRONSON THEEDY	104-10517-10121
BRUCE B	104-10077-10285
BRUCE B. CHEEEER	104-10517-10121
BRUCE EL CHEEVER	104-10185-10253
BRUCE MAS MAST	104-10170-10096
BUCHBINDER, HEINRICH	124-10158-10061
BUENAVENTURA FRANCESCO (DELLUNDE) Y PUYANS	104-10234-10069
BUI DINH DAM	176-10036-10142
BUI DZINH	176-10036-10142
BUNCE	104-10234-10069
BUNDY-SMITH	177-10001-10061
BURROWS	176-10037-10453
BUSTAMANTE	104-10236-10054
BUSTOS-VIDELA, Charlotte	104-10110-10095
BUTENHOFF, Robert L.	104-10111-10044
BUTENHOFF, Robert L.	104-10111-10045
Ba (FNU)	176-10036-10078
Bagley	104-10106-10300
Baker	124-10369-10022
Baker	178-10004-10053
Baker, John S.	104-10111-10104
Bakhtiar	104-10306-10025
Baldomero Castel	177-10001-10305
Ball	104-10306-10016
Ball	104-10306-10018
Ball	177-10001-10445
Balmes N. HIDALGO, Jr.	104-10120-10276
Bannerman	104-10130-10472
Bannerman	104-10306-10007
Barbara B	104-10178-10334
Barbara Deming	104-10064-10012
Barbara GRAHAM	104-10105-10290
Barbara Manell	104-10095-10161
Barbara Sower	104-10178-10334
Barbara and Earle Reynolds	104-10064-10012
Barbaro Dalan y Garcia	104-10164-10050
Bares Dimitri	104-10130-10356
Barker	104-10052-10130
Barnes	104-10306-10011
Barney Hidalgo	180-10110-10100
Barney Hildago	104-10185-10202
Barney KILDALGO	104-10105-10290
Barney Malloy	104-10105-10271
Barone	104-10162-10014
Barreto	104-10226-10011
Barry	104-10332-10020
Barry CYFRAIL/1	104-10121-10174
Barry E. Cole	104-10248-10203
Barry Goldwater	104-10173-10130
Barry Harrelson	104-10332-10009
Barry Rosenfeld	104-10167-10083
Bart Pugh	104-10059-10099
Barthe Tales	104-10077-10112
Bartholomew Pugh	104-10059-10099
Bartolome Costa Amic	104-10175-10176
Basil EFREMOFF	104-10176-10020
Batista	104-10061-10053
Batista	104-10073-10101
Batista	104-10102-10237
Batista	104-10103-10112
Batista	104-10170-10112
Batista	104-10179-10088
Batista	104-10180-10062
Batista	104-10192-10284
Batista	104-10227-10153
Batista	198-10005-10018
Baumgardner	124-10326-10103
Baumgardner	124-90140-10012
Bayerdo ALTAMIRANO Lopez	104-10183-10276
Bayo	124-10284-10155
Beard	104-10306-10011
Bebo Orozco	104-10103-10112
Bebo Orozco	104-10216-10398
Becksher	157-10002-10165
Becky Balaban	180-10143-10227
Becky Vaughn	124-10273-10104
Bela Kiraly	104-10254-10015
Belin	104-10310-10118
Belin	178-10002-10215
Bella MINCBERG nee MILSTEIN	104-10162-10247
Belmont	124-10273-10070
Belmont	124-10325-10318
Belmont	124-10326-10103
Ben Bella	104-10170-10121
Ben Bella	104-10302-10030
Ben Bella	176-10036-10027
Ben Bella	177-10002-10096
Ben Colling	104-10066-10076
Ben DeFelice	104-10194-10024
Ben Moody	104-10116-10261
Ben Volpe	104-10308-10044
Ben Wood	176-10036-10073
Benigno PAREZ VIVANCOS	104-10231-10042
Benigno Soriano-Hernandez	104-10171-10013
Benito BLANCO Cruz	104-10229-10002
Benito Diaz Faret	104-10170-10051
Benito Ruiz Gorilo	104-10093-10065
Benito Ruiz Suarez	104-10290-10273
Benjamin	104-10073-10101
Benjamin ACOSTA Valdes	104-10308-10029
Benjamin Avana	104-10174-10036
Benjamin FASTOV	104-10172-10111
Benjamin Franklin BACKYAK	104-10105-10290
Benjamin Franklin KYKER	104-10105-10290
Benne, R.	104-10121-10304
Benri Maslich	104-10183-10232
Benson Buffman	104-10219-10154
Bensu Chan	104-10173-10134
Bentley, Elizabeth Terril	104-10172-10112
Berest	104-10227-10003
Bergs Francis	104-10167-10190
Berk	104-10187-10009
Berliderachon Monmousseau Rajon	104-10074-10007
Bernabe ODAZ	104-10179-10104
Bernabe PENE	104-10170-10051
Bernard Alvin PARKS	104-10121-10191
Bernard E. MONCURE	104-10106-10325
Bernard EDGECOMB	104-10120-10381
Bernard Fensterwald	104-10122-10344
Bernard Forman HILLARY	104-10120-10276
Bernard Horman HILLARY	104-10105-10290
Bernard L. Barker	104-10163-10065
Bernard N. Hillary	104-10120-10297
Bernard T. Feld	104-10165-10077
Bernardo (Alvarez)	104-10075-10365
Bernardo (Fernandez) Hevia	104-10076-10442
Bernardo Corrales	104-10103-10112
Bernardo DIAZ Mendez	104-10183-10276
Bernett, Eaward I.	104-10111-10104
Bernice Turbeville	104-10183-10355
Bernie	104-10167-10083
Berning, E.	180-10131-10324
Bernon Ferguson Mitchell	104-10219-10154
Berta Puga	104-10262-10385
Bertico Castilla	104-10171-10013
Besera Asenova	104-10012-10035
Besera Asenova	104-10431-10102
Betancourt	104-10179-10182
Betancourt	177-10002-10012
Betancourt	177-10002-10101
Betancourt	177-10002-10103
Beth Lichtenfels	104-10165-10077
Bevilaqua	177-10002-10097
Biegfried Stefanovitch MOROSOFF	104-10106-10716
Biel Wells	104-10079-10391
Bill COTTER	104-10167-10083
Bill Dallgren	104-10131-10010
Bill Donley	180-10143-10100
Bill GEET	104-10105-10290
Bill Harvey	104-10122-10307
Bill Harvey	104-10306-10007
Bill Harvey	157-10011-10083
Bill Harvey	178-10002-10091
Bill Harvey	178-10002-10215
Bill Harvey	178-10002-10279
Bill Moyers	104-10306-10018
Bill Spivaky	104-10069-10077
Bill Wainwright	104-10183-10232
Bill Wainwright	104-10215-10200
Billy B. Campbell	104-10066-10076
Billy B. Campbell	104-10095-10276
Birch O'Neal	104-10130-10215
Birch O'Neil	104-10003-10041
Bishop Ireney	104-10219-10143
Bissell	157-10014-10109
Bissell	198-10004-10076
Bite Bento Consatez	104-10170-10051
Black	104-10306-10011
Blair	104-10306-10011
Blake	104-10306-10007
Blakey	104-10332-10009
Blakey	104-10413-10306
Blakey, G. R.	180-10131-10324
Blanca Calvet	104-10183-10355
Blanca MARTINEZ de Hoya	104-10171-10003
Bland	124-10326-10103
Blas Roca	177-10002-10012
Blas Roca	198-10009-10099
Blas Roca Calderio	104-10234-10141
Blee	104-10310-10118
Boardman	124-10273-10070
Bob Cleveland	176-10036-10073
Bob Gambino	104-10122-10147
Bob Mandelstam	198-10009-10099
Bob McCann	104-10070-10296
Bob Ricker	104-10216-10234
Bob Shaw	104-10095-10161
Bob Starling	104-10177-10206
Bob Woods	104-10110-10245
Bobby Joe Williams	104-10116-10261
Bobby Joe Williams	104-10117-10203
Bobby Kennedy	157-10011-10083
Bobby Kennedy	178-10002-10091
Bogantes Zamora	198-10007-10021
Bolivar Ballarino	157-10004-10095
Boris A. KAZANTSEV	104-10219-10283
Boris Aleksandrovich KAZANTSEV	104-10177-10224
Boris Aleksandrovich Kazantsev	104-10173-10104
Boris D. TARASOFF	104-10130-10381
Boris D. Tarasoff	104-10130-10215
Boris D. Tarasoff	104-10130-10343
Boris Tarasoff	104-10095-10161
Boris Yaskis	104-10176-10015
Borne Dalton	104-10187-10071
Boro	104-10290-10190
Bosso	104-10174-10037
Botus	104-10232-10018
Boud Verge	104-10172-10107
Boumedienne	176-10036-10027
Boumedienne	177-10002-10096
Bowdler	198-10007-10021
Bowdler	202-10002-10124
Bowles	104-10071-10122
Bowles	104-10306-10011
Bowles	176-10011-10152
Boyd D. Adsit	104-10219-10283
Boza Masvidalis	104-10308-10208
Bradford Lyttle	104-10064-10012
Brady, S.	180-10131-10324
Brandon John F. Ruiz	104-10290-10273
Branigan	124-10326-10103
Braulio Maldonado Sandez	104-10187-10030
Breitheim	104-10183-10439
Brenton Wali WILLEMS	104-10105-10290
Brewster	104-10306-10011
Brezhnev	177-10002-10098
Brian Victoria	104-10064-10012
Brian Victoria	104-10064-10012
Brinkerhof	104-10306-10011
Broe	157-10002-10165
Bromell, William	104-10111-10104
Bromley Smith	104-10306-10018
Bronislawa CZERNINSKA	104-10176-10015
Bronson Treedy	104-10517-10120
Brooks	104-10187-10014
Bross	104-10306-10011
Bruce B. Cheever	104-10216-10202
Bruce B. Cheever	104-10304-10000
Bruce B. Cheever	104-10517-10120
Bruce E. Mainharing	104-10174-10072
Bruce Frederick Davis	104-10132-10092
Bruce Frederick Davis	104-10133-10437
Bruce Frederick Davis	104-10209-10259
Bruce Frederick Davis	104-10300-10124
Bruce Frederick Davis	104-10418-10378
Bruce G. MASTROCOLA	104-10222-10001
Bruce H. FERNALD	104-10187-10009
Bruce H. Gintalas	104-10173-10104
Bruce MAS Master	104-10226-10067
Bruce O. Sturgess	104-10175-10085
Bruce P. VEDDER	104-10308-10062
Bruce P. Veddar	104-10245-10000
Bruce P. Vedder	104-10170-10064
Bruce R. FERNALD	104-10187-10014
Bruce Solie	104-10106-10300
Bruce Solie	104-10106-10312
Bruce Solie	104-10418-10202
Bruno PONTECORVO	104-10106-10716
Bryan Mills	104-10066-10076
Bryan Mills	104-10095-10276
Bryce REA, Jr.	104-10117-10203
Bryce Rea, Jr.	104-10116-10261
Bud STEELY	104-10161-10321
Buenaventura REYES Acosta	104-10072-10228
Bugo Gomes da Costa	104-10529-10184
Bui Bo	176-10036-10078
Bui Van Luong	176-10037-10494
Bundy	104-10306-10010
Bundy	104-10306-10011
Bundy	104-10306-10011
Bundy	104-10306-10011
Bundy	104-10306-10016
Bundy	104-10306-10020
Bundy	176-10011-10152
Bundy	176-10036-10173
Burke	180-10131-10324
Burke Hedges	104-10165-10004
Burkett, Harold G.	104-10111-10104
Burton Lifschultz	124-10284-10155
Burton Wides	157-10002-10105
Bushnell	104-10216-10159
Butler	104-10290-10190
Buu Hoi	176-10036-10116
Buu Hoi	176-10036-10135
Byron CAMERON	104-10308-10029
C'Shen	104-10120-10301
C. A. Heine	104-10077-10076
C. DE SIMONE	104-10070-10272
C. Eric Lincoln	104-10433-10209
C. J. Quilter	198-10004-10207
C. J. Quilter	198-10009-10098
C. King	104-10170-10096
C. Lloyd Egner	198-10007-10029
C. REID	104-10180-10138
C. T. DOLLAR	104-10161-10144
C. T. Dollar	104-10161-10154
C. TRACY BARNES	198-10007-10029
CADELAIDA (MARTINEZ) ANDREADES	104-10172-10137
CAEL	177-10001-10061
CAINAS Milanes	124-90041-10023
CALIEJEIRAS Y DELGADO	104-10234-10083
CALVELLA	104-10186-10410
CALVET Munshey, Eriuge Jose	104-10072-10212
CANDIDO NORBERTO	104-10070-10272
CANGAN	104-10119-10183
CANTO DOMINGO	104-10170-10059
CANTRELL	104-10216-10000
CANTWELL, Robert B.	104-10111-10044
CANTWELL, Robert B.	104-10111-10045
CAR RILLO	104-10232-10019
CARACUS	104-10180-10165
CARDSTROM, Tacy A.	104-10111-10044
CARLOS "TRIPA" ARTECONA	104-10170-10036
CARLOS (CUPANCA) GARCIA	104-10076-10374
CARLOS (DIAGO)	104-10075-10042
CARLOS (EVANS) ROMAN	104-10076-10295
CARLOS (TEPEDINO) GONZALEZ	104-10517-10121
CARLOS ALBERTO BECERRA	104-10070-10272
CARLOS CRUZ MORALES	104-10093-10279
CARLOS FANQUI	104-10070-10272
CARLOS FERNANDEZ CAMPOS	104-10229-10002
CARLOS HEVIA	104-10231-10418
CARLOS MALPICA	104-10070-10272
CARLOS PRIO SOCARRAS	104-10221-10222
CARLOS PULIDO	124-10284-10171
CARLOS RAFAEL RODRIGUEZ	104-10070-10272
CARLOS RODRIGUEZ	104-10231-10418
CARLOS SANCHEZ VIAMONTE	104-10070-10272
CARLOS SISO	124-10284-10171
CARLOS TEPEDINO GONZALES	104-10183-10044
CARLSTROM, Tacy A.	104-10111-10045
CAROL C STEEVES	104-10095-10075
CAROL C STEEVES	104-10095-10161
CAROLE T CUDNEY	104-10095-10161
CAROLET GUDNEY	104-10095-10075
CARRILLO	104-10183-10240
CARRILLO	104-10227-10150
CARRILLO	104-10517-10120
CARY	104-10171-10138
CASTRILLO	104-10236-10056
CASTRO	104-10049-10362
CASTRO	104-10098-10404
CASTRO	104-10167-10083
CASTRO	104-10170-10121
CASTRO	104-10171-10039
CASTRO	104-10177-10047
CASTRO	104-10179-10121
CASTRO	104-10183-10039
CASTRO	104-10185-10117
CASTRO	104-10227-10046
CASTRO	104-10234-10069
CASTRO	104-10234-10083
CASTRO	104-10265-10118
CASTRO	104-10290-10168
CASTRO	104-10527-10424
CASTRO	124-90124-10092
CATRILLO	104-10232-10004
CELERINO CANO	104-10070-10272
CELINA	104-10076-10277
CELSO BRANT	104-10070-10272
CEMENTER FELLER	104-10072-10212
CERENZASON, Vernon J.	104-10072-10212
CESAR BARO	104-10226-10090
CESAR BARO	104-10231-10418
CESAR BARO	104-10298-10095
CESAR DEL ANGEL FUENTES	124-10279-10020
CESAR RUBIO BOXCO	104-10172-10059
CHABLES J. RYAN	104-10068-10164
CHAMBERS, Austin G	104-10111-10044
CHAMBERS, Austin G.	104-10111-10045
CHAMDETTY Fernandez, Armando	104-10072-10212
CHARLES	104-10241-10250
CHARLES B VICKERS	104-10095-10161
CHARLES BRYANT	124-90155-10008
CHARLES CHALLANDES	104-10221-10222
CHARLES H BURLEIGH	104-10095-10075
CHARLES HO BURLEIGH	104-10095-10161
CHARLES K JETT	104-10095-10075
CHARLES K JETT	104-10095-10161
CHARLES KATEK	124-90092-10016
CHARLES MAECHIN	124-10326-10149
CHARLES MARCHIN	124-10326-10191
CHAS FOA	104-10183-10022
CHASE, Pamela W.	104-10111-10044
CHASE, Pamela W.	104-10111-10045
CHEREPANOV	104-10210-10020
CHEREPANOV	104-10534-10173
CHERRERA	104-10076-10371
CHIARI	104-10227-10046
CHIBA Hido	104-10064-10012
CIA William A. Tidwell	198-10009-10099
CID Colon, Dinas	104-10072-10212
CIGUEL MANCIA MADRID	104-10183-10267
CLABE	177-10001-10061
CLARA MOLINA CABRERA	104-10229-10002
CLARK JUNG	124-90092-10002
CLEMENTE INCLAN	104-10070-10272
CLEMENTINA BATALLA DE BASSOLS	104-10070-10272
CLERGE Fabra	104-10072-10228
CLIDENOR FREITAS	104-10070-10272
CLINTON	104-10180-10162
CLIRE LOUTH LUCE	104-10120-10657
CLOADEN	104-10234-10155
CLYDE I HINKLEY	104-10095-10075
CLYDE LNKIFY	104-10095-10161
COCO	104-10160-10207
COCO	104-10237-10120
COL ARRIAGA	104-10185-10171
COMSTVAS Guaren, Tulin Gutta E-110	104-10072-10212
CONTE AGUERO	104-10227-10150
CONTE AGUERO	104-10228-10419
CONTE AGUERO	104-10232-10004
CONTE AGUERO	104-10232-10019
CONTE AGUERO	104-10236-10056
CONTE Aguero	104-10171-10039
CORDERO	104-10101-10134
COS	104-10236-10053
COSTA Conchez, Jacinto Luis	104-10072-10212
COTO Coronado, Rofeel Angel	104-10072-10212
COWEY, Ross E.	104-10111-10044
COWEY, Ross E.	104-10111-10045
CRAVEN	104-10183-10233
CRESCENCIO HERRERO HERNANDEZ	104-10228-10419
CRISTIAN CADEMAARTORI	104-10070-10272
CROIX, WILLIAM PENDLETON	104-10213-10202
CROZIER, R. L.	104-10112-10450
CRUZ, RIGOBERTO	104-10510-10141
CSTLER	104-10209-10025
CTBAN	104-10101-10198
CUANT UM/51	104-10076-10374
CUAUHTEMOC CARDENAS	104-10070-10272
CUCHO FLEITES	104-10231-10418
CUERTLER	104-10076-10374
CUNNINGHAM, Robert M.	104-10113-10181
CUTELL Maga, Diez Jose	104-10072-10212
CUTTER Emile, Laureano	104-10072-10212
CYNTHIA CHLEBICKI	104-10215-10018
CYNTHIA HAUSMANN	104-10095-10075
CYNTHIA HAUSMANN	104-10095-10161
Cabbage/1	104-10226-10045
Cabbage/4	104-10226-10045
Cabrera	104-10179-10134
Cabrera	104-10179-10136
Cabrera Infante	104-10179-10182
Cabrera Infante	104-10275-10176
Cachin	104-10074-10007
Cafferty, George O	104-10111-10104
Caiel CORALES	104-10237-10120
Cal Hicks	104-10216-10171
Cal Tenney	124-10369-10022
Califano	198-10007-10021
Calixto Bergnes Braudet	104-10172-10062
Callahan	124-10326-10103
Callahan	124-10326-10104
Callahan	124-10369-10022
Callahan	124-90060-10015
Calvin Thomas	104-10181-10117
Calvin W. Hicks	104-10120-10271
Calvin W. Hicks	104-10120-10273
Calvin W. Hicks	104-10120-10275
Calvin W. Hicks	104-10250-10035
Camilio Cienfuegos	104-10102-10237
Camilio Cienfuegos	104-10103-10112
Camilo Chavez	104-10062-10227
Camilo Chavez Melgoza	104-10062-10227
Camilo Cienfuegos	119-10021-10413
Camilo Cienfuegos	198-10007-10021
Camilo Cienfuegos	198-10008-10119
Camilo Domenech Gadea	104-10180-10050
Campito	104-10171-10034
Candido DIAZ	104-10234-10105
Candido Diaz	104-10234-10050
Candido Diaz	104-10234-10102
Cannon	104-10306-10011
Caonabo Javier	104-10192-10110
Capt Eduardo (Rodriguez) Campbell	104-10076-10442
Captain Perez	180-10143-10227
Captain Rogers	104-10217-10000
Captain SALAS	104-10179-10113
Caraen ROMEROSO Soa	104-10183-10276
Cardinal Cicognani	104-10306-10007
Cardinal Spellman	104-10232-10018
Cario Garcia Gonzalez	104-10170-10051
Carl Djerassi	104-10165-10077
Carl Hovgard	104-10070-10296
Carl Hummelsine	178-10003-10001
Carl Oglesby	104-10064-10012
Carl Oglesby	104-10064-10012
Carl T. Updill	104-10169-10139
Carl Trettin	104-10172-10105
Carl Twitchell	157-10011-10048
Carl Volker	124-10281-10028
Carlioni	104-10185-10030
Carlos	104-10073-10101
Carlos *LOPEZ Avalos	104-10308-10127
Carlos A. Huller	104-10170-10051
Carlos A. TINDCO Montiel	104-10183-10276
Carlos A. VARONA ARJONA	104-10231-10042
Carlos A. VARONA ARJONA	104-10231-10042
Carlos Alberto FLORES Hernandez	104-10183-10276
Carlos Alejos	104-10227-10271
Carlos Alfaraz	104-10181-10099
Carlos Amador	104-10062-10227
Carlos Andres Perez	104-10170-10121
Carlos Arosemena	104-10235-10018
Carlos Arturo VARONA Arjona	104-10237-10120
Carlos BANDIN Cruz	104-10048-10124
Carlos BANDIN Cruz	104-10072-10289
Carlos BARO	104-10171-10039
Carlos Badias Vazquez	104-10170-10051
Carlos Blanco	180-10110-10100
Carlos Bravo	104-10170-10051
Carlos CASTILLO Armas	104-10072-10001
Carlos Cibrian	104-10230-10153
Carlos Contreras	104-10172-10107
Carlos Danielli	177-10001-10305
Carlos DiQuesne	104-10170-10051
Carlos FIGARELLO	104-10163-10019
Carlos FODD y Lobo	104-10072-10289
Carlos Fernando GALBAN Perez	104-10308-10023
Carlos Fonseca Amador	198-10005-10018
Carlos GUDINO-KARGAIN	104-10105-10290
Carlos Garcia Soler	104-10170-10051
Carlos Hilario Gonzalez	124-10284-10172
Carlos I. BRAVO RODRIGUEZ	104-10231-10042
Carlos Ibanez del Campo	104-10177-10219
Carlos LAC	104-10163-10019
Carlos LANDIN Cruz	104-10221-10310
Carlos LBENGA	104-10179-10104
Carlos LECHUGACY	104-10072-10228
Carlos LOSADA	124-90041-10023
Carlos LUNA	104-10131-10010
Carlos M. PEREZ HEIDAICH	104-10231-10042
Carlos MARTINEZ Ortis	104-10183-10276
Carlos MARURI	104-10179-10104
Carlos MONTALVANO	104-10048-10124
Carlos MONTALVANO	104-10072-10289
Carlos MOURIN	104-10179-10104
Carlos Manuel CACERES-Blay	104-10073-10074
Carlos Manuel Pellecer	198-10007-10022
Carlos Manuel de VARCHA Segura	104-10237-10120
Carlos Novia	104-10170-10112
Carlos OLIVARES	104-10074-10413
Carlos Obregon	104-10170-10051
Carlos Olivares	104-10269-10079
Carlos PAZ Tejada	104-10072-10001
Carlos PEDEMONTE	104-10073-10074
Carlos PEDRAZA	104-10234-10105
Carlos PRADO	104-10171-10003
Carlos PRIO	104-10172-10105
Carlos Pedraza	104-10103-10112
Carlos Pellecer	104-10248-10203
Carlos Poveda	104-10172-10062
Carlos Prie Socarras	124-10213-10483
Carlos Prio	104-10308-10044
Carlos Prio Socarras	104-10073-10133
Carlos Prio Socarras	104-10167-10190
Carlos Prio Socarras	104-10170-10091
Carlos Prio Socarras	104-10170-10112
Carlos Prio Socarras	124-90135-10074
Carlos Prío	104-10186-10099
Carlos Prío	104-10186-10309
Carlos Quiroga	104-10174-10072
Carlos RODRIGUEZ Teller	104-10177-10225
Carlos RODRIGUEZ-SANTANA ESTEVEZ	104-10231-10042
Carlos Rafael Rodriguez	104-10302-10020
Carlos Rafael Rodriguez	104-10308-10163
Carlos TEPEDINO	104-10216-10199
Carlos TODD y Lobo	104-10048-10124
Carlos TODD y Lobo	104-10221-10310
Carlos Tepedino	124-10280-10030
Carlos Torres Hevic	104-10177-10219
Carlos VALDES Gonzalez	104-10177-10225
Carlos Valdesuso Rodriquez	104-10170-10051
Carlos de VARONA	104-10160-10207
Carlos de VARONA	104-10237-10120
Carmen Rodriguizy MENDOZA	104-10121-10191
Carolyn O. Stacey	104-10066-10076
Carolyn O. Stacey	104-10095-10276
Carrillo	124-10280-10030
Carroll	104-10306-10007
Carter	104-10187-10014
Carter	104-10306-10010
Casanova Emilia	104-10129-10002
Case, Harold C.	104-10172-10112
Casimiro BARQUIN	104-10105-10290
Casimiro BARQUIN	104-10105-10290
Casper	124-10326-10103
Casper	124-10326-10104
Casper	124-90060-10015
Castro	104-10061-10053
Castro	104-10077-10153
Castro	104-10097-10360
Castro	104-10100-10251
Castro	104-10101-10175
Castro	104-10101-10227
Castro	104-10102-10224
Castro	104-10103-10079
Castro	104-10103-10112
Castro	104-10114-10162
Castro	104-10119-10183
Castro	104-10171-10047
Castro	104-10174-10037
Castro	104-10179-10025
Castro	104-10179-10182
Castro	104-10183-10260
Castro	104-10187-10103
Castro	104-10192-10284
Castro	104-10215-10004
Castro	104-10232-10018
Castro	104-10234-10050
Castro	104-10263-10111
Castro	104-10290-10190
Castro	104-10290-10273
Castro	104-10302-10030
Castro	104-10306-10010
Castro	104-10306-10016
Castro	104-10307-10024
Castro	104-10308-10053
Castro	104-10527-10212
Castro	119-10021-10413
Castro	124-10284-10155
Castro	124-10291-10236
Castro	157-10002-10106
Castro	177-10002-10069
Castro	177-10002-10070
Castro	177-10002-10101
Castro	178-10004-10053
Castro	178-10004-10054
Castro	198-10005-10018
Castro	198-10007-10013
Castro	198-10007-10021
Castro	198-10007-10022
Castro	202-10001-10203
Castro	202-10002-10124
Castro, Fidel	104-10172-10112
Catherine L.	104-10250-10035
Catherine Marie Srom3207	104-10169-10135
Catherine TAAPS	104-10167-10083
Catherine Van Combos	104-10188-10015
Cavaldo RAMIREZ	104-10227-10150
Cavanagh	104-10306-10007
Cavin	176-10033-10145
Cecil Cartwright	104-10179-10025
Cecil GOUT	104-10105-10290
Cecilia LAVILLA Gonzalez	104-10171-10039
Cecilio PEREZ Ramos	104-10183-10347
Cecolo, Joseph S.	104-10129-10033
Ceferino Alvarez	104-10308-10044
Celebrezze	104-10306-10018
Celia Rodriguez Ruiz	104-10093-10065
Celio MORILLOS Ramos	104-10183-10347
Cesar Augusto Villareal Cabezas	198-10005-10018
Cesar Batres	104-10165-10084
Cesar Del Angel Fuentes	124-10279-10018
Cesare Lacchi	104-10247-10064
Cesare Zacchi	104-10234-10007
Charles	104-10171-10138
Charles	104-10216-10398
Charles A. BERTELLI	104-10121-10191
Charles A. Moore	104-10130-10343
Charles Anderson III	104-10095-10161
Charles Angelo BERTELLI	104-10105-10290
Charles B. WIESINGER	104-10069-10185
Charles Beckman	104-10192-10154
Charles Bohrer	104-10106-10300
Charles Bray	104-10413-10053
Charles C. F. Spry	104-10012-10079
Charles C. PARLIN	104-10106-10716
Charles C. White	104-10129-10002
Charles DOH	104-10106-10716
Charles E. FLICK	104-10105-10290
Charles E. FLICK	104-10105-10290
Charles Edward MART	104-10105-10290
Charles F. DIEN	104-10188-10015
Charles F. HIPPEN	104-10187-10009
Charles F. Niles	104-10106-10547
Charles F. Reimer	104-10529-10367
Charles Flick	104-10095-10161
Charles GRIFFIN	104-10048-10124
Charles GRIFFIN	104-10072-10289
Charles GRIFFIN	104-10221-10310
Charles Henry GELCARO	104-10105-10290
Charles J. Francis	104-10194-10024
Charles Joseph SHIPLEY	104-10105-10290
Charles KEELY	104-10048-10124
Charles KEELY	104-10072-10289
Charles KEELY	104-10221-10310
Charles Kane	104-10106-10300
Charles Kays	157-10011-10048
Charles Lufborrow	104-10177-10225
Charles M. Davis	104-10194-10024
Charles MATT	104-10110-10242
Charles MATT	104-10110-10243
Charles Matt	104-10110-10245
Charles Natit	104-10298-10184
Charles P. DEXTER	104-10120-10381
Charles P. White	104-10291-10009
Charles Penney	104-10174-10037
Charles Penney	104-10174-10038
Charles Phalen	104-10106-10300
Charles Phalen	104-10106-10312
Charles Phalen	104-10418-10202
Charles Reimer	104-10100-10237
Charles Spry	104-10012-10078
Charles Sternberg	104-10171-10136
Charles Thone	104-10408-10078
Charles W. Fane	104-10250-10199
Charles W. Kane	104-10122-10307
Charles W. Kane	104-10250-10200
Charles Williamson	104-10122-10344
Charles Yech, Jr.	104-10162-10107
Charleton Beals	104-10175-10176
Charlie Beall	104-10110-10245
Charlie Danish	104-10215-10004
Charlie Davis	104-10183-10232
Charlotte Aberg	124-10163-10134
Charlotte BERGHOLTZ	104-10176-10020
Charlotte Thurber	104-10064-10012
Chau Killer	104-10232-10018
Che	198-10007-10021
Che GUEVARA	104-10171-10003
Che GUEVARA	104-10308-10029
Che Guevara	104-10075-10365
Che Guevara	104-10102-10237
Che Guevara	104-10103-10112
Che Guevara	104-10170-10121
Che Guevara	104-10215-10128
Che Guevara	104-10216-10398
Che Guevara	104-10234-10007
Che Guevara	104-10247-10064
Che Guevara	104-10247-10097
Che Guevara	104-10308-10163
Che Guevara	104-10338-10018
Che Guevara	104-10506-10028
Che Guevara	119-10021-10413
Che Guevara	124-90135-10074
Che Guevara	177-10001-10305
Che Guevara	177-10002-10012
Che Guevara	198-10005-10018
Che Guevara	198-10008-10119
Che Guevara	198-10009-10098
Che Guevara	198-10009-10099
Che Guevera	104-10177-10206
Cheddi Jagan	104-10338-10018
Cheddi Jagan	198-10005-10018
Cheddi Jagan	198-10008-10119
Cheever	104-10306-10010
Chelin	104-10171-10003
Chelnekov	104-10332-10009
Chen Cheng	176-10036-10102
Chen Yi	104-10302-10030
Chen Yi	177-10002-10102
Chenault	104-10306-10018
Chenault	177-10002-10101
Chernomyrdin	104-10326-10092
Chester BOWLES	104-10170-10051
Chester Bowles	104-10051-10106
Chester Bowles	104-10132-10092
Chester Bowles	104-10133-10437
Chester Bowles	104-10209-10259
Chester Bowles	104-10300-10124
Chester Bowles	104-10418-10378
Chester Bowles	104-10437-10079
Chester E. Fagerlund	104-10169-10139
Chester R. HOATSON	104-10250-10199
Chiang Ching-kuo	104-10306-10007
Chiang Kai-shek	104-10173-10134
Chiang Kai-shek	104-10306-10007
Chiari	104-10235-10018
Chief, WH/A/PA	104-10228-10076
Childers, Joe E.	104-10111-10104
Chino MOLE	104-10308-10086
Chique MONTES	104-10073-10074
Choe Tu-son	104-10290-10190
Chou En-lai	104-10302-10030
Chou En-lai	177-10002-10097
Chou En-lai	177-10002-10102
Chretien	104-10306-10011
Christ, David	104-10111-10104
Christina Margarita Keogh	124-10273-10104
Christina Margarita Keogh	124-10281-10028
Christine Hopkins	104-10413-10306
Christopher J. Dodd	104-10408-10078
Christos S. Gikas	104-10130-10485
Cira MARTINEZ	104-10179-10104
Cirita Lopez Cejas	124-90135-10074
Ciro Arturo RUI! Torres	104-10183-10276
Clara	104-10163-10136
Clara ARTIME	104-10171-10003
Clara Alvarez Perez	104-10170-10051
Clara Barker	104-10163-10065
Clara Delaster	124-10291-10319
Clara L. Martí Nodal	104-10230-10153
Clarence	104-10169-10269
Clarence Boonstra	180-10110-10100
Clarence E. HOWARD	104-10120-10381
Clarence Fielden Jones	104-10433-10209
Clarendon	104-10183-10347
Clark	104-10070-10296
Clark	104-10227-10150
Clark	104-10232-10004
Clark	104-10232-10019
Clark	104-10236-10056
Clark Clifford	124-10325-10318
Clark Drouillard GOODMAN	104-10106-10716
Clark Simmons	104-10226-10045
Clastonbury	104-10172-10278
Claude Bourdet	104-10064-10012
Claude M. Lightfoot	104-10433-10209
Clauido OROZCO CRESPO	104-10231-10042
Clay Kallander	104-10120-10276
Clay Kallender	104-10120-10297
Clayton Kallander	104-10123-10097
Clayton Kallander	104-10131-10016
Cleanon Edward	104-10105-10290
Cleffi	104-10213-10352
Cleffi	104-10408-10078
Clemard Joseph Charles	104-10217-10000
Clement BROCK	104-10188-10015
Clemente HERNANDEZ	104-10161-10321
Clete Roberts	104-10174-10038
Clethus Winton BARTLEY	104-10105-10290
Cleveland C. Cramer	104-10226-10045
Cliburn, Van	104-10172-10112
Cliff Roberts	104-10069-10077
Clifford	104-10306-10011
Clifford	178-10004-10053
Clifford	178-10004-10054
Cline	104-10306-10011
Cline	104-10306-10018
Cline	104-10306-10020
Clinton	104-10180-10165
Clinton Adlum	104-10338-10018
Clinton M. Jenks	124-90140-10012
Clodomir dos Santos Morais	177-10001-10305
Cloyd Smith	104-10248-10203
Clurman	104-10306-10011
Cody Maduro	104-10180-10178
Coiran, Roger	104-10111-10104
Col Arriaga	104-10186-10037
Col. Esteban VENTURA Novo	104-10073-10101
Col. Farn Kail	104-10217-10000
Col. Grogan	104-10306-10020
Col. Haig	119-10021-10413
Col. Jean Gardeneral	104-10069-10132
Col. Kail	104-10069-10185
Col. King	104-10167-10083
Col. Trudencio Ulibarri	104-10069-10185
Colby	104-10306-10011
Colin R. HOWGRIND	104-10104-10172
Collin E. Ostrander	104-10170-10037
Colonel Edwards	157-10011-10048
Colonel Feralta	104-10183-10259
Colonel Grogan	104-10306-10007
Colonel King	104-10049-10362
Colonel King	104-10265-10118
Colonel LERALDO	104-10171-10138
Colonel Porres	104-10183-10259
Comandante William	104-10183-10325
Commander Olivio Pino	104-10215-10128
Comte	104-10306-10011
Comte	104-10306-10011
Conchita FERNANDEZ	104-10072-10228
Cond 6. SEFISIER	104-10110-10242
Conein	176-10036-10173
Congliata De la Nora	104-10172-10107
Congressman Rogers	104-10217-10000
Conniff	104-10306-10011
Conrad	124-10326-10103
Conrad	124-10326-10104
Conrad	124-10369-10022
Conrad	124-90060-10015
Conrad Bequer Diaz	104-10179-10088
Conrad Bequer Diaz	104-10180-10062
Conrad SCHLUMBERGER	104-10106-10716
Conrad V. Lapolla	104-10169-10139
Conrado FERNANDEZ Morales	104-10122-10147
Considine	104-10306-10011
Constance M. QUILHOT	104-10183-10325
Constantine DE GARDER	104-10105-10290
Consuelo C. de RIVAS	104-10171-10003
Conte Aguero	104-10232-10018
Contreras	104-10308-10168
Conway	104-10306-10011
Cooke	198-10007-10021
Coomer	104-10174-10037
Cooper	104-10306-10011
Coordre, Francie L.	104-10111-10104
Corbat	104-10177-10219
Cordova ARMANDO	104-10048-10252
Cornelis Bijpus	104-10093-10266
Cornwell	104-10413-10306
Cornwell, G.	180-10131-10324
Corrald JMK MULANE	104-10105-10290
Costa Rican	104-10215-10004
Cotter	124-10326-10104
Cottrell	104-10306-10016
Cottrell	176-10036-10073
Coty BOLORZANO	104-10072-10228
Cours Wood	104-10114-10152
Court Foster Wood	104-10114-10162
Court WOOK	104-10128-10300
Court Wood	104-10114-10160
Court Wood	104-10114-10161
Courtney OWENS	104-10124-10149
Cowles	104-10306-10011
Coyne	178-10004-10054
Cregar	124-10273-10070
Cremos	104-10179-10104
Crespo	104-10169-10269
Creste Tamayo Munos	104-10075-10373
Crhardt, Walter	104-10111-10104
Crick	104-10306-10011
Criscoll, Ritet P.	104-10111-10104
Cristobal Martinez	104-10172-10001
Critchfield	104-10306-10011
Crocky Br	104-10177-10206
Croix, William Pendleton	104-10408-10078
Crombet	104-10216-10398
Crombet	104-10247-10097
Crowley	104-10069-10120
Cuan Mercado Munoz	104-10177-10219
Cuando DEEREST	104-10110-10242
Cuca	104-10171-10003
Cuchi	104-10171-10003
Culver Ladd	104-10179-10182
Culver Ladd	104-10275-10176
Cundaris ASALIS	104-10105-10290
Cunninghan	104-10177-10219
Cunninghar, Pagh	104-10111-10104
Curtis Mackian	104-10332-10009
Cusa Lecou	104-10171-10136
Cynthia Hausmann	104-10095-10161
Cyrille Adoula	176-10036-10023
Cyrus Eaton	104-10119-10040
Cyrus R. Vance	202-10002-10124
Cyrus Vance	104-10306-10018
Cyrus Vance	104-10310-10020
Czajkowski	104-10226-10117
Czeslaw SLOWAKIEWICZ	104-10102-10233
Czeslaw SLOWAKIEWICZ	104-10103-10103
D'EDKOV, Roman Fedorovich	104-10006-10247
D'EDKOV, Vilasa Nikolaevna	104-10006-10247
D. Fielder	104-10229-10002
D. J. BRENNAN	124-90137-10284
D. J. Brennan	124-90138-10004
D. J. Brennan, Jr	124-10326-10103
D. J. Brennan, Jr	124-90139-10002
D. J. Brennan, Jr.	124-10273-10104
D. J. Brennan, Jr.	124-10369-10022
D. J. Hogan	104-10216-10159
D. J. SEMENOV	104-10413-10306
D. L. Wheeler	104-10069-10077
D. R. Dunn	104-10216-10159
D.A. Hardway	104-10188-10015
DAI HOID	104-10234-10155
DAIBOLD	104-10077-10356
DALTON	104-10183-10260
DALTON	104-10187-10110
DALTON	104-10187-10113
DALTON	104-10187-10117
DALTON	104-10187-10146
DALTRY Galarry, Conlely Feiro Duntano	104-10072-10212
DAMICONE	104-10183-10437
DAN	104-10183-10260
DANIEL BROMUND	104-10095-10075
DANIEL BROMUND	104-10095-10161
DANIEL C NIESCHIUR	124-90092-10016
DANIEL IZQUIERDO	104-10075-10200
DANIEL J DAIUTO	104-10095-10075
DANIEL J DAIUTO	104-10095-10161
DANIEL O'NEILL	124-90092-10016
DANIELOR DICKOK	104-10095-10161
DANIELOR DICKOW	104-10095-10075
DANILO POZO CASTRO	104-10183-10376
DASHAPO/5	104-10234-10155
DAVID A PHILLIPS	104-10095-10075
DAVID A PHILLIPS	104-10095-10075
DAVID A PHILLIPS	104-10095-10161
DAVID ALFARC SIQUEIROS	124-10279-10258
DAVID GREENDLINGER	124-90037-10081
DAVID PHILLIPS	124-10239-10171
DAVID R. MCCLAIN	124-10221-10231
DAVID R. MCLEAN	124-10221-10229
DAVIS, Rudolph Richard	104-10115-10074
DCHAR	104-10167-10127
DCI	104-10306-10011
DCI Gates	104-10337-10014
DE LA TORRE	104-10076-10371
DECKER	104-10179-10025
DEEMOND FITZARRALD	104-10527-10424
DEFFREEO	104-10077-10285
DELADISE	104-10186-10410
DELFIA (MOLINA) GONZALEZ	104-10076-10295
DELORRY	104-10234-10148
DELUCOSE	104-10171-10138
DEMIGOD	104-10185-10024
DERMOND FITZGERAL	104-10100-10411
DERYABIN	104-10210-10020
DERYABIN	104-10413-10306
DERYABIN	104-10534-10173
DESIGNET	104-10100-10086
DESIGNET	104-10528-10052
DESMOND FITZGERALD	104-10077-10266
DESMOND FITZGERALD	104-10078-10014
DESMOND FITZGERALD	104-10101-10109
DESMOND FITZGERALD	104-10183-10436
DESMOND FITZGERALD	104-10185-10253
DESMOND FITZGERALD	104-10216-10397
DESMOND FITZGERALD	104-10218-10083
DESMOND FITZGERALD	104-10234-10069
DESMOND FITZGERALD	104-10290-10038
DESPOND FITZGERALD	104-10216-10338
DH.WOLDORF	104-10250-10267
DI PACCE	104-10178-10334
DI UBALDO	104-10183-10437
DIAZ	104-10075-10200
DIAZ SILVEIRA	104-10236-10054
DIEM	176-10036-10134
DIEM	176-10036-10142
DIEM	176-10036-10143
DIGGS	124-90124-10055
DIMASO (GONZALEZ) FERNÁNDEZ	104-10172-10137
DIMMER, JOHN	124-10158-10061
DINGEMAN	177-10001-10061
DIRECTOR	104-10093-10266
DIRECTOR, FBI	124-10279-10209
DJ. Connor	104-10069-10112
DO CAO TRI	176-10036-10142
DOHN H WILLIAMS PARKER	124-90092-10016
DOLORES SANCHEZ	104-10095-10075
DOLORES SANCHEZ	104-10095-10161
DOMIGO	104-10183-10347
DONALD E. WALTER	124-90155-10008
DONALDSON, Mary A.	104-10111-10044
DONALDSON, Mary A.	104-10111-10045
DOREEN PETERSON	104-10412-10005
DOROTHY J HENNICK	104-10095-10161
DOROTHY J MENNICK	104-10095-10075
DORTICOS	104-10181-10152
DOUGLAS FEINGLASS	104-10095-10161
DOUGLAS J FEINGLASS	104-10095-10075
DR FRANCISCO (RENE DE LA MUERTA) AQUIAR	104-10076-10374
DR MARIO ENRIQUE (YAPTIVEZ) DELGADO	104-10076-10374
DRHORAS	104-10227-10046
DROLLER (aka, Binder)	104-10119-10183
DUDLEY R. WILLINGS	104-10221-10310
DULA	104-10183-10262
DUONG VAN MINH	176-10036-10134
DUONG VAN MINH	176-10036-10142
DUQUE	104-10169-10265
DUVAL	104-10221-10222
DVORKIN	104-10210-10020
DVORKIN	104-10534-10173
DYLINO	176-10037-10453
DYVOUR PERUMEN	104-10165-10169
Dale Schwant	104-10308-10163
Dalton	104-10187-10103
Dalton C. Smith	104-10177-10206
Dan Hardway	104-10187-10009
Dan Rowan	157-10002-10106
Dang Dinh Linh	176-10036-10094
Daniel (RODRIGUEZ) Santos	104-10308-10062
Daniel BURUEZO AROCHA	104-10231-10042
Daniel C.	104-10250-10035
Daniel Flores	104-10117-10075
Daniel Flores	104-10117-10076
Daniel Flores	104-10185-10228
Daniel Hanna	104-10177-10206
Daniel J. Bogan	104-10216-10234
Daniel J. Hogan	104-10216-10171
Daniel J. Snyder	104-10177-10206
Daniel J. Whealton	104-10070-10296
Daniel K. Inouye	104-10012-10035
Daniel K. Inouye	104-10431-10102
Daniel M. WILSTED	104-10079-10391
Daniel Mallette	104-10433-10209
Daniel McLina	104-10180-10044
Daniel R. Niesciur	104-10291-10003
Daniel SCHIANBERGER	104-10106-10716
Daniel Saravia Quiroz	177-10001-10305
Daniels	104-10306-10011
Danilo Basi	104-10177-10219
Danilo Mesa	124-10285-10254
Danjel Flores	104-10185-10243
Dave CHRIST	104-10111-10094
Dave Dellinger	104-10064-10012
Dave MCLEAN	104-10161-10321
Dave McDonald	104-10122-10344
Dave Morales	104-10167-10083
Dave Phillips	104-10114-10161
Dave Watts	104-10217-10228
David	104-10012-10024
David	104-10075-10225
David	104-10188-10015
David A. Phillips	104-10229-10002
David A. Phillips	104-10308-10208
David Alfaro Siqueiros	104-10187-10030
David Atlee PHILLIPS	104-10128-10300
David Atlee Phillips	157-10002-10165
David Atlee Phillips	180-10110-10100
David Bjorn BERGETION	104-10105-10290
David C. Goodrich	104-10120-10378
David C. HALPERIN	104-10172-10111
David CABEZA Coupau	104-10234-10105
David Chachavadze	180-10143-10227
David Christ	104-10111-10079
David Cohen	104-10332-10020
David E. Murphy	104-10106-10300
David E. Murphy	104-10174-10072
David EcReynolds	104-10064-10012
David Glass	124-90110-10083
David H. Blee	104-10012-10022
David H. Blee	104-10322-10056
David H. Blee	104-10431-10091
David HALPERIN	104-10172-10107
David Hanlon	124-90139-10050
David L. Christ	104-10095-10276
David L. Christ (alias Carswell)	104-10066-10076
David Lacterman	104-10114-10160
David M. Curry	104-10177-10206
David M. WILSTED	104-10413-10053
David Martell Mendez	104-10062-10227
David McGrath	104-10263-10111
David N. Edger	104-10332-10020
David P. Christ	104-10111-10086
David Phillips	104-10095-10161
David R. Mulfall	104-10169-10139
David R. Traylor	104-10059-10099
David Rosenberg	104-10167-10297
David S. Koples	104-10121-10263
David S. MORALES	104-10105-10290
David S. MORALES	104-10121-10191
David SALVADOR	104-10163-10065
David SALVADOR	104-10163-10136
David W. Carey	104-10332-10023
David WILSTID	104-10095-10161
David, Thomas J.	104-10172-10112
Davis	104-10174-10036
Davis B. Powell	104-10194-10024
Davis Powell	104-10173-10130
Davis Powell	104-10173-10132
Dayton S. ("Doc") Barrows	104-10110-10245
De Gaulle	104-10302-10030
De Gaulle	177-10002-10069
De Gaulle	177-10002-10070
De LORIE	104-10167-10083
DeLoach	124-10326-10103
DeLoach	124-10326-10104
DeLoach	124-90060-10015
Dean Rusk	104-10170-10121
Dean Rusk	104-10173-10135
Dean Rusk	104-10306-10016
Dean Rusk	177-10002-10069
Dean Rusk	177-10002-10070
Decore Mason	104-10093-10065
Def	104-10306-10011
Delarmino Castilla	104-10171-10013
Delicia Fara	104-10075-10373
Delio Gonzalez	104-10170-10051
Delorry	104-10234-10007
Demitri LEVITSKY	104-10120-10381
Denis Vasilyevich PERELETOV	104-10172-10279
Dennis Lamb	104-10332-10009
Dennis SULLIVAN	104-10105-10290
Derario DIY Van Der Outch	104-10179-10104
Derwin Ferguson UTTERELL	104-10176-10015
Des Fitzgerald	104-10173-10132
Desmond FITZGERAL	104-10161-10321
Desmond FitzGerald	104-10100-10251
Desmond FitzGerald	104-10112-10148
Desmond FitzGerald	104-10161-10226
Desmond FitzGerald	104-10215-10004
Desmond FitzGerald	104-10234-10050
Desmond FitzGerald	104-10306-10018
Desmond Fitzgerald	104-10103-10038
Desmond Fitzgerald	104-10170-10096
Desmond Fitzgerald	104-10173-10130
Desmond Fitzgerald	104-10183-10346
Desmond Fitzgerald	104-10234-10088
Desmond Fitzgerald	157-10011-10083
Desmond Fitzgerald	178-10002-10091
Desmond Fitzgerald	178-10002-10215
Desmond Fitzgerald	178-10002-10279
Desmond Itzgerald	104-10077-10067
Dethleffsen	104-10306-10011
Devine	180-10131-10324
Dewey A. Stinson	104-10170-10146
Dez Fitzgerald	104-10306-10007
DiUbaldo	104-10183-10439
Diaz Lanz	104-10171-10034
Diaz Lanz	104-10171-10047
Dibble	104-10306-10011
Dicas Kooh	104-10121-10174
Dick HELMS	104-10161-10321
Dick Helms	104-10306-10007
Dick Helms	157-10002-10105
Dick Ober	104-10322-10056
Dick Philips	104-10182-10137
Dick Sarma.es	104-10231-10418
Dick Scutt	104-10185-10253
Diego (Borges) Torres	104-10178-10096
Diego Mario GIMENEZ Cadenas	104-10170-10146
Diego S. MIRANDA	104-10105-10290
Diem	104-10302-10030
Diem	104-10306-10020
Diem	176-10036-10073
Diem	176-10036-10095
Diem	176-10036-10098
Diem	176-10036-10115
Diem	176-10036-10131
Diem	176-10036-10139
Diem	176-10036-10173
Diem	176-10036-10179
Diem	176-10037-10491
Diem	176-10037-10493
Diem	177-10002-10097
Diem	177-10002-10103
Dieu Hue	176-10036-10135
Dillon	104-10306-10011
Dillon ANDERSON	104-10106-10716
Dilogio R. LAVANDEIRA TORRIJO	104-10231-10042
Dinh	177-10002-10102
Dioninio PUGARTE	104-10073-10074
Dionisio Arranz Tremols	104-10183-10355
Dirk STRUIK	104-10106-10716
Djilas	104-10105-10271
Dmitriy	104-10173-10104
Do Cao Tri	176-10036-10117
Do Khac Mai	176-10036-10149
Do Mau	176-10036-10149
Doctor Jimenes	104-10076-10277
Doctor Jiveres	104-10075-10225
Dodd, Martha	104-10172-10112
Dodd, Martha	104-10172-10112
Dogu	104-10306-10011
Dolf Luim	104-10185-10248
Dolores DE LA MORA	104-10072-10228
Dolores Herrera Herrera	104-10230-10153
Dolores Ibarruri	104-10074-10007
Dolores Ibarruri	104-10302-10020
Dolores R. CASSAVETIS	104-10074-10413
Domingo	104-10179-10113
Domingo (Chemendia) Escalante	104-10178-10096
Don Gorham	157-10004-10095
Don Heath	104-10095-10161
Don Ranmann	124-90140-10012
Donahoe	124-90137-10067
Donald Arrowmith Boulets	104-10171-10013
Donald D. Never	104-10170-10146
Donald E. Thomas	104-10226-10117
Donald Emerson	104-10101-10135
Donald GREER	104-10120-10381
Donald Keyes	104-10064-10012
Donald M. Wilson	104-10306-10018
Donald R. Dunn	104-10216-10171
Donald Rater	104-10183-10355
Donald VAN CHADDE	104-10105-10290
Donald VAN COURTNEY	104-10105-10290
Donald WEBSTER	104-10160-10207
Donald WEBSTER	104-10237-10120
Donald Warren Waycott	104-10107-10180
Donald Wilson	104-10306-10018
Donnelly	104-10306-10011
Donovan	104-10306-10011
Donovan	104-10306-10020
Donry Derkin	104-10174-10038
Doolittle	178-10004-10053
Doolittle	178-10004-10054
Dorothe Matlack	104-10217-10000
Dorothea K. Matlack	104-10121-10021
Dorothy A. Moran Flores	104-10117-10075
Dorothy Arnett Flores	104-10117-10075
Dorothy Thompson	104-10117-10203
Dorthy	104-10161-10321
Dorticos	104-10171-10220
Dorticos	104-10216-10398
Douglas B. MARSHALL	104-10117-10203
Douglas B. Marshall	104-10116-10261
Douglas C. MISLEY	104-10512-10110
Douglas Dillon	104-10306-10016
Douglas Dillon	104-10306-10018
Douglas Dillon	104-10306-10018
Douglas GUPTON	104-10119-10183
Douglas Root	104-10167-10127
Douglas W. Haldane	104-10177-10206
Douglas-Home	104-10290-10190
Dow H. Inter	104-10107-10180
Dow H. Luetscher	104-10194-10024
Doyle	104-10306-10011
Dr. ......	104-10234-10155
Dr. A. ROMANO	104-10183-10044
Dr. Carlos (Rubi)	104-10076-10442
Dr. Colomer	104-10111-10079
Dr. Emilio Flores Obregon	198-10005-10018
Dr. Emilio Ortega Tapia	198-10005-10018
Dr. Fidencio (Sanchez) Escoto	104-10076-10442
Dr. Godoy	104-10232-10018
Dr. Hans Kunov	104-10219-10154
Dr. Hernan Silva Arguello	198-10005-10018
Dr. Jakob Y. Fischer	104-10219-10143
Dr. James Fearon	104-10122-10147
Dr. Krivenko Gregor	104-10209-10018
Dr. Lipsich	104-10234-10155
Dr. MIRO Cardona	104-10232-10019
Dr. Miro	104-10232-10018
Dr. Oscar (Pina) Hernandez	104-10076-10442
Dr. Osegueda	104-10175-10176
Dr. P. Livico	104-10171-10138
Dr. Rene (Zamora) Carbonell	104-10076-10442
Dr. Rodriguez Couceiro	124-90041-10023
Dr. Winston	104-10185-10248
Dr. Zabaleta Gutierrez	104-10217-10185
Drew PEARSON	104-10102-10233
Drew PEARSON	104-10103-10103
Drew Pearson	104-10216-10075
Driscoll, alter	104-10111-10104
Drone Tenley	104-10121-10174
Duclos	104-10074-10007
Dudley R. JENTONS	104-10069-10185
Dulcido Gonzalez	104-10235-10018
Dulfredo Rua	177-10001-10305
Dulles	176-10011-10152
Dunn	124-90138-10004
Duong Van Minh	176-10036-10113
Duong Van Minh	176-10036-10117
Duong Van Minh	176-10037-10452
Duong Van Minh	176-10037-10453
Duque	104-10169-10269
Duque ESTRADA	104-10179-10104
Duran	180-10143-10100
Duvalier	104-10061-10053
Duvalier	104-10106-10325
Duvalier	104-10186-10088
Duvalier	104-10186-10308
Dwight M. Collins	104-10222-10043
E Mac Amos, Jr.	104-10177-10206
E. A. KANEL	104-10100-10185
E. Cabanes	104-10093-10266
E. H. Watts	104-10174-10072
E. Henry Knoche	104-10506-10028
E. Howard Hunt	104-10105-10271
E. Howard Hunt	104-10105-10277
E. Howard Hunt	104-10105-10290 (C06932214)
E. Howard Hunt	104-10105-10293
E. Howard Hunt	104-10173-10130
E. Howard Hunt	104-10173-10132
E. Howard Hunt	104-10194-10024
E. Howard Hunt	178-10002-10215
E. M. Ashcraft	104-10175-10085
E. Mendoza	104-10248-10203
E. R. Zumwalt, Jr.	198-10007-10022
E. R. Zumwalt, Jr.	198-10008-10119
E.A. Ojeda	104-10172-10107
E.A.MARELIUS	104-10229-10097
EARL ALLEN GOLD	124-90092-10016
EARL K PURKEY	104-10095-10161
EARLK PURKEY	104-10095-10075
ED FOSTER	124-90092-10016
ED LOPEZ	104-10266-10138
ED REINGOLD	104-10179-10209
EDCOVE	104-10167-10127
EDDA (HERNANDEZ) GONZALEZ	104-10172-10137
EDILIO	104-10076-10371
EDMENT	104-10308-10053
EDUARDO (EVANS)	104-10076-10295
EDUARDO ALEMAN	104-10070-10272
EDUARDO CORONA	104-10070-10272
EDUARDO ELINAS M.	104-10070-10272
EDUARDO ESPINOSA Y PRIETO	124-90137-10355
EDUARDO HAMUY	104-10070-10272
EDUARDO HERNANDEZ	124-10221-10231
EDUARDO MX GONZALEZ	124-10284-10171
EDUARDO ROSENKRANTZ	104-10070-10272
EDWARD A. HAREL	104-10100-10357
EDWARD A. MARELIUS	104-10183-10011
EDWARD C. PENIMORE	104-10120-10657
EDWARD L ANDERSON	104-10095-10075
EDWARD P SCHNITMAN	104-10095-10075
EDWARD P SCHNITMAN	104-10095-10161
EDWARDS, SHEFFIELD	124-10279-10209
EDWARO ANDERSON	104-10095-10161
EDWIN WALKER	104-10241-10250
EE PC/173	104-10123-10160
EFRAIN RUIZ CARO	104-10070-10272
EGAWA Taku	104-10064-10012
EI Rokusuke	104-10064-10012
EISENHOWER	124-10279-10258
ELECTRA Tollecios, Elisario	104-10072-10212
ELENA CAFFARENA	104-10070-10272
ELENA GARRO DE PAZ	124-10279-10020
ELENA IVANOVNA Greendlinger	124-90037-10081
ELGON	176-10037-10453
ELIAS ENTRALGO	104-10070-10272
ELIAS MEYER KLEBANSKI	124-90092-10016
ELIODORINA GARCIA	104-10516-10227
ELIZABETH (LIBBY) KARLOW	124-90092-10016
ELLANO	104-10308-10023
ELLEN D ANDERSON	104-10095-10161
ELLEN F MAWHINNEY	104-10095-10075
ELLIN L. BEATTY	104-10123-10407
ELOI DUTRA	104-10070-10272
ELOY GUTIERREZ MENOYO	104-10179-10209
ELVIKA JOVANE DE SAYAS	104-10180-10162
EMILIO	104-10076-10000
EMILIO ARAGONES	104-10070-10272
EMILIO CARBALLIDO	104-10070-10272
EMILIO FERNANDEZ	104-10180-10176
EMILIO NUNEZ PORTUONDO	124-10279-10258
EMMA HARRIS	104-10076-10416
EN CONSALTES	104-10172-10107
ENE Thomas D. CABOT	104-10117-10203
ENRIQUE	104-10075-10200
ENRIQUE COLLAZO	104-10219-10418
ENRIQUE DE LA OSA	104-10070-10272
ENRIQUE GIMENEZ	104-10070-10272
ENRIQUE GONZALEZ MANTICI	104-10070-10272
ENRIQUE HUERTAS	104-10298-10095
EPE	124-10284-10155
EPSTEIN	104-10012-10024
ERIAN SATRAPINSKY	104-10408-10329
ERIC BORSIONEM	104-10098-10404
ERNESTO "CHE" GUEVARA	124-10279-10258
ERNESTO 'CHE' GUEVARA	104-10093-10109
ERNESTO D'ESPAIGNE	104-10231-10418
ERNESTO MITRANI LEVY	124-10239-10171
ERNESTO MORE	104-10070-10272
ERNESTO VERA	104-10070-10272
ERSEN	176-10037-10453
ESPOSITO Lazouzo, Jesus	104-10072-10212
ESTELVINA (GONZALEZ) ZAYAS	104-10172-10137
ESTER ARANGO	104-10075-10200
ESTER ARANGO	104-10075-10232
EUEQ Keinosuke	104-10064-10012
EUGEN-08	104-10180-10176
EUGENE A STRATION	104-10095-10075
EUGENE L. PAYNE	104-10221-10222
EUGENE MILLIGAN	104-10107-10085
EUGENE STRATION	104-10095-10161
EUGENIA DEAZ DIAZ	104-10228-10419
EUGENIO	104-10180-10162
EUSTIQUIANO GARCIA LEZCANO	104-10183-10376
EVANGELINA HERNANDEZ	124-90124-10092
EVARISTO RIBERA CHEVREMONT	104-10070-10272
EXILIO CARBO	104-10076-10000
EXMA HARRIS JOHNSON	104-10076-10416
EZEQUIEL MARTINEZ ESTRADA	104-10070-10272
EZNIGNO PEREZ	104-10172-10059
Earl J. Williamson	104-10178-10096
Earl WILLIAMSON	104-10161-10321
Earl Warren	104-10337-10001
Earl Williamson	104-10119-10183
Earle G. Wheeler	198-10004-10207
Earle G. Wheeler	198-10007-10022
Earle G. Wheeler	198-10009-10098
Earnest E. Livaditis	104-10121-10021
Echevarria	104-10174-10037
Ed Clark	104-10116-10261
Ed FENNIMORE	104-10161-10321
Ed Fickie	124-10212-10160
Ed LAFFIN	104-10161-10321
Ed Murrow	157-10014-10109
Eddie Aristizabal	177-10001-10305
Eddy GALENO	104-10193-10016
Edelberto TORRES Espinoza	104-10183-10276
Edelberto TORRES Rivas	104-10048-10252
Edelmiro Maldonado Leal	104-10062-10227
Edelmiro Maldonado Leal	104-10062-10227
Edgar Bauml	104-10332-10009
Edgar Roberto LOBO Dubon	104-10183-10276
Edgar SOPO GRANDA	104-10231-10042
Edgardo BUTTARI PUIG	104-10231-10042
Edilio PEREIRA PEKEZ	104-10231-10042
Edith	104-10172-10107
Edith Dorigo	124-90110-10083
Edith JONES	104-10061-10053
Edmond Abel SAKIN	104-10105-10290
Edmund Cohen	104-10332-10023
Edmund Gambrill SMITH	104-10105-10290
Edmund LEAHY	104-10048-10124
Edmund LEAHY	104-10072-10289
Edmund LEAHY	104-10221-10310
Edmundo Fausto ZORRILLA Martinez	104-10173-10104
Edmundo Jardos Arzate	104-10180-10044
Edouard POLDINI	104-10106-10716
Eduard A. Mellius	104-10100-10251
Eduardo A. OJEDA CAMARAZA	104-10231-10042
Eduardo BOZA Masvidal	104-10160-10207
Eduardo BRINGAS	104-10171-10003
Eduardo Díaz Lanz	104-10171-10047
Eduardo Espinosa y PRIETO	124-90137-10357
Eduardo Espinosa y Prieto	124-90137-10488
Eduardo Frei	104-10192-10110
Eduardo GARCIA Molina	104-10308-10029
Eduardo L. Suarez Galindo	104-10062-10227
Eduardo Le Rivorend Brusone	104-10230-10153
Eduardo MACHADO Cartas	104-10163-10019
Eduardo MONTERO	104-10171-10020
Eduardo Mñiz Melo	104-10170-10051
Eduardo NUNEZ Garcia	104-10227-10046
Eduardo Odio	104-10308-10044
Eduardo Perez Duaney	104-10075-10099
Eduardo ROCO	104-10215-10035
Eduardo Rogelio Blackaller Villarreal	104-10062-10227
Eduardo SUAREZ Riva	104-10048-10124
Eduardo SUAREZ Riva	104-10072-10289
Eduardo SUAREZ Riva	104-10221-10310
Eduardo Tomas TORRES Ramos	104-10171-10044
Eduardo Tomas Torres Ramos	104-10170-10051
Eduardo Vega	104-10075-10365
Edvard G. Tichborn	104-10174-10030
Edward A. SALLOCM	104-10110-10433
Edward Crowder Jr.	104-10164-10085
Edward Dalton	104-10124-10037
Edward Denis	104-10167-10190
Edward Elmer HURLEY	104-10105-10290
Edward F. PALLEY	104-10265-10141
Edward Foley	104-10306-10020
Edward G. SIROTA	104-10105-10290
Edward G. Tichborn	104-10174-10038
Edward G. Tichborn	104-10174-10041
Edward Gunn	157-10014-10109
Edward J. TOGGITT	104-10105-10290
Edward Joseph HAMILTON	104-10105-10290
Edward L. Freers	104-10174-10072
Edward MALCOMB	104-10120-10381
Edward MASLOWSKY	104-10120-10381
Edward P. Brown	104-10172-10105
Edward P. Morgan	104-10122-10307
Edward P. Morgan	104-10122-10344
Edward P. PAWLEY	104-10049-10375
Edward P. Tochensky	104-10169-10139
Edward R. Murrow	104-10174-10038
Edward Ryan	104-10173-10130
Edward Ryan	104-10173-10132
Edward Ryan	104-10194-10024
Edward Scannell Butler	104-10069-10260
Edward Stanulis	104-10263-10111
Edward THOMAS	104-10105-10290
Edward U. Denison	104-10185-10202
Edwards	104-10130-10472
Edwards	104-10306-10011
Edwin Martin	104-10306-10018
Efigenio ALMEJEIRAS	104-10186-10235
Efigenio Ameijeiras	104-10234-10141
Efrain SANCHAZ	104-10183-10276
Efrain WAREN	104-10193-10016
Efreu Gonzalez	124-10285-10254
Ei Hurrow	104-10174-10037
Eileen	104-10187-10014
Eileen Brant	104-10175-10176
Eileen Wukitch	104-10332-10009
Eisenhower	104-10164-10032
Eisenhower	104-10171-10220
Eisenhower	104-10172-10112
Eisenhower	104-10306-10011
Eisenhower	104-10308-10208
Eisenhower	177-10001-10445
Eisenstadt	104-10306-10011
El Campesino	104-10105-10271
El Gallego	104-10185-10117
El Guajiro Bermudez	104-10073-10101
El Negro	104-10073-10101
El Rubio	104-10180-10178
Elackburn, Bruce B.	104-10111-10104
Elder	104-10306-10011
Eleanor Neiman	104-10332-10020
Electra Fernandes	104-10171-10013
Elena B. Fleming	124-90140-10012
Elena Garro de Paz	124-10279-10018
Elena Garro de Paz	180-10110-10100
Elena Mederos	124-10285-10254
Eleuterio FITA CTAIO	104-10231-10042
Eli A. SACHTSCHALE	104-10104-10172
Elias Wessin y Wessin	104-10167-10190
Elio Mas Hernandez	104-10170-10051
Elio Nardo Baen	104-10230-10153
Elisa Saturni Casas	104-10171-10013
Elizabeth BENTLEY	104-10172-10107
Elizabeth Duncan Wilde	104-10173-10097
Elizabeth Teresa Keogh	124-10273-10104
Elizabeth Teresa Keogh	124-10281-10028
Ellen Anne	104-10175-10179
Ellen F. MARGANY	104-10229-10002
Ellie	104-10332-10020
Ellio	104-10183-10346
Ellitte Ceva	104-10229-10002
Elmer Edward HECHT	104-10105-10290
Elmer Ray Remkes	104-10116-10261
Elmer Ray Remkes	104-10117-10203
Eloy GUTIERREZ Manoyo	104-10073-10113
Eloy GUTIERREZ Menoyo	104-10163-10019
Eloy GUTIERREZ Menoyo	124-90041-10023
Eloy Gutierrez Menoyo	104-10102-10237
Eloy Gutierrez Menoyo	104-10103-10112
Eloy Gutierrez Menoyo	104-10217-10185
Eloy Gutierrez Menoyo	104-10234-10050
Eloy Gutierrez Menoyo	124-10213-10483
Eloy Gutierrez Menoyo	124-90135-10074
Elpidio Baez Bigo	104-10216-10398
Elpidio Baez Bigo	104-10247-10097
Elsa Marela NEGRON	104-10102-10237
Elsa Maria NEGRIN	104-10103-10112
Elsa OLIVERA	104-10308-10062
Elsie I. SCALETTI	104-10188-10015
Elvira Weiss	104-10170-10051
Emanuel Abraham USTROVSKY	104-10176-10015
Emanuel Carvajal	104-10308-10044
Emer	104-10172-10112
Emigas TGA	104-10072-10228
Emil R. Sveilis	124-10273-10104
Emilio Americo RODRIGUEZ	104-10180-10155
Emilio Americo Rodriguez	104-10129-10002
Emilio Aragones	104-10216-10398
Emilio Aragones	104-10247-10097
Emilio CARBO	104-10179-10104
Emilio Fernandez	104-10180-10178
Emilio Fernandez	124-10212-10160
Emilio MONTUONDO	104-10167-10083
Emilio Martinez	104-10172-10062
Emilio SANTANA Galindo	104-10170-10146
Emmanuel CARBALLO	104-10072-10228
Emre FARIAS	104-10072-10228
Engels	104-10070-10296
Eno REESE	104-10105-10290
Enrico Mandel-Mantello	104-10291-10009
Enrine Torres	104-10170-10051
Enrique Alfredo GARCIA Molina	104-10308-10029
Enrique CEIJAS	104-10073-10074
Enrique CEPERO	104-10193-10016
Enrique CONZALEZ PEREZ	104-10231-10042
Enrique Camara	104-10308-10269
Enrique DESPAIGE	104-10236-10056
Enrique DESPAIGNE	104-10227-10150
Enrique DESPAIGNE	104-10232-10019
Enrique DESPAIONE	104-10232-10004
Enrique FORTEGA	104-10193-10016
Enrique GONZALEZ PELEZ	104-10231-10042
Enrique Garcia Armenteros	124-90138-10004
Enrique Garcia, Jr.	104-10216-10075
Enrique Gil Gilbert	104-10048-10252
Enrique Gonzalez Pedrero	104-10187-10030
Enrique HERRERA Aro	104-10234-10105
Enrique Huertas	124-10213-10483
Enrique KARENCO	104-10183-10276
Enrique LISTER	104-10185-10117
Enrique LLACA	124-90041-10023
Enrique Lagreze	104-10177-10219
Enrique Lister	177-10001-10305
Enrique Oltuski Osacki	104-10216-10398
Enrique Oltuski Osacki	104-10247-10097
Enrique Pinto Garcia	104-10062-10227
Enrique Ponce Luque	104-10216-10073
Enrique QUINIBERO	104-10048-10252
Enrique RODRIGUEZ Loeches	104-10163-10019
Enrique Rodriguez Loeches	104-10216-10398
Enrique Rodriguez Loeches	104-10247-10097
Enrique Santana	104-10308-10269
Enrique Vicente Socorras	104-10076-10400
Enrique Villarea	104-10178-10334
Enrique Vincente Socorras	104-10076-10229
Eorton	104-10187-10014
Epstein	104-10332-10009
Epstein	180-10131-10324
Erasmus TORREY	104-10105-10290
Eric D. Johnston	124-90140-10012
Eric Only	104-10123-10219
Eric Starvo Galt	104-10071-10139
Eric Starvo Galt	104-10072-10034
Eric Starvo Galt	104-10178-10136
Eric Starvo Galt	104-10322-10056
Erickson	104-10177-10219
Erik Kassinov	104-10414-10002
Erik SCHOTT	124-90137-10357
Ermal P. Geiss	104-10123-10407
Erman Lavin	104-10290-10273
Ernest "Che" Guevara	104-10093-10266
Ernest A. LUSBY	104-10170-10121
Ernest Dashiell Cockrell, Jr.	104-10116-10261
Ernest Dashiell Cockrell, Jr.	104-10117-10203
Ernest Despain	104-10308-10044
Ernest G. Maycrink	104-10291-10003
Ernest M. Kropff	104-10123-10220
Ernest MAYERFELD	104-10105-10290
Ernest P. Young	104-10064-10012
Ernest SPARKS	104-10119-10183
Ernestina ACOSTA Gonzalez	104-10216-10199
Ernestina Acosta	104-10216-10398
Ernestina Acosta	104-10234-10096
Ernestina Acosta	104-10247-10097
Ernesto "Che" Guevara	104-10097-10360
Ernesto "Che" Guevara	104-10290-10309
Ernesto ABREU ARAGON	104-10231-10042
Ernesto Abreu Gomez	104-10100-10394
Ernesto Abreu Gomez	104-10529-10182
Ernesto Castro Moro	104-10183-10325
Ernesto F. FERNANDEZ DALMAU	104-10231-10042
Ernesto Fernandez	104-10170-10051
Ernesto Guerra Vidal	104-10172-10062
Ernesto Guevara	104-10179-10088
Ernesto Guevara	104-10180-10062
Ernesto Jesus GARCIA Guzman	104-10185-10209
Ernesto MARTINEZ	104-10183-10276
Ernesto Rodrigues y Moreno	104-10069-10120
Ernst Feisst	104-10291-10009
Ernst W. Infeld	104-10291-10009
Ervan E. Kuhnke, Jr	104-10112-10450
Ervan E. Kuhnke, Jr	104-10120-10373
Ervan E. Kuhnke, Jr.	104-10120-10378
Ervan Kuhnke	104-10120-10297
Esteban Suarez Rojas	104-10075-10225
Esteban Ventura	124-10284-10172
Ester CRUZ	104-10193-10016
Esterson	124-10273-10070
Esther GAVILAN Rosales	104-10180-10044
Esther JOLLES	104-10185-10244
Esubio AZCUE	104-10163-10019
Ethel Rosenberg	104-10326-10101
Eudocio Ravines	104-10105-10271
Eugene	104-10162-10247
Eugene E. Norwinsk	104-10170-10146
Eugene J. Welch	104-10169-10282
Eugene Milligan	104-10107-10135
Eugene Milligan	104-10107-10137
Eugene Norwinski	104-10231-10418
Eugene Others	104-10104-10094
Eugene Young	124-10273-10104
Eugenia VOLSOVA	104-10162-10247
Eugenio	104-10180-10165
Eugenio	104-10180-10178
Eugenio Gonzalez	104-10129-10002
Eugenio Gonzalez Alvarez	104-10183-10355
Eugenio MARTINEZ	104-10308-10044
Eugenio Martinez	157-10011-10083
Eugenio Martinez	178-10002-10215
Eugenio Martinez	178-10002-10279
Eugonio M. DELGADO NARANJO	104-10231-10042
Eusebio ASSUR	104-10072-10228
Eusebio AZCUE	104-10072-10228
Eusebio Azcue	180-10110-10100
Eustace H. DANBRUNT	104-10110-10433
Eustiquiano Garcia Lezcano	104-10103-10112
Euts, Newton S.	104-10111-10104
Eva Diana SOLER	104-10105-10290
Eva Gutiérrez	104-10073-10133
Eva Matos	198-10005-10017
Evalena S. Vidal	104-10174-10030
Evalena S. Vidal	104-10174-10033
Evan Parker	104-10173-10130
Evan Parker	104-10173-10132
Evans, Bryan	104-10111-10104
Evaristo HERRERA	104-10171-10020
Evelio Alpizar Perez	104-10174-10072
Evelio CRUZ	104-10073-10074
Evelio Duque	104-10169-10017
Evelio Duque	104-10169-10271
Evelio GARCIA	104-10171-10020
Evello Companioni Esteva	104-10170-10051
Evello Ley Fernance	104-10170-10051
Evelyn Hersey	104-10071-10122
Evens	104-10174-10036
Everardo GARCIA Fernández	104-10179-10104
Everetning	104-10529-10329
Everett A. Levin	104-10179-10233
Everett STRAITOR	104-10106-10716
Evoswa	124-10273-10070
F. A. Frohboese	124-90138-10066
F. D. Roosevelt	104-10069-10077
F. W. M. Janney	104-10291-10002
F.U.P.I.	104-10070-10272
FEDOSEYEV	104-10210-10020
FEDOSEYEV	104-10534-10173
FELIPE	104-10180-10162
FELIPE CATASUS PAZOS	124-10332-10047
FELIPE VIDAL SANTIAGO	104-10221-10222
FELIX GUILLERMO OTHON PACHO	104-10170-10096
FELIX OYUELA	104-10183-10267
FELIX VALDES	124-10239-10171
FELIZ ARIAS SHEREIBER	104-10070-10272
FELTRO	104-10290-10062
FENNER, Claude G.	104-10121-10239
FERIDA KARLOW	124-90092-10016
FERNANDEZ Coto, Milagros	104-10072-10212
FERNANDEZ Urierte, Eduardo	104-10072-10212
FERNANDEZ, Fernando	104-10115-10074
FERNANDO BENITEZ	104-10070-10272
FERNANDO CARMONA	104-10070-10272
FERNANDO DE LA ROSA	104-10183-10331
FERNANDO FERNANDEZ CABADA	104-10298-10095
FERNANDO GARCIA-CHALON CHACON	104-10170-10096
FERNANDO MANRIQUE	104-10070-10272
FERNANDO PALENZUKIA VAQUET	104-10101-10109
FERNANDO PALKUZUKIA	104-10290-10038
FERNANDO SANT ANA	104-10070-10272
FES E. KK LAU	104-10120-10657
FIDEL CASTRO	104-10221-10222
FIDEL CASTRO	104-10298-10095
FIDEL CASTRO	124-10221-10229
FIDEL CASTRO	124-10279-10258
FIDEL CASTRO	124-10332-10018
FIDEL CASTRO	176-10036-10052
FIDEL CASTRO	177-10001-10060
FIDELIO DESPRADEL	104-10183-10331
FIGUERO	124-10221-10231
FILIPE	104-10267-10196
FILL THOMPSON	104-10183-10043
FINCA ALGOBIN	104-10076-10371
FITZGERALD	104-10100-10192
FITZGERALD	104-10529-10323
FLETCHER M. KNIGHT	104-10007-10345
FLORYAN R KARTY	104-10095-10075
FLORYAN R KARTY	104-10095-10161
FLOYD POSTANY	104-10095-10075
FLOYD POSTANY	104-10095-10161
FNU ACEBO	104-10308-10086
FODDESTA	176-10037-10453
FOLCH	104-10170-10059
FOOTE	104-10171-10138
FORINES, fou	104-10115-10074
FOSTER	124-10181-10009
FOX	104-10167-10083
FRADIOMERE OLE	104-10100-10152
FRANC PECAR	124-90110-10070
FRANCIS KALNAY	124-90092-10016
FRANCIS LEO CARROLL	104-10120-10657
FRANCISCO ARGUELLO	104-10070-10272
FRANCISCO CARRILLO	104-10298-10095
FRANCISCO DOMINGUEZ ELEJALDE	104-10183-10376
FRANCISCO GOMEZ HECTOR	104-10068-10172
FRANCISCO JULIAO	104-10070-10272
FRANCISCO MAREAMEZ	104-10101-10198
FRANCISCO RODRIGUEZ TAMAYO	124-90130-10005
FRANCO	104-10075-10200
FRANK	104-10215-10146
FRANK	104-10267-10196
FRANK (DIAT) SILVEIRA	104-10228-10045
FRANK (DIAZ) SILVEIRA	104-10236-10053
FRANK AUSTIN	124-90124-10055
FRANK FIORINI	104-10221-10032
FRANK FIORINI	104-10221-10222
FRANK HERNANDEZ	124-10332-10047
FRANK HUNT	104-10119-10183
FRANK KALNAY	124-90092-10016
FRANK MARSHALL	124-90124-10055
FRANK R ESTANCONA	104-10095-10075
FRANK R ESTANCONA	104-10095-10161
FRANK SCHERL	104-10095-10075
FRANK SCHERL	104-10095-10161
FRANQUI	104-10179-10136
FRED KRAVCCV	104-10095-10075
FRED KRAVCCV	104-10095-10161
FRED M. STOWELL	104-10113-10030
FREDERICK J. INGHURST	104-10229-10002
FREITAS CAVALCANTE	104-10070-10272
FRIPPEL	104-10210-10020
FRIPPEL	104-10534-10173
FRONDIZI	104-10236-10056
FUBIAS-7	104-10178-10334
FUJII Nittatsu	104-10064-10012
FUKASAKU Mitsusada	104-10064-10012
FUKASAKU Mitsusada	104-10064-10012
FUKUDA Yoshiyuki	104-10064-10012
FUKUTOWI Setsuo	104-10064-10012
FULGENCIO BATISTA	104-10221-10222
FURUYAMA YOZO	104-10064-10012
FVS-7782	176-10037-10453
Fabio	104-10180-10178
Fabio Molino	177-10001-10305
Fabricio Ojeda	176-10036-10065
Fabricio Ojeda	177-10002-10016
Fabricio Ojeda	198-10009-10099
Fail, Virginia	104-10111-10104
Faina Grigoryevna Trubetsky	104-10414-10002
Faisto GARCIA-MENOCAL BRITO	104-10231-10042
Faiz Ahmed Faiz	104-10064-10012
Fall	104-10227-10153
Fan Cummings	104-10216-10075
Fanfani	157-10002-10105
Fannie COHEN	104-10162-10247
Fanny Edelman	177-10001-10305
Faranowski, Peter	104-10111-10104
Faras	104-10215-10035
Fario T. RODRIGUEZ ALVAREZ	104-10231-10042
Farisall, Faul	104-10111-10104
Farl MARSAL	104-10105-10290
Father BOZA	104-10074-10413
Father Harlo	104-10171-10138
Father Manuel PEREZ Alondo	104-10074-10413
Faul Antonio VARIAS	104-10183-10276
Faul Dillon	104-10173-10097
Faure CHOMON Mediavilla	104-10163-10019
Faure Chomon	104-10216-10398
Faure Chomon	104-10234-10141
Faure Chomon	104-10247-10097
Faurelio A. Martinez	104-10171-10097
Faustino PRADO Garcia	104-10171-10003
Faustino Perez	104-10247-10097
Faustino Perez	104-10308-10269
Faustino PÉREZ	104-10179-10104
Fausto GARCIA-MENOCAL EMITO	104-10231-10042
Faysal	104-10302-10030
Federico Claramont	104-10308-10044
Federico Gaspar SALVADOR Rodriguez	104-10308-10023
Federico PALMIERI Guillermo	104-10248-10203
Fedorenko	104-10302-10030
Fedoseyer	104-10332-10009
Feliks Dmitryevich KARASEV	104-10172-10279
Felipe Crue Colon	104-10075-10373
Felipe OMEZ Albarras	104-10179-10104
Felipe Pazos	124-10285-10254
Felipe Rivero	104-10192-10229
Felipe Rivero Dias	104-10164-10050
Felix FUENTES Games	104-10122-10147
Felix HONTERREY Dobil	104-10183-10276
Felix TORRES	104-10308-10023
Fellman	198-10007-10021
Felt	104-10306-10010
Felt	124-10326-10103
Felt	124-10326-10104
Felt	124-90060-10015
Fen-Shin HAN	104-10176-10015
Ferdinand Robertovich CINNO	104-10173-10104
Ferenc Nagy	104-10291-10009
Ferguson MITCHELL	104-10219-10283
Ferique MOISSA	104-10227-10153
Fermin COICOCHEA SANCHEZ	104-10231-10042
Fermin Peinado	124-10213-10483
Fermina Esparza	104-10175-10179
Fernandes ARCO Hernandez	104-10171-10020
Fernandes VARELA	104-10232-10018
Fernandez	104-10172-10001
Fernandez Betancourt	104-10179-10027
Fernando ALVAREZ Tabio	104-10072-10227
Fernando Arco lernandez	104-10170-10051
Fernando Cartagena	104-10167-10190
Fernando De Los Rios	104-10172-10107
Fernando FUENTES Coba	104-10186-10235
Fernando Fernandez Superville	104-10103-10112
Fernando Garcia Chacon	104-10170-10051
Fernando Garza Yoba	104-10062-10227
Fernando Gomez Fonseca	104-10171-10033
Fernando MONTERREY	104-10183-10347
Fernando Montes	104-10165-10084
Fernando O. TORRES PENA	104-10231-10042
Fernando PRUNA Blanco	124-90041-10023
Fernando SANHUESA	104-10170-10064
Fernando SOSA Pol	104-10183-10276
Fernando o de Villaricencia	104-10179-10104
Ferris, Edwin H.	104-10111-10104
Ferruzcia R RAGONA	104-10105-10290
Festre	104-10232-10018
Fiasal	104-10306-10018
Fidel	104-10174-10037
Fidel	104-10232-10018
Fidel	104-10234-10007
Fidel	104-10237-10120
Fidel	104-10247-10097
Fidel	104-10332-10009
Fidel CASTRO	104-10070-10079
Fidel CASTRO	104-10072-10228
Fidel CASTRO	104-10073-10101
Fidel CASTRO	104-10073-10113
Fidel CASTRO	104-10163-10019
Fidel CASTRO	104-10185-10117
Fidel CASTRO	104-10308-10029
Fidel CASTRO	104-10308-10127
Fidel CASTRO Rua	104-10172-10041
Fidel CASTRO Ruz	104-10219-10283
Fidel Castro	104-10052-10130
Fidel Castro	104-10073-10133
Fidel Castro	104-10076-10442
Fidel Castro	104-10100-10034
Fidel Castro	104-10102-10237
Fidel Castro	104-10114-10152
Fidel Castro	104-10160-10207
Fidel Castro	104-10167-10127
Fidel Castro	104-10170-10091
Fidel Castro	104-10170-10125
Fidel Castro	104-10171-10220
Fidel Castro	104-10173-10135
Fidel Castro	104-10173-10166
Fidel Castro	104-10174-10038
Fidel Castro	104-10175-10176
Fidel Castro	104-10177-10217
Fidel Castro	104-10177-10225
Fidel Castro	104-10179-10088
Fidel Castro	104-10180-10062
Fidel Castro	104-10187-10030
Fidel Castro	104-10215-10128
Fidel Castro	104-10216-10148
Fidel Castro	104-10216-10398
Fidel Castro	104-10219-10439
Fidel Castro	104-10227-10271
Fidel Castro	104-10234-10141
Fidel Castro	104-10247-10064
Fidel Castro	104-10302-10020
Fidel Castro	104-10308-10023
Fidel Castro	104-10308-10044
Fidel Castro	104-10308-10163
Fidel Castro	104-10308-10165
Fidel Castro	104-10308-10168
Fidel Castro	104-10337-10001
Fidel Castro	104-10338-10018
Fidel Castro	104-10506-10028
Fidel Castro	119-10021-10413
Fidel Castro	124-10163-10134
Fidel Castro	124-10280-10030
Fidel Castro	124-10285-10254
Fidel Castro	124-10300-10024
Fidel Castro	124-90135-10074
Fidel Castro	157-10002-10165
Fidel Castro	157-10004-10095
Fidel Castro	157-10005-10141
Fidel Castro	157-10011-10083
Fidel Castro	157-10014-10242
Fidel Castro	176-10036-10027
Fidel Castro	176-10036-10058
Fidel Castro	176-10037-10440
Fidel Castro	177-10001-10305
Fidel Castro	177-10002-10012
Fidel Castro	178-10002-10091
Fidel Castro	178-10002-10215
Fidel Castro	178-10002-10279
Fidel Castro	194-10012-10030
Fidel Castro	198-10004-10076
Fidel Castro	198-10005-10017
Fidel Castro	198-10008-10119
Fidel Castro	198-10009-10099
Fidel Castro Ruz	104-10433-10212
Field Marshal Templer	176-10030-10422
Field Marshal Templer	176-10033-10145
Fields	104-10306-10011
Fifo Pineiro	104-10103-10112
Fig Coleman	104-10173-10130
Fig Coleman	104-10173-10132
Filio	104-10180-10179
Fina Japtine	104-10113-10249
Fiord R. Teransky	104-10066-10076
Fisher	104-10306-10011
Fithian	180-10131-10324
Fittstrad	198-10007-10021
FitzGerald	104-10306-10010
FitzGerald	104-10306-10011
FitzGerald	104-10306-10018
FitzGerald	104-10310-10020
Fizzolo	104-10216-10398
Fizzolo	104-10247-10097
Flavia	104-10106-10300
Flavio	104-10169-10017
Fletcher M. Knight	104-10423-10337
Flora DIAZ Parrado	104-10163-10019
Floreal CHOMON Mediavilla	104-10163-10019
Florence Horn	157-10011-10048
Florencio Pernas Lorenzo	124-90135-10074
Florentino Alcantara de Moraes	177-10001-10305
Floryan Karty	104-10222-10043
Floyd	124-10212-10337
Floyd A SHALER	104-10105-10290
Floyd J. Fithian	104-10408-10078
Floyd McKissick	104-10173-10166
Fodrick	104-10179-10025
Folix ALONSO ANTUNA	104-10231-10042
Folix T. SERRANO CAMO	104-10231-10042
Folsom L. Hayrock	104-10169-10017
Ford Poulton	104-10124-10037
Fordson	104-10111-10079
Foreign Minister Fellman	198-10008-10119
Formin Galileo Solis	104-10235-10018
Forrestal	104-10306-10011
Forrestal	104-10306-10020
Foster	104-10306-10011
Foster	104-10306-10016
Foster Wood	104-10114-10160
Foster Wood	104-10114-10162
Fox, Ernest P.	104-10111-10104
Fox, William	104-10111-10104
Foy Kooler	104-10106-10300
Fran MARSHALL	124-90041-10023
Franc Pecar	124-90110-10071
Franc Pecar	124-90110-10072
Francis	104-10185-10117
Francis E. Walter	104-10051-10106
Francis E. Walter	104-10132-10092
Francis E. Walter	104-10133-10437
Francis E. Walter	104-10300-10124
Francis E. Walter	104-10418-10378
Francis E. Walter	104-10437-10079
Francis F. Walter	104-10209-10259
Francis Lyons	124-10291-10319
Francis Marcel Kahn	104-10064-10012
Francis Xavier Keogh	124-10273-10104
Francis Xavier Keogh	124-10281-10028
Francisco	104-10075-10373
Francisco	104-10179-10025
Francisco	198-10007-10021
Francisco (Antillon)	104-10180-10180
Francisco (Rodriguez) Tamayo	104-10178-10096
Francisco ABAD	104-10073-10101
Francisco AMADO Granados	104-10183-10276
Francisco BORGES	104-10216-10273
Francisco COSENZA Galvez	104-10072-10001
Francisco Calderin Tostte	104-10230-10153
Francisco Calvet	104-10170-10051
Francisco Ciz Figueroa	104-10183-10276
Francisco DUPAN Cardano	104-10183-10276
Francisco DURAN Candela	104-10183-10347
Francisco FERNANDEZ Cabrera	104-10229-10002
Francisco GARCIA Benites	104-10048-10252
Francisco GONZALEZ	124-90041-10023
Francisco Garcia	104-10170-10051
Francisco IZ Alberdi	104-10072-10228
Francisco J. Ruíz Benítez	104-10230-10153
Francisco Javier HELLA Pena	104-10183-10276
Francisco Juliao	104-10338-10018
Francisco Julio	198-10008-10119
Francisco LARA	104-10179-10104
Francisco Luis Rodrigues Gonzales	104-10171-10047
Francisco MIERKS	104-10048-10252
Francisco Ovarsen	104-10177-10219
Francisco PAR PADRON	104-10231-10042
Francisco Prio	104-10170-10112
Francisco RAMIREZ	104-10131-10010
Francisco ROBLE	104-10171-10020
Francisco Siaded Secaili	104-10170-10051
Francisco Villanueva Otones	104-10062-10227
Franco	177-10001-10445
Francois SAAR-DEMICHEL	104-10106-10716
Frank	157-10011-10048
Frank A. Johnson	104-10077-10067
Frank A. O'Malley	104-10173-10130
Frank A. O'Malley	104-10173-10132
Frank Arias	104-10308-10044
Frank Braden	104-10122-10147
Frank Class	104-10173-10134
Frank E. Bartos	104-10106-10300
Frank Ell Nek	104-10172-10107
Frank Emmick	104-10302-10020
Frank Estancona	104-10095-10161
Frank FIORINI	104-10048-10124
Frank FIORINI	104-10072-10289
Frank FIORINI	104-10221-10310
Frank FROST	104-10105-10290
Frank Ficret	104-10167-10127
Frank Friberg	104-10004-10143 (C06932208)
Frank Friberg	104-10004-10143
Frank Friberg	104-10004-10156
Frank Hand	104-10306-10007
Frank Hand	157-10014-10109
Frank Holcomb	104-10105-10271
Frank Holcomb	104-10105-10277
Frank Holcomb	104-10105-10293
Frank Holmes	104-10122-10307
Frank J. ECAN	104-10105-10290
Frank Jackson	104-10170-10112
Frank Jellinek	104-10172-10107
Frank K. Sloan	198-10004-10207
Frank K. Sloan	198-10009-10098
Frank M. VARREN, Jr.	104-10078-10020
Frank MARSAK	104-10105-10290
Frank MARTINEZ	104-10179-10104
Frank McGowan	104-10162-10247
Frank Nagy	104-10121-10174
Frank O'MALLEY	104-10120-10373
Frank OHGEL	104-10172-10001
Frank PAEZ	104-10073-10101
Frank Paez	104-10308-10044
Frank Pilgrin	104-10100-10424
Frank Rollett	157-10002-10105
Frank Rosenthal	104-10178-10096
Frank Sturgis	104-10177-10206
Frank Sturgis	157-10011-10083
Frank Sturgis	157-10014-10242
Frank Sturgis	178-10002-10215
Frank Sturgis	178-10002-10279
Frank Vias Silveira	104-10230-10153
Frank W. Hughes	104-10187-10014
Frank Waterston	104-10226-10011
Frankel	104-10306-10011
Franklin, Benjamin	104-10172-10112
Franqui	104-10179-10134
Franqui	104-10179-10182
Franqui	104-10275-10176
Frantisek HABER	104-10105-10290
Frantisek TISLAR	104-10105-10290
Franz Froehlich	124-10325-10318
Franz von Nesselrode	104-10005-10321
Fray Fabian	104-10226-10011
Fred Barrett	104-10165-10004
Fred C. THOMAS, Jr.	104-10110-10243
Fred C. Thomas, Jr.	104-10110-10245
Fred CHROMASTKA	104-10110-10242
Fred HENDERSON	104-10120-10381
Fred HENDERSON	104-10161-10321
Fred Horse	104-10174-10036
Fred Imbert	104-10263-10111
Fred Kravcov	104-10187-10014
Fred Morse	104-10174-10043
Fred Powledge	104-10433-10209
Freddy Guerra	104-10183-10276
Frederic McCann	104-10177-10206
Frederick E Nolting	176-10037-10453
Frederick G. Blumenthal	104-10216-10075
Frederick Hersh	104-10106-10325
Frederick J. Inghurst	104-10304-10000
Frederick Morri WOLF	104-10105-10290
Frederick N. Evans	104-10173-10130
Frederick N. Evans	104-10173-10132
Frederick S. Baker	104-10012-10035
Frederick S. Baker	104-10431-10102
Frederick Vanderbilt FIELD	104-10172-10107
Frederick Vanderbilt Field	104-10169-10282
Frederick W. Flott	176-10036-10138
Frederick W. LaTrash	104-10506-10028
Fredrick C. Wickham, Jr.	104-10332-10020
Freyre JORGE	104-10308-10023
Fringle	104-10332-10009
Fritchard	104-10121-10174
Frits (aka Fred) SNSCI	104-10171-10138
Fritz	104-10183-10346
Fritz Dorigo	124-90110-10083
Fritz Schurch	104-10291-10009
Froderic SESCI	104-10171-10138
Fross, John	104-10111-10104
Fubini	104-10306-10011
Fugeria (Rolando) Martinez	104-10177-10206
Fulbright	177-10002-10098
Fulgencio 0. CASTRO CUELLO	104-10231-10042
Fulgencio LEQUERICA Velez	104-10177-10225
Fulgencio R. GIL ANANDEZ	104-10231-10042
Fuller	104-10326-10087
Fumbras	104-10066-10076
Funderburk, Thomas	104-10111-10104
Félix F. RODRIGUEZ MENDIGUTIA	104-10231-10042
G BEMBRYA	104-10095-10161
G. A. Day	157-10004-10095
G. A. LAUER	104-10078-10020
G. KAPPES	104-10105-10290
G. Robert Blakey	104-10066-10010
G. Robert Blakey	104-10147-10304
G. Robert Blakey	104-10408-10078
GABRIEL PASSOS	104-10070-10272
GABRIEL VINCENTRE MAURA	104-10070-10272
GADWELL KIM ALIASINI	104-10162-10017
GAIL A OSTROM	104-10095-10075
GAIL A OSTROM	104-10095-10161
GARCERAN	104-10232-10018
GARCIA	104-10077-10112
GARCIA	104-10231-10042
GARCIA ROSELL	104-10076-10153
GARRISON	104-10106-10716
GARRISON	104-10115-10074
GARY DECKER	104-10241-10250
GARY Leos, Pedro	104-10072-10212
GARY POWERS	104-10241-10250
GENNADIY GRYAZNOV	124-90155-10008
GEORGE DANIELS	104-10179-10209
GEORGE E. DAVIS, JR.	124-10221-10231
GEORGE P. PLOKER, JR.	104-10119-10338
GEORGE W ISKC	104-10095-10075
GEORGE W MISKO	104-10095-10161
GEORGE W. O'CONNOR	124-90092-10002
GEPHART, Cleo L.	104-10111-10044
GEPHART, Cleo L.	104-10111-10045
GERALDS JR ROLFE	104-10095-10161
GERARDO QUESADA	104-10298-10095
GERENDE	104-10101-10198
GERTRUDE A WALSH	104-10095-10075
GERTRUDE A WALSH	104-10095-10161
GESTETNER	104-10171-10106
GETHULE L. CULLY DUPFEY	104-10120-10657
GIAMMARINO JP	104-10095-10161
GILBERT BARRERAS	124-90130-10005
GILBERT W CAREY	104-10095-10075
GILBERT W CAREY	104-10095-10161
GILBERTO (LIWAY) RODRIGUEZ	104-10076-10058
GILBERTO LIWAY RODRIGUES	104-10077-10369
GILBERTO VIEIRA	104-10070-10272
GIQUEL	104-10169-10265
GIRALDO MAZOLA	104-10070-10272
GLENN H WHIDDEN	104-10095-10075
GLENN H WHIDDEN	104-10095-10161
GML Blackburne-Kane	104-10012-10035
GOERTZ, Margaret G.	104-10111-10044
GOERTZ, Margaret G.	104-10111-10045
GOLDSACK	104-10178-10334
GOLITSIN	104-10210-10020
GOLITSYN	104-10534-10173
GOLUBEV	104-10534-10173
GOMEZ	104-10076-10371
GOMEZ	124-10221-10231
GONZALEZ	104-10163-10019
GONZALEZ Kirmance Asuit, Carlos Miguel	104-10072-10212
GORDON STEWART	124-90092-10016
GOTO Hiroyuki	104-10064-10012
GOULART	177-10001-10064
GRACE HOLMES	104-10101-10124
GRACE HOLMES	104-10290-10055
GRACE ROBERTS	104-10095-10075
GRACE W ROBERTS	104-10095-10161
GRAMATGES	104-10179-10136
GRANT HEILMAN	124-90092-10016
GRAY, John Franklin	104-10121-10239
GRAY, Sara Sioux (Barnes)	104-10121-10239
GREENE, Mary S.	104-10111-10044
GREENE, Mary S.	104-10111-10045
GREER P. HANVEY	104-10077-10285
GRESHAM	104-10177-10219
GRIBANOV	104-10210-10020
GRIBANOV	104-10534-10173
GRIESSE	104-10075-10200
GROVER E TORVESTAD	104-10095-10075
GROVER E TORVESTAD	104-10095-10161
GROVERY	104-10179-10136
GROWERY	104-10234-10069
GUILLERMO DEL PEDREGAL	104-10070-10272
GUILLERMO ESTEVEZ BOERO	104-10070-10272
GUILLERMO GENER RODRIGUEZ	104-10068-10172
GUILLERMO IZQUIERDO ARAYA	104-10070-10272
GUILLON DE MOULINS	104-10179-10136
GUK	104-10210-10020
GUK	104-10534-10173
GULLERMO JIMENEZ	104-10070-10272
GUNNAR W BECKMAN	104-10095-10075
GUNNAR W BECKMAN	104-10095-10161
GUSTAVO	104-10177-10047
GUSTAVO ABASOLO	104-10093-10109
GUY DRENNAN	124-90092-10016
Gabing FERNANDEZ	104-10072-10228
Gabita Muslepov	104-10064-10012
Gabriel MOLINA	104-10072-10227
Gaillord	104-10185-10030
Gaines	104-10105-10271
Gale	124-10326-10103
Gale	124-10326-10104
Gale	124-90060-10015
Gale W. Allen	104-10187-10014
Gale W. Allen	104-10263-10111
Galecano	104-10227-10046
Galina Kuznetsov	104-10414-10002
Gandhi	104-10071-10122
Gandy	124-10326-10103
Gandy	124-90060-10015
Garcia	124-90138-10007
Garcia Barberena	198-10007-10021
Gardner	104-10120-10275
Garma Sprague	104-10174-10058
Garrison, James A.	104-10111-10104
Gary A. Long	104-10219-10143
Gary Brenneman	104-10332-10009
Gary L. Flustikoff	104-10178-10096
Gary Underhill	104-10170-10145
Gavalla	104-10217-10000
Gavin Young	124-90137-10284
Gbenye	177-10002-10098
Gen Cushman	104-10119-10183
Gen. Taylor	104-10111-10079
Gene Gregory	176-10036-10104
Gene Rittenburg	104-10069-10120
Gene SNYDER	104-10105-10290
Gene Stevens	104-10194-10024
General A. P. O'Meara	198-10004-10207
General Carter	104-10306-10018
General Carter	104-10306-10020
General Carter	178-10003-10001
General Delmar	104-10217-10000
General Donovan	104-10171-10138
General Eisenhower	104-10306-10018
General Fatjo	104-10170-10051
General Genoveva Chavez	104-10179-10113
General Hardin	104-10107-10087
General Harkins	104-10306-10020
General Jani	104-10216-10046
General Krulak	104-10306-10020
General Lansdale	202-10001-10203
General LeMay	104-10306-10007
General Marshall	176-10030-10422
General Marshall	176-10033-10145
General Maxwell D. Taylor	198-10009-10099
General McClelland	198-10007-10029
General Nghiem	176-10037-10493
General Pitch	104-10217-10000
General Taylor	104-10310-10020
General Thomas O. Hardin	104-10107-10087
General WALKER	104-10241-10250
General Wheeler	104-10306-10018
General Wheeler	104-10306-10020
Generals Carter	104-10306-10007
Generoso BRINGA	104-10308-10086
Generoso Campos Marquetti	124-90135-10074
Gennadiy Narkevich	104-10326-10013
Geoffrey Farrow	104-10219-10154
Geoffrey K. BLOXALD	104-10188-10015
Geogheghan	198-10007-10021
George	104-10071-10122
George A. LADNER, Jr.	104-10131-10016
George A. STEVENS	104-10105-10290
George Adam STANDARD	104-10105-10290
George B. Kistiakowsky	104-10165-10077
George Bush	104-10337-10014
George Carey	104-10107-10087
George D. SCOWCROFT	104-10180-10215
George DAMASCOU	104-10219-10283
George De Mohrenschildt	104-10166-10262
George E. Brown	104-10104-10271
George Eubanks	104-10165-10004
George FILL	104-10120-10381
George H. LYONS	104-10105-10290
George Hauer	104-10069-10120
George Hleovas	104-10180-10218
George Hopping	104-10172-10177
George J. Tenet	104-10332-10023
George Joannides	104-10304-10000
George K Harper	104-10179-10088
George K Harper	104-10180-10062
George Kalaris	104-10332-10009
George Ladner	104-10110-10245
George MATECKO	104-10120-10381
George Michael KEROVER	104-10105-10290
George Misko	104-10095-10161
George Munroe	104-10165-10004
George Orwell	104-10105-10271
George P. Loker, Jr.	104-10119-10339
George PARIS	104-10176-10015
George PARIS	104-10176-10020
George PERIS	104-10176-10015
George PERIS	104-10176-10020
George PERISTEROPOULOS	104-10176-10015
George PERISTEROPOULOS	104-10176-10020
George Prussing	104-10122-10344
George R KRIESHELD	104-10105-10290
George R. Hargrave	104-10110-10568
George Ready	104-10306-10018
George Reedy	104-10306-10018
George Rufus BROWN	104-10117-10203
George Rufus Brown	104-10116-10261
George S. Kusulin	104-10170-10125
George S. Vinoops	104-10048-10252
George SALLOCM	104-10110-10433
George Steers	104-10516-10338
George T. Kalaris	104-10219-10154
George V. Lauder	104-10506-10028
George W. Ball	104-10306-10018
George Wackenhut	104-10130-10472
George Wadsworth	104-10079-10391
George Williams Gaichailov	104-10074-10007
George Yoss	104-10177-10217
George de Mohrenschildt	104-10164-10088
Georges Papanton MITCHELL	104-10219-10282
Georgi STEINING	104-10172-10278
Georgia	104-10173-10130
Georgia	104-10173-10132
Georgiy STERING	104-10172-10278
Georgiy Stepanovich VISKO	104-10173-10104
Georgiy Stepanovich VISKO	104-10177-10224
Gerald ACKS	104-10105-10290
Gerald Patrick Hemming	124-90135-10074
Gerald Wayne Kirk	104-10433-10209
Gerardo	104-10216-10398
Gerardo Gabriel Antonio Hernandez Perez	124-90135-10074
Gerardo Jose QUESADA Vasquez	104-10073-10101
Gerardo RIVERO QUESADA	104-10231-10042
Gerardo SANCHEZ Robert	104-10185-10110
Gerardo SANCHEZ Robert	104-10186-10269
Geria former	104-10188-10015
German Arcienegas	104-10179-10182
German Arcienegas	104-10275-10176
German Camado-Blanco	104-10234-10007
German Lence	104-10074-10413
German PALACHI Baca	104-10183-10276
Gianfranco Corsini	104-10003-10041
Giang	104-10245-10000
Gibson	104-10217-10228
Gibson	104-10332-10020
Gikas	104-10120-10276
Gilbert K. Levy	104-10073-10113
Gilbert PONTECORVO	104-10106-10716
Gilberto Aleman	104-10170-10051
Gilberto Fondora	104-10182-10137
Gilberto MEDIAVILLA	104-10163-10019
Gilberto Vieira	104-10177-10225
Gilpatric	104-10306-10007
Gilpatric	104-10306-10016
Gilpatric	104-10306-10018
Gilpatric	176-10011-10152
Ginger Lamm	104-10093-10065
Giulio Mondello	104-10100-10087
Giulio Mondello	104-10528-10053
Gizenga	176-10011-10152
Gladys G. DANBRUNT	104-10110-10433
Gladys Harkness	176-10030-10422
Gladys Harkness	176-10033-10145
Glean E. Magnuson	104-10104-10172
Glee Laney	104-10227-10153
Gleichauf	124-90110-10083
Glen AASAL	104-10105-10290
Glen Widden	104-10095-10161
Glen Winstead	104-10216-10171
Glenn D. Fields	104-10291-10003
Glenn Fields	104-10122-10307
Glenn J. Fransworth	104-10231-10418
Glenn Michael Souther	104-10326-10101
Gloria BAMCIALLA	104-10103-10112
Gloria Cabrera	104-10216-10398
Gloria Cabrera	104-10234-10050
Gloria Cabrera	104-10234-10102
Gloria Cabrera	104-10247-10097
Gloria ВАМСТАLLA	104-10102-10237
Goldsmith	180-10143-10100
Goldsmith, M.	180-10131-10324
Golitsyn	104-10106-10325
Golli-Grigorevna PODSTAVINA	104-10176-10020
Gondon H. terut	104-10124-10037
Gonzalo ARELEM Martin	104-10073-10074
Gonzalo DIAZ Diaz	104-10072-10227
Gonzalo Lopez de la Torre	104-10103-10112
Goodpastor	104-10306-10018
Goodwin	104-10232-10018
Goodwin Shapiro	104-10529-10196
Goodwin, R.	157-10002-10056
Gorardo Quesada	104-10230-10153
Gordon	104-10306-10011
Gordon	177-10002-10097
Gordon Barton McLendon	104-10177-10220
Gordon C. Jung	104-10231-10418
Gordon Campbell	104-10231-10418
Gordon Chase	104-10306-10018
Gordon Chase	104-10306-10018
Gordon Dale SELFE	104-10105-10290
Gordon M. Ryerson	104-10175-10085
Gordon Mison	104-10291-10002
Gordon NOVEL	104-10106-10716
Gordon SLEEPER	104-10105-10290
Gordon Thompson	104-10177-10206
Gore	104-10326-10092
Goulart	104-10170-10064
Goulart	177-10002-10097
Goulart	177-10002-10101
Goulart	177-10002-10102
Governor Munoz Marin	104-10275-10176
Grace	104-10306-10011
Grace Roberts	104-10179-10027
Graciella Ponzio	104-10092-10340
Graham E. Schmid	157-10004-10095
Gramatges	104-10179-10134
Grant	104-10306-10011
Gray	178-10004-10054
Grayson Lynch	104-10174-10072
Greenwood	104-10306-10011
Gregorio R. TRABAN	104-10105-10290
Gregory G. SAMMAS	104-10069-10132
Gregory TOPDJU	104-10176-10015
Gregory Ye. GOLD	104-10172-10279
Gregory, Peter Paul	104-10117-10296
Gregson Bautzer	157-10004-10270
Gribanov	104-10332-10009
Griferiv GOB	104-10172-10278
Griffeth	104-10306-10011
Griffin	198-10005-10018
Gromyko	177-10002-10098
Grover J. Karing	104-10175-10085
Gruzder	104-10332-10009
Grès	104-10177-10219
Guatama Fonseca Zuniga	104-10165-10084
Guayo HERNANDEZ	104-10308-10086
Guevara	104-10179-10134
Guevara	198-10007-10021
Guillermo ARASTAGUIA	104-10185-10128
Guillermo Asper Valdes	104-10170-10051
Guillermo Belt	124-10213-10483
Guillermo GARCIA	104-10179-10104
Guillermo GONZALEZ	104-10171-10020
Guillermo GONZALEZ Lazo	104-10122-10147
Guillermo Moore	104-10177-10219
Guillermo Perez Fraga	104-10245-10000
Guillermo Rojas	104-10308-10044
Guillermo Ruiz	104-10181-10099
Guillermo SANTANA	104-10171-10020
Gulver LADD	104-10120-10381
Gumercindo SIMON Sanchez	104-10308-10023
Gunn	104-10332-10020
Gunnar Beckman	104-10095-10161
Gus Fortnam	104-10116-10261
Gustaf Wichtrich	104-10175-10179
Gustavo ARCOS y Bargnes	104-10163-10019
Gustavo Abasolo	104-10290-10309
Gustavo Arcos	104-10179-10182
Gustavo Arcos	104-10275-10176
Gustavo Arcos y Banatics	104-10247-10064
Gustavo Carcos y Bergnes	104-10234-10007
Gustavo Cuerve Rubio	124-10213-10483
Gustavo DIAZ Ordaz	177-10002-10069
Gustavo DIAZ Ordaz	177-10002-10070
Gustavo Dolgado bacullao	104-10230-10153
Gustavo Gonzalez	104-10216-10398
Gustavo Gonzalez	104-10247-10097
Gustavo MEDIAVILLA de la Pena	104-10163-10019
Gustavo ROBRENO Dolz	104-10163-10019
Gustavo Ribeaux	104-10230-10153
Gustavo Ribeaux Figueras	104-10230-10153
Gutierrez Menoyor Jesus Dieguez	104-10073-10133
Gutterez	104-10179-10113
Guy Vitate	104-10256-10428
H ANN MCDONNELL	104-10095-10161
H C STINERISER	104-10095-10075
H. Bartlett	124-90138-10007
H. D. Stevens	104-10209-10259
H. D. Stevens	104-10418-10378
H. Gilbert Smith	104-10183-10232
H. J. Osborn	104-10106-10300
H. M SIMON, JR., M.D.	104-10510-10141
H. M. Elwood	198-10007-10022
H. T. Bent	104-10110-10245
H.A.F. Hohler	176-10037-10453
H.E. Mull	104-10187-10014
H.F. Likin	104-10005-10321
H.F.SWENSON	104-10229-10097
HAFELE ODXOKE	104-10290-10199
HALPERIN, Maurice Hyman	104-10172-10112
HANN MCDONNELL	104-10095-10075
HANS ARTURO BODEWIG 7 LEUENBERGER	104-10192-10154
HANUEL SALVAT-COQUE	104-10170-10096
HAPPY	104-10180-10162
HARCLO E DAHLGREN	104-10095-10075
HARIYU Ichiro	104-10064-10012
HAROLD MOSELEY	124-90092-10016
HAROLD NONNEMACKER	104-10095-10075
HAROLD NONNEMACKER	104-10095-10161
HAROLD RETZLAFF	124-90092-10001
HAROLDE DAHLGREN	104-10095-10161
HARRY A CHANDLER	104-10095-10075
HARRY A CHANDLER	104-10095-10161
HARRY A. ROSITZKE	124-90092-10016
HARRY KISTNER	124-90092-10016
HARRY ROSITZKE	124-90092-10016
HARRY T MAHONEY	104-10095-10075
HARRY V. WITHERBY	104-10512-10101
HARRYT MAHONEY	104-10095-10161
HARTA (VALDES)	104-10516-10103
HASHIMOTO Mineo	104-10064-10012
HASPELL, Harry	104-10072-10212
HC STINEBISER	104-10095-10161
HC11lminley040803 HAWKINS	104-10095-10161
HECTOR I. GUTTIERREZ	104-10070-10272
HEIBERG	104-10014-10064
HEINZ	124-90092-10016
HEITSMAN	104-10218-10083
HENRY	104-10180-10162
HENRY HECKSCHER	124-90092-10016
HENRY PATINO	104-10070-10272
HENRYK IGNACY JANIKOWSKI	124-90137-10357
HERBERT	124-10326-10149
HERBERT MANELL	104-10095-10075
HERBERT MANELL	104-10095-10161
HERLIES	104-10234-10155
HERMES AHUMADA	104-10070-10272
HERNAI MAIU	104-10070-10272
HERNANDO CARAVITO NUNOZ	104-10070-10272
HESY, David R.	104-10113-10181
HESY, Endolph H.	104-10113-10181
HIDAKA Rokuro	104-10064-10012
HIDALGO, ANNIE LOUISE	104-10250-10267
HIDALGO, BALMES N., JR.	104-10250-10267
HIDALGO, Balmes, Jr.	104-10250-10199
HIDALGO, Jr., Balmes Nieves	104-10250-10200
HIDALGO, LUZ MARIA	104-10250-10267
HIDRACTD	104-10175-10085
HIGINIO DIAZ	104-10231-10418
HJACKELLOPS	104-10177-10219
HOGE	176-10037-10453
HOMER D SIMON'S JR	104-10095-10075
HOMER DJR SIMONS	104-10095-10161
HONORATO VIDAL MADRAZO	104-10221-10222
HOPKINS, John Abel	104-10072-10212
HORACIO LUELMO	104-10070-10272
HOSHINO Yasusaburo	104-10064-10012
HOTTA Yoshie	104-10064-10012
HOWARD ANDERSON	104-10101-10109
HOWARD ANDERSON	104-10290-10038
HOWARD J. PRESTON	104-10131-10016
HOWARD R. ALBAUGH	124-10221-10231
HOWARD T ETSINGER	104-10095-10161
HOWARD.T ETSINGER	104-10095-10075
HUBERT HUMPHREY	124-10326-10191
HUGH F HARRIS JR	104-10095-10075
HUGH F JR HARRIS	104-10095-10161
HUGHES	176-10036-10023
HUGO GOMES DA COSTA	104-10100-10396
HUGO JOSEPH VON KRAKAU	124-90155-10008
HULAKE-1	104-10308-10127
HUMBERTO CASTELLO	104-10070-10272
HUMBERTO NUNEZ	104-10231-10418
HUMPHREY	124-10326-10149
HUYNH HUU HIEN	176-10036-10143
HUYNH VAN CAO	176-10036-10142
HUYNH VAN CAO	176-10036-10143
HUYNH VAN LANG	176-10036-10142
HYDRACID	104-10175-10085
HYHULA-1	104-10235-10018
Ha Duong Doan	176-10036-10094
Hada Rosete	104-10236-10075
Hadden	104-10306-10011
Hafiz	177-10002-10096
Haig	198-10007-10021
Haig	198-10007-10022
Haig	198-10009-10098
Haig	202-10002-10124
Haile Selassie	177-10002-10097
Hal Swenson	180-10110-10100
Halaby	104-10306-10018
Hampton HOWARD	104-10120-10381
Hamuel CALICH	104-10183-10276
Han Hoffman	104-10172-10107
Hank Manfredi	104-10185-10009
Hank Manfredi	104-10185-10030
Hans	104-10171-10047
Hanuel Braña	104-10230-10153
Harael grizendo dento	104-10170-10051
Harco Antonio YON Зоза	104-10183-10276
Hardway	180-10143-10100
Hario BARRIENTOS	104-10183-10276
Harisonas	104-10188-10454
Harkins	176-10036-10095
Harkins	176-10036-10115
Harkins	176-10036-10137
Harkins	176-10036-10173
Harkins	177-10002-10102
Harlon a. Werthell	104-10107-10180
Harmodito Arias	104-10172-10001
Harold Dalghren	104-10095-10161
Harold Derber	198-10009-10098
Harold E. CHIPMAN	104-10105-10290
Harold E. CHIPMAN	104-10105-10290
Harold E. Ford	104-10408-10078
Harold E. MORTR3	104-10215-10004
Harold F. Ewenson	104-10183-10259
Harold F. Swenson	104-10131-10016
Harold F. Swenson	104-10185-10248
Harold F. Swenson	104-10256-10187
Harold Francis SAFLEY	104-10131-10016
Harold Francis Swenson	104-10131-10010
Harold G. TITSLER	104-10110-10243
Harold HAMILTON	104-10121-10191
Harold HORAN	104-10102-10233
Harold HORAN	104-10103-10103
Harold Isaacs	104-10173-10134
Harold J. SELDIN	104-10162-10247
Harold L. Brownman	104-10173-10130
Harold L. Brownman	104-10173-10132
Harold R. NOHMAYR	104-10170-10051
Harold S. Sawyer	104-10408-10078
Harold Stassen	104-10106-10325
Harold t. Swenson	104-10183-10260
Harriman	104-10306-10011
Harriman	104-10306-10011
Harriman	104-10306-10016
Harriman	104-10310-10020
Harriman	176-10036-10179
Harris	104-10101-10239
Harris Lyons	104-10166-10158
Harry A. Real	104-10175-10085
Harry ADERHOLT	104-10105-10290
Harry Charles PANOCK	104-10105-10290
Harry Dan Tuyl	104-10108-10026
Harry Graham	104-10179-10088
Harry Graham	104-10180-10062
Harry Little	180-10143-10227
Harry MUSTAKUS	104-10161-10321
Harry MYERS	104-10166-10158
Harry Mason	104-10119-10040
Harry Richard NACHBRUNN	104-10105-10290
Harry T. Mahoney	104-10095-10161
Harry T. Mahoney	104-10117-10075
Harry T. Mahoney	104-10183-10325
Harry TRIANOSKY	104-10105-10290
Hart	157-10002-10165
Hart	198-10007-10021
Haruel CARBONKL	104-10179-10104
Harvey	157-10005-10141
Harvey BROWER	104-10166-10158
Harvey Lowmyer	104-10071-10139
Harvey Lowmyer	104-10072-10034
Harvey Lowmyer	104-10178-10136
Harvey Lowmyer	104-10322-10056
Harvin CASTRO	104-10183-10276
Haurice SCHLUMEERGER	104-10106-10716
Haviland SMITH Jr.	104-10105-10290
Haydee	124-90041-10023
Haydos SANTECIA	104-10179-10104
Head BURCHHARDT	104-10171-10138
Hearst	104-10306-10011
Heberto JORRIN	104-10072-10228
Hector	198-10007-10021
Hector	198-10007-10021
Hector Bogantes Zamora	198-10008-10119
Hector CALLO Portieles	104-10072-10228
Hector CORNEJO Chavez	104-10192-10110
Hector Febles	104-10169-10269
Hector Jordi Chambonyer	104-10183-10259
Hector PERAZA SOSAn	104-10231-10042
Hector Rafael Lapa Vazquez	104-10092-10340
Hector Villalon	177-10001-10305
Hector Villalon	198-10008-10119
Hector de la Pasarella Puentes	104-10171-10013
Heinrich Lorenz	157-10014-10242
Heinz Theodor WEINER	104-10073-10113
Heled W. Natthe	104-10187-10014
Helen Caporla	104-10171-10047
Helen H. Stilson	104-10178-10334
Helen POINDEXTER	104-10250-10200
Helena TORO	104-10172-10105
Helene I. DAHLERUP	104-10049-10375
Helene I. DAHLERUP	104-10265-10141
Helms	104-10119-10183
Helms	104-10173-10130
Helms	104-10173-10132
Helms	104-10185-10009
Helms	104-10185-10030
Helms	104-10306-10007
Helms	104-10306-10010
Helms	104-10306-10011
Helms	104-10306-10018
Helms	104-10306-10020
Helms	104-10308-10208
Helms	157-10002-10165
Helms	157-10011-10083
Helms	157-10014-10109
Helms	178-10002-10091
Helms	178-10002-10215
Helms, Richard	157-10004-10144
Henri CURIEL	104-10106-10716
Henri Ceorges DOLL	104-10106-10716
Henry C. Woodward	104-10130-10215
Henry Cabot Lodge	176-10036-10138
Henry Cabot Lodge, Jr.	176-10036-10116
Henry Darkin	104-10174-10030
Henry E. Walton	104-10291-10004
Henry Franklin POLACEK	104-10105-10290
Henry King Stanford	104-10104-10094
Henry Kissinger	104-10177-10217
Henry Kitchens	104-10308-10163
Henry Lee	176-10037-10453
Henry Lopez	104-10174-10030
Henry P. Lopes	104-10174-10036
Henry P. Lopes	104-10174-10058
Henry P. Lopez	104-10119-10220
Henry P. Lopez	104-10174-10037
Henry Pleasants	104-10105-10271
Henry Pleasants	104-10105-10277
Henry Pleasants	104-10105-10293
Henry R. Ganlingay	104-10169-10139
Henry SATINSKAS	104-10105-10290
Henry SEALE	104-10105-10290
Henry SOLNZEFF	104-10105-10290
Henry SORENSON	104-10105-10290
Henry STAROSTENKO	104-10105-10290
Henry W. Darkin	104-10174-10038
Henry W. Darkın	104-10174-10043
Henry06	104-10180-10165
Henryk HRANKROWSKI	104-10102-10233
Henryk HRANKROWSKI	104-10103-10103
Hensel, Karl C.	104-10111-10104
Henty E. Mulloy	104-10187-10014
Herb BRIGGS	104-10105-10290
Herb Mathews	104-10174-10038
Herb Simmons	104-10108-10026
Herbert	104-10306-10011
Herbert	104-10529-10329
Herbert BRANTLEY	104-10105-10290
Herbert F. JENNE	104-10308-10029
Herbert Garfinkel	104-10433-10209
Herbert I. Teitelbaum	104-10177-10206
Herbert Itkin	104-10106-10325
Herbert Itkin	104-10107-10089
Herbert Itkin	104-10107-10135
Herbert Itkin	104-10107-10137
Herbert Itkin	104-10119-10040
Herbert L. Barker	104-10163-10136
Herbert Levy	124-90139-10070
Herbert Levy	124-90139-10071
Herbert Manell	104-10095-10161
Herbert Matthews	104-10174-10037
Herbert Matthews	124-90135-10074
Herbert Scoville	104-10165-10077
Herbert V. Juml	104-10161-10154
Herbert Yamada	104-10290-10210
Heriberto	104-10075-10373
Heriberto SARDINA Del Campo	104-10170-10146
Heriberto SARDINAS Campo	104-10172-10147
Herman Axelbank	104-10170-10145
Herman BROWN	104-10117-10203
Herman Brown	104-10116-10261
Herman Horton	104-10122-10307
Herman KIMSEY	104-10120-10381
Herman Mark Muving Goodman	104-10072-10013
Herman Satrapinsky	104-10016-10021
Herminio Diaz	104-10178-10096
Herminio Portell Vila	124-10213-10483
Hermione	104-10119-10183
Herold Derber	198-10004-10207
Hester ROOS	104-10065-10028
Hidalgo	104-10188-10015
Hidalgo, Balines N. Jr.	104-10120-10301
Hikhail Kotov	104-10064-10012
Hilario CASILLERO RODRIGUEZ	104-10231-10042
Hilario Claure	177-10001-10305
Hilda Inclán	104-10177-10217
Hilda Quintana	104-10234-10148
Hilsman	176-10036-10135
Hilton Lynn	104-10529-10182
Hipolito LAZARO	104-10171-10003
Hirtha Borras	104-10165-10084
Ho Chi Minh	176-10036-10137
Hobart J. VANDEBORN	104-10102-10237
Hobart J. VANDEBORN	104-10103-10112
Hodesto CASTANER LOPEZ	104-10231-10042
Holden	104-10217-10228
Holloway	202-10002-10124
Holmes	124-10326-10103
Holmes	124-90060-10015
Home	177-10002-10103
Homme	104-10122-10344
Hood	104-10187-10014
Hoover	104-10306-10010
Hoover	124-10273-10070
Hoover, J. Edgar	104-10172-10112
Horace E. PRALLETT	104-10188-10015
Horace SPEED	104-10105-10290
Horace Speed	104-10185-10248
Horace W. Davis	104-10174-10038
Horace W. Davis	104-10174-10058
Horacio Fuentes Martinez	104-10181-10099
Horacio Sualdo	104-10192-10110
Horacio de la Fuente	104-10177-10219
Horatio Moya Posas	104-10165-10084
Horner	178-10004-10053
Hortensia ORIZONDO Meneses	104-10234-10105
Hortensia Orizondo Meneses	104-10234-10102
Horton	124-10273-10070
Hosea Williams	104-10433-10209
Hou Dube	104-10433-10209
Houlton	104-10119-10183
Houston	104-10107-10135
Houston	104-10107-10137
Houston	104-10306-10007
Houston	104-10306-10011
Houston	104-10306-10020
Howard ClaSHOP	104-10105-10290
Howard G. FIGALAN	104-10072-10227
Howard H. Antell	104-10172-10001
Howard Hughes	104-10122-10344
Howard Hughes	157-10011-10048
Howard Hunt	104-10095-10161
Howard Hunt	104-10103-10038
Howard J. Osborn	104-10059-10099
Howard J. Osborn	104-10123-10219
Howard OSBORNE	104-10120-10373
Howard T. BAGAUS	104-10187-10014
Howard Zinn	104-10064-10012
Howard Zinn	104-10433-10209
Howell d. Christy	104-10177-10220
Howland Edward MALAERE	104-10105-10290
Huang Tien-Mai	176-10037-10454
Huber Matos	198-10005-10017
Huerth	157-10002-10165
Hugh C. MCDONALD	104-10124-10149
Hugh C. McDonald	104-10413-10306
Hugh Kessler	104-10066-10076
Hugh Kessler	104-10095-10276
Hugh Montague	104-10171-10106
Hugh Roy CULLEN	104-10117-10203
Hugh T. FRANCOTTE	104-10188-10015
Hughes	104-10226-10001
Hugo	104-10185-10030
Hugo BARRIOS K100	104-10048-10252
Hugo Blanco	176-10036-10065
Hugo Blanco	177-10001-10305
Hugo Blanco	177-10002-10016
Hugo Blanco	198-10009-10099
Hugo GOMEZ OYARZABAL	104-10231-10042
Hugo Gonzalez Lajonchere	124-90135-10074
Hugo R. SAMARA LORENZO	104-10231-10042
Hugo ROMAN ACEVEDO	104-10231-10042
Hugo SALINAS Price	104-10218-10035
Hull, Harris B.	104-10111-10104
Hull, Kenneth D. Jr.	104-10111-10104
Humberte Medrano	124-10213-10483
Humberto Antoliano ARMADA Guerra	104-10234-10105
Humberto BORIA Faria	104-10226-10011
Humberto Bergara	104-10076-10375
Humberto CASAS	104-10308-10086
Humberto CREME CANTER	104-10231-10042
Humberto GONZALEZ Juares	104-10072-10001
Humberto RODRIGUEZ	104-10179-10104
Humberto SOLIS JURADO	104-10231-10042
Humberto Sori Marin	124-90135-10074
Humberto Vergara	104-10234-10102
Humphrey	104-10306-10007
Humphrey R. Boncavil	104-10216-10199
Humphrey R. Boncavil	104-10295-10001
Hunt	104-10071-10139
Hunt	104-10306-10011
Hunt	124-10273-10070
Hurwitch	104-10227-10046
Hurwitz	104-10232-10018
HuyNH VAN LANG	176-10036-10134
Huynh Huu Hien	176-10036-10094
Huynh Huu Hien	176-10036-10149
Huynh Van Cao	176-10036-10113
Huynh Van Lang	176-10036-10099
Huynh Van Lang	176-10036-10149
Hyman HORLIK	104-10162-10247
I. Irving Davidson	104-10216-10075
I. Kanzell	104-10163-10136
I. Shroder	124-10281-10028
I. W. Conrad	124-10273-10104
I.T. TRUGUBENKO	104-10413-10306
ICHII Saburo	104-10064-10012
IDEN A	104-10100-10086
IDEN A	104-10104-10172
IDEN A	104-10170-10036
IDEN A	104-10174-10043
IDEN A	104-10216-10002
IDEN A	104-10216-10273
IDEN A	104-10308-10054
IDEN B	104-10100-10086
IDEN B	104-10104-10172
IDEN B	104-10170-10036
IDEN B	104-10216-10002
IDEN B	104-10308-10054
IDEN B	104-10528-10052
IDEN BARLATTE FRANCOISE HEZARIFEND	104-10527-10277
IDEN C	104-10104-10172
IDEN C	104-10183-10022
IDEN C	104-10308-10054
IDEN D	104-10104-10172
IDEN E	104-10104-10172
IDZN A	104-10528-10052
IGNACIO	104-10267-10196
IGNACIO ACOSTA	104-10070-10272
IGUACIO	104-10179-10022
IIDA Momo	104-10064-10012
IKEYAMA Juro	104-10064-10012
IMBERT	104-10165-10169
INE PRENTICE R MARHE	104-10095-10075
INES DAVILA	124-10284-10171
INTERIAN, Leodorino	104-10115-10074
INUNOZ Gimeno, Miguel Guillermo	104-10072-10212
IRINA	104-10218-10060
IRINA SHURAKOVA	104-10059-10188
IRMA BRONDER	104-10095-10075
IRMA BRONDER	104-10095-10161
ISABEL MONAL	104-10070-10272
ISABELLE WEITZEL	104-10095-10075
ISABELLE WEITZEL	104-10095-10161
ISENBERG, Don L.	104-10111-10044
ISENBERG, Don L.	104-10111-10045
ISHIDA Takeshi	104-10064-10012
ISRAEL (GARCIA)	104-10075-10042
IZQUIERDO	104-10075-10200
IZUMI Taku	104-10064-10012
Identity	104-10216-10073
Ifigenio ALMEJEIRAS	104-10179-10104
Ignacio Acosta Lagunes	104-10187-10030
Ignacio Arjona	104-10170-10051
Ignacio Gonzales	104-10117-10076
Ignacio LIDON	104-10179-10104
Ignacio Pla Martinez	104-10171-10044
Ignacy SACHS	104-10102-10233
Ignacy SACHS	104-10103-10103
Ignarra Matarran	104-10308-10269
Ikvo Kasai	104-10177-10220
Incanuel Holger	104-10177-10219
Inderfurth	157-10002-10165
Ines	104-10075-10373
Inonu	104-10290-10190
Inonu	104-10306-10011
Inonu	104-10306-10018
Inonu	177-10002-10098
Inonu	177-10002-10101
Intonio de Jesus (Pineda) Cabrera	104-10101-10247
Inu BARRIOS	104-10052-10130
Inu LINARES	104-10172-10001
Ira Morris	104-10064-10012
Irene (Milian)	104-10076-10375
Irene ADAMSKY	104-10176-10015
Irene BARUCH	104-10102-10233
Irene BARUCH	104-10103-10103
Irving Davidson	104-10216-10046
Irving Green	104-10177-10206
Irving N. PEGGINS	104-10102-10237
Irving N. PEGGINS	104-10103-10112
Isaac Cohen	104-10216-10075
Isaac Newton Tonne	104-10117-10203
Isaac Newton Towne	104-10116-10261
Isabel Alonso	104-10170-10051
Isabel MENOCOL	104-10102-10237
Isabel MENOCOL	104-10103-10112
Isabel OHL Romero do Sosa	104-10183-10276
Isabela	104-10075-10225
Isidoro Esquerra Fernandez	104-10171-10018
Isidro Borja	104-10170-10051
Isidro Contreras	104-10308-10269
Isidro ROSALES	104-10072-10227
Ismael Rodriguez	124-90139-10050
Isonge Winters	104-10119-10247
Israel PADILLA	104-10073-10101
Israel SATAA Alvares	104-10171-10020
Itkin	104-10107-10085
Ivan ANNOYEV	104-10172-10279
Ivan BACA	104-10183-10276
Ivan Danilo RODRIGUSZ Icon	104-10183-10276
Ivan Efimovich SERGEEV	104-10263-10139
Ivan Gavrilevich ALFEROV	104-10162-10014
Ivan Gerald Shapiro	104-10169-10282
Ivan I. NOSENKO	104-10534-10173
Ivan Petrovich KARCHIN	104-10177-10224
Ivan Yefimovich SERGEYEV	104-10172-10279
Ivanu Yulyanovichu Adomovichu	104-10130-10215
Ivar JOANSON	104-10105-10290
Ivar TIJENKINS	104-10105-10290
J. Barry Harrelson	104-10332-10020
J. C. KING	104-10077-10296
J. C. KING	104-10078-10014
J. C. KING	104-10100-10394
J. C. KING	104-10162-10014
J. C. KING	104-10529-10182
J. C. King	104-10130-10343
J. C. King	104-10171-10220
J. C. King	104-10175-10085
J. D. Alger	198-10004-10207
J. D. Alger	198-10007-10022
J. D. Alger	198-10008-10119
J. D. Alger	198-10009-10098
J. D. ESTARLINE	104-10179-10027
J. D. Sterline	104-10180-10155
J. Edgar Hoover	104-10074-10007
J. Edgar Hoover	104-10122-10307
J. Edgar Hoover	104-10306-10018
J. Edgar Hoover	104-10423-10337
J. F. Kennedy	104-10215-10035
J. Foster Collins	104-10051-10106
J. Foster Collins	104-10132-10092
J. Foster Collins	104-10133-10437
J. Foster Collins	104-10209-10259
J. Foster Collins	104-10300-10124
J. Foster Collins	104-10418-10378
J. Foster Collins	104-10437-10079
J. J. Kelly	157-10004-10095
J. J. MALANE	104-10121-10191
J. J. MULLANE	104-10180-10179
J. J. Mullane, Jr.	104-10121-10263
J. Kaufman	104-10188-10015
J. Keith Reid	104-10291-10003
J. Lee Rankin	104-10004-10213
J. M. Fiol	104-10170-10051
J. McCone	124-10325-10318
J. O'Connell	104-10121-10366
J. P. Mohr	124-10273-10104
J. Patrick Coyne	124-10325-10318
J. S. Reff	104-10119-10338
J. SANTOS RIVERA	104-10070-10272
J. V. Carpenter, III	198-10007-10022
J. W. Brown	124-10273-10104
J. W. Carpenter	198-10004-10207
J. W. Carpenter	198-10009-10098
J. W. Carpenter, III	198-10008-10119
J. WALTER YEAGLEY	124-10332-10047
J. Wesley Reynolds	104-10219-10282
J. Whitten	104-10100-10199
J.A. MORALES	104-10229-10002
J.C.	104-10100-10247
J.C. Connell	104-10123-10220
J.C. ILING	104-10119-10183
J.C. ZING	104-10100-10157
J.C.KING	104-10229-10097
J.K.	104-10163-10136
J.L. Olmstead	104-10291-10002
J.M. Clark	104-10059-10099
J.S. KNO	104-10100-10185
JACINTE CACERES PILARES	104-10070-10272
JACK CANNON	104-10221-10222
JACK SHEA	104-10221-10222
JACK SOBLE	104-10106-10716
JACK STEWART	104-10095-10075
JACK STEWART	104-10095-10075
JACK STEWART	104-10095-10161
JACOB FRANTZ	104-10070-10272
JAJAVE	104-10075-10232
JAMES CRITCHFIELD	124-90092-10016
JAMES D. HAYES	124-10332-10018
JAMES D. HAYES	124-10332-10047
JAMES E ANDERSON	104-10095-10075
JAMES E ANDERSON	104-10095-10161
JAMES E FLANNERY	104-10095-10161
JAMES EM FLANNERY	104-10095-10075
JAMES F DI NAGEN	104-10095-10161
JAMES F DINAGEN	104-10095-10075
JAMES HANDLE	104-10183-10262
JAMES KELL	104-10166-10158
JAMES MC MILLAN	124-90155-10008
JAMES NOEL	104-10119-10183
JAMES R Kelly	104-10177-10219
JAMES W. MCCORD, JR.	104-10123-10407
JANET NIXON	104-10527-10424
JANNEY	104-10177-10219
JAS/Div/Taske	104-10163-10136
JAS/ESAC	104-10163-10136
JAY B. B. L. REEVES	104-10069-10112
JAY B. L. REEVES	104-10226-10117
JCKING	104-10529-10196
JEAN L LINTON	104-10095-10075
JEAN L LINTON	104-10095-10161
JENZMAN	104-10187-10009
JEREMY X BENADUM	104-10179-10143
JEROME W. GREINER	104-10215-10146
JESUS BADAL	104-10219-10418
JESUS RIERA FERRO	104-10183-10376
JHASH HAVARA	104-10179-10027
JHAVE	104-10078-10020
JIMENEZ	104-10163-10019
JO AN BERNAFO	104-10095-10161
JOACHIM JOESTEN	124-10369-10022
JOAN A SALMCA	104-10095-10075
JOAN A SALMON	104-10095-10161
JOAN BERNATO	104-10095-10075
JOAN G SILVERLIEB	104-10095-10075
JOAN G SILVERLIEB	104-10095-10161
JOAN GRASSIE	104-10077-10076
JOANNE LEE HARRIS	104-10095-10075
JOANNE LEE HARRIS	104-10095-10161
JOAQUIN KEHNANDEZ ARMAS	104-10290-10046
JOAQUIN MIRABAL	104-10093-10109
JOBAIN	104-10052-10130
JOE BENTON HIGH	124-90092-10016
JOHANNA SMITH	104-10172-10111
JOHN A CLINTON	104-10095-10075
JOHN A CLINTON	104-10095-10161
JOHN B BRADY	104-10095-10075
JOHN B BRADY	104-10095-10161
JOHN BONILLA	104-10221-10222
JOHN C NEELY	104-10095-10075
JOHN C NEELY	104-10095-10161
JOHN CASSERLY	124-90124-10092
JOHN DIMMER	124-10180-10295
JOHN F. KENNEDY	104-10076-10058
JOHN F. KENNEDY	104-10077-10087
JOHN F. KENNEDY	104-10077-10112
JOHN F. KENNEDY	104-10077-10382
JOHN F. KENNEDY	104-10100-10065
JOHN F. KENNEDY	104-10100-10090
JOHN F. KENNEDY	104-10100-10185
JOHN F. KENNEDY	104-10100-10247
JOHN F. KENNEDY	104-10101-10215
JOHN F. KENNEDY	104-10110-10095
JOHN F. KENNEDY	104-10172-10059
JOHN F. KENNEDY	104-10180-10233
JOHN F. KENNEDY	104-10183-10022
JOHN F. KENNEDY	104-10183-10240
JOHN F. KENNEDY	104-10183-10262
JOHN F. KENNEDY	104-10216-10338
JOHN F. KENNEDY	104-10219-10418
JOHN F. KENNEDY	104-10234-10115
JOHN F. KENNEDY	104-10234-10124
JOHN F. KENNEDY	104-10290-10062
JOHN F. KENNEDY	104-10290-10199
JOHN F. KENNEDY	104-10298-10095
JOHN F. KENNEDY	104-10512-10101
JOHN F. KENNEDY	104-10516-10227
JOHN F. KENNEDY	104-10527-10277
JOHN F. KENNEDY	124-10326-10149
JOHN F. KENNEDY	124-10326-10191
JOHN F. KENNEDY	124-90124-10055
JOHN F. KENNEDY	177-10001-10061
JOHN FITZGERALD KENNEDY	124-10237-10009
JOHN G. SOUTHARD	104-10182-10128
JOHN H. SHEEHAN	124-90140-10005
JOHN HEIDEN KAUFMAN	124-90092-10016
JOHN KOPERA	124-90092-10016
JOHN PARKER	124-90092-10016
JOHN R. BARRON	124-10284-10171
JOHN R. BARRON	124-10284-10172
JOHN S MORGAN	104-10095-10075
JOHN S MORGAN	104-10095-10161
JOHNSON	177-10001-10060
JOHNSON	177-10001-10061
JONES	104-10124-10149
JONES	124-10369-10022
JORGE AMADO	104-10070-10272
JORGE ANTONIO ABASOLO GARCIA	104-10093-10109
JORGE PERIGU CARDENAS	104-10070-10272
JORGE RAUL ROBLEJO LORIE	124-10300-10012
JORGE ZALAMEA	104-10070-10272
JORGENSON, Gordon L.	104-10111-10104
JORN F. BREWER	104-10177-10220
JOSE ANTONIO PORTUONDO	124-10239-10171
JOSE ARTECONA	104-10170-10036
JOSE CAMPOS PEREZ	104-10076-10277
JOSE E. MONTEAGUDO	104-10298-10095
JOSE ELEUTERIO PEDRAZA CABRERA	124-10279-10258
JOSE FERNANDEZ	104-10185-10117
JOSE FERNANDEZ BADUE	104-10231-10418
JOSE FERNANDEZ SADUE	104-10172-10059
JOSE FONDEA	104-10070-10272
JOSE GARCIA VALDEC	104-10179-10209
JOSE GLANUZAKHET	104-10308-10165
JOSE IGLESIAS	104-10216-10338
JOSE IGNACIO RASCO	104-10220-10294
JOSE JOFFILY	104-10070-10272
JOSE LUIS (ZALA)	104-10100-10090
JOSE LUIS (ZALA)	104-10528-10056
JOSE LUIS AGUILAR DE LEON	124-90124-10055
JOSE LUIS GONZALEZ GALLARRETTA	104-10077-10369
JOSE MARIA VARVAS	104-10070-10272
JOSE MIRO CARDONA	104-10167-10366
JOSE MIRO CARDONA	104-10298-10095
JOSE MIRO CARDONA	124-10326-10191
JOSE PINEIRO PAEZ	124-90124-10055
JOSE RASCO BERMUDA	124-90041-10023
JOSE SANTIAGO CUBAS	104-10070-10272
JOSE TOHA	177-10001-10064
JOSEFA	104-10290-10038
JOSEFA PALENZUKIA	104-10101-10109
JOSEFINA	104-10290-10038
JOSEFINA CRESPO	104-10101-10109
JOSEPH BURK	124-90092-10016
JOSEPH CHARLES (JAY) JOUBLANC	124-90092-10016
JOSEPH F BRIDGE	104-10095-10075
JOSEPH F BRIDGE	104-10095-10161
JOSEPH F. PEARSON	104-10077-10266
JOSEPH G SANCHO	104-10095-10075
JOSEPH G SANCHO	104-10095-10161
JOSEPH LANGOSCH	104-10216-10397
JOSEPH M RESCI GNO	104-10095-10161
JOSEPH M. HUDACEK	104-10215-10146
JOSEPH P ASHLEY	104-10095-10075
JOSEPH P ASHLEY	104-10095-10161
JOSEPH RAYMOND MEROLA	124-90110-10070
JOSEPH S PICCOLC	104-10095-10075
JOSEPH S PICCOLC	104-10095-10161
JOSEPH S PICCOLO	104-10095-10075
JOSEPH S PICCOLO	104-10095-10161
JOSEPH S. REFF	104-10119-10339
JOSEPH T. GENCO	124-10239-10171
JOSUE DE CASTRO	104-10070-10272
JOVE	104-10180-10179
JP GIAMMARINO	104-10095-10075
JRASHOV	104-10172-10279
JUAN (MULAT) SANCHEZ	104-10075-10042
JUAN BAUTISTA (GONZALEZ) FRANCISCO	104-10075-10250
JUAN CARLOS ESPINA	104-10070-10272
JUAN CENDRA	104-10075-10232
JUAN DE LA CRUZ VARELA	104-10070-10272
JUAN ESPINOSA GONZALEZ	104-10183-10376
JUAN MARINELLO	104-10070-10272
JUAN MENDEZ	104-10180-10176
JUAN VENTURA VALKER	104-10183-10044
JUAN VENTURA VALNER	104-10234-10115
JUDE	104-10076-10000
JUDITH A HOOPES	104-10095-10075
JUDITH A HOOPES	104-10095-10161
JUDITH SALGADO	104-10070-10272
JUHILLI	104-10183-10261
JULIA	104-10097-10077
JULIO C. RIVERA	104-10070-10272
JULIO DE SANTIAGO	104-10070-10272
JULIO E. ACOSTA	104-10070-10272
JULIO GARCERAN	104-10221-10222
JULIO RODRIGUEZ	104-10101-10198
JUNAVE 1	104-10183-10261
JUSTIN F. GLEICHAUF	124-10332-10018
Jacal S. Ententeme	104-10178-10096
Jacinto Luzarraga	104-10308-10044
Jack Anthony KIMEY	104-10105-10290
Jack Bauman	104-10106-10300
Jack Bell	176-10036-10073
Jack De Lacy	104-10527-10424
Jack Delaney	104-10100-10251
Jack Dolency	104-10100-10192
Jack ELGERT	104-10164-10032
Jack Edward Dunlap	124-10325-10318
Jack Flynn	104-10131-10010
Jack HAWKINS	104-10105-10290
Jack Hymn	104-10183-10346
Jack KIDA	104-10105-10290
Jack KLOERT	104-10164-10032
Jack Kennedy	104-10114-10152
Jack Kennedy	104-10114-10160
Jack King	176-10036-10073
Jack Malloch	104-10182-10073
Jack Northan Anderson	104-10216-10075
Jack P. Ruina	104-10165-10077
Jack RUBENSTEIN	104-10519-10184
Jack Ruby	157-10002-10165
Jack SOUTHARD	104-10120-10373
Jack Scanlan	104-10122-10147
Jack Stewart	104-10095-10161
Jack U. Clark	104-10059-10099
Jack W. Andrews	104-10107-10180
Jack WALLIN	104-10105-10290
Jack Youngblood	104-10165-10004
Jackson, M.	180-10131-10324
Jacob B. HUUSCHWOOD	104-10183-10346
Jacob D. Esterline	104-10162-10121
Jacob D. Esterline	104-10183-10333
Jacob GOLDER	104-10120-10378
Jacob SACKLOVE	104-10121-10191
Jacobo ARBENZ Ouzman	104-10183-10276
Jacome RODRIGUEZ GONZALEZ	104-10231-10042
Jacqueline Frankfort	104-10332-10009
Jacques Duclos	104-10074-10007
Jacques Mornard	104-10172-10107
Jagan	104-10290-10190
Jaime	104-10215-10200
Jaime CARBONELL Rivero	104-10308-10023
Jaime DURAN Hernando	104-10183-10276
Jaime Nebot Velasco	104-10216-10073
Jaime Sanchez Papo	104-10185-10247
Jake (Esterline)	104-10119-10183
Jake B	104-10119-10183
Jake ESTERLINE	104-10161-10321
Jake Esterline	178-10002-10091
Jake Esterline	178-10002-10215
Jake Esterline	178-10002-10279
Jake Esterling	157-10011-10083
James A. Franklin	104-10120-10290
James A. PERRY	104-10172-10107
James Allen CUNNINGHAM Jr.	104-10105-10290
James Angleton	124-10326-10098
James Angleton	124-10326-10099
James Angleton	124-10326-10100
James Angleton	124-10326-10103
James Angleton	124-90110-10071
James Angleton	124-90110-10072
James B. Lau	104-10120-10378
James B. Wilcott Jr.	104-10256-10208
James BROWN	104-10105-10290
James Balog	104-10217-10000
James Barb	104-10216-10171
James Buchanan	104-10192-10266
James Buchanan	104-10298-10184
James Callaghan	104-10012-10035
James Callaghan	104-10431-10102
James Condon	104-10254-10015
James Costello	104-10104-10172
James E. Burkart	104-10121-10366
James E. Flannery	104-10181-10099
James E. Flannery	104-10187-10014
James Earl Ray	104-10012-10035
James Earl Ray	104-10066-10010
James Earl Ray	104-10071-10404
James Earl Ray	104-10147-10304
James Earl Ray	104-10178-10120
James Earl Ray	104-10178-10124
James Earl Ray	104-10178-10130
James Earl Ray	104-10322-10056
James Earl Ray	104-10431-10102
James Earl Ray	104-10433-10209
James Endicott	104-10064-10012
James F. KINANDER	104-10105-10290
James F. O'Connell	104-10123-10098
James Farriss	104-10216-10075
James Fitchett	104-10122-10147
James Flannery	104-10095-10161
James Flannery	180-10110-10100
James Flint	180-10143-10227
James Franklin	104-10112-10186
James Franklin	104-10120-10276
James Garrison	104-10104-10262
James Garrison	104-10326-10101
James Garrison	104-10332-10023
James Gl. Kole	104-10177-10220
James Henry AIMAN	104-10105-10290
James Henry STEVENS	104-10105-10290
James J. Rowley	104-10310-10020
James L. GRIFFITHS	104-10263-10139
James L. VINING	104-10105-10290
James Lee	104-10169-10282
James Leigh WHITE	104-10172-10107
James Louis VALCHIN	104-10105-10290
James Mathis	177-10002-10096
James McBride	104-10071-10404
James McBride	104-10178-10130
James O'Connell	157-10014-10109
James O'Connor	104-10071-10404
James O'Connor	104-10178-10130
James Olson	124-90092-10001
James P. O'CONNOR	104-10124-10149
James P. O'Connell	104-10123-10097
James P. O'Connell, Jr.	104-10123-10219
James Papich	124-90137-10468
James Paul Olds	104-10123-10098
James R. Oliver	104-10332-10023
James R. Palinger	104-10215-10003
James R. Palinger	104-10295-10168
James S. Owens	104-10166-10158
James S. Woods	104-10291-10004
James STROUSE	104-10250-10199
James W. Franklin	104-10105-10290 (C06932214)
James W. Franklin	104-10130-10485
James W. Franklin	104-10256-10187
James W. McCord, Jr.	104-10123-10219
James W. McCord, Jr.	104-10123-10421
James Walton	104-10071-10404
James Walton	104-10178-10130
James Wilkinson	104-10219-10154
James Winston BARNAUD	104-10105-10290
James Woolsey	104-10332-10009
James Zirkle	104-10332-10009
Jand Candies Diaz Rojas	104-10167-10297
Jandore Jiamny	104-10172-10001
Jane Constance Kroll Rogers	104-10172-10111
Jane Roman	124-10281-10028
Jane Roman	124-90137-10067
Jane Roman	124-90137-10467
Jane Roman	124-90138-10004
Jane Roman	124-90138-10066
Jane Zerance	104-10308-10029
Janet Jagan	104-10338-10018
Janet Nixon	104-10100-10251
Janet Rae Wichtrich	104-10175-10179
Janio Quadros	176-10037-10440
Janis DAIGA	104-10105-10290
Janos POLING	104-10105-10290
Janus KANTAS	104-10106-10716
Jarima WE	104-10130-10356
Jas T. Bull	104-10121-10021
Jasi 100	104-10171-10138
Javier Alvares de la Torre	104-10162-10108
Jay Alpern	104-10179-10167
Jay Lovestone	124-10326-10098
Jean C. LEGRAND	104-10106-10716
Jean K. Saurel	104-10166-10262
Jean Norbert MONTERO	104-10183-10276
Jean QUILLARON	104-10179-10104
Jean Schramme	104-10182-10073
Jean-Paul Sartre	104-10064-10012
Jeane De Mohrenschildt	104-10166-10262
Jeans Rodriguez Alesen	104-10171-10106
Jegoberto DARIAS SORIANO	104-10231-10042
Jen SHERWOOD	104-10105-10290
Jennifer Cuddeback	177-10002-10096
Jeremiah J. Mullane Jr.	104-10120-10297
Jeremy Gunn	104-10332-10009
Jerm	104-10185-10030
Jerome F. BECERT	104-10105-10290
Jerry Ford	104-10177-10217
Jervay	104-10179-10134
Jervay	104-10179-10136
Jerzy Plebanski	104-10097-10170
Jesse Brern	104-10169-10139
Jesse R. GARDALPHE	104-10187-10009
Jesus Antonio PAZ	104-10183-10276
Jesus CABRERA	124-90041-10023
Jesus GOMEZ Calzadilla	104-10308-10062
Jesus Gregorio PEREZ	104-10171-10044
Jesus Gregorio PEREZ	104-10308-10023
Jesus JIMENEZ Escobar	104-10072-10227
Jesus LOPEZ Guerrara	104-10227-10153
Jesus YANES Rodriguez	104-10186-10264
Jesús. DELGADO GARCIA	104-10231-10042
Jeune LESUE WIZELMAN	104-10166-10158
Jezus ARIAS GARCIA	104-10231-10042
Jim Marcus	104-10107-10135
Jim McCord	104-10066-10076
Jim McInerny	104-10122-10307
Jim Noel	104-10173-10130
Jim Noel	104-10173-10132
Jim Norel	104-10119-10183
Jimmy Carter	104-10012-10035
Jimmy Carter	104-10431-10102
Joachim Joester	104-10005-10321
Joan Baez	104-10064-10012
Joan Paxson	104-10012-10022
Joan Paxson	104-10431-10091
Joan SCHRIER	104-10185-10244
Joao Amazonas	177-10001-10305
Joao Goulart	104-10338-10018
Joao Goulart	176-10037-10440
Joaquim Ferreira	177-10001-10305
Joaquin Antonio Jimenes Jimenes	104-10171-10013
Joaquin Camilo GARCIA Alonso	104-10072-10227
Joaquin Godoy	104-10298-10184
Joaquin HERNANDES	104-10072-10228
Joaquin Mas Martinez	104-10072-10289
Joaquin Mirabal	104-10177-10047
Joaquin Mirabal	104-10290-10309
Joaquin POWELL Rubio	104-10170-10146
Joaquin Sagorio	104-10232-10018
Joaquín PELARZ Canallata	104-10179-10104
Joaquín SEBARKS	104-10179-10104
Joasi Godoy	104-10192-10266
Joe DIAR	104-10179-10104
Johanna BEKER	104-10106-10716
Johanna Morris BLOCK	104-10164-10032
Johannes Schauff	104-10192-10110
John	104-10172-10001
John A. Castoroye	104-10183-10333
John A. McCone	104-10306-10020
John A. PROBERT	104-10188-10015
John Albert BREITHEIM	104-10105-10290
John Allen Wichtrich	104-10175-10179
John Allrem Johnson	198-10005-10018
John B. Stanley	180-10143-10227
John BONNET	104-10250-10199
John Brady	104-10095-10161
John Bross	104-10306-10007
John C. Murray	104-10187-10014
John C. Roberts	104-10226-10045
John Carlson	104-10173-10104
John Conyers, Jr.	104-10337-10001
John Crimins	104-10306-10018
John Cryer	104-10110-10245
John D. Morrison, Jr.	104-10105-10277
John D. Morrison, Jr.	104-10105-10293
John D. Peters	104-10179-10025
John DILLON	104-10105-10290
John Dimmer	157-10011-10083
John Dimmer	178-10002-10215
John Dimmer	178-10002-10279
John Duys	104-10183-10232
John E Barber	104-10529-10196
John E. Boyle	104-10121-10021
John E. Englekiak	104-10129-10002
John E. Toulmin	104-10070-10296
John Edgar Hoover	104-10226-10001
John Edgar Hoover	124-90137-10355
John Edgar Hoover	124-90138-10073
John Edgar Hoover	124-90139-10070
John Edgar Hoover	124-90140-10004
John Engbert	104-10332-10009
John F. Conroy	104-10129-10033
John F. Diffley	104-10291-10004
John F. Frey	104-10291-10004
John F. Gardiner, Jr.	104-10120-10271
John F. Kennedy	104-10003-10041
John F. Kennedy	104-10004-10213
John F. Kennedy	104-10007-10345
John F. Kennedy	104-10009-10222
John F. Kennedy	104-10012-10035
John F. Kennedy	104-10012-10078
John F. Kennedy	104-10048-10124
John F. Kennedy	104-10059-10188
John F. Kennedy	104-10063-10206
John F. Kennedy	104-10066-10010
John F. Kennedy	104-10066-10076
John F. Kennedy	104-10068-10142
John F. Kennedy	104-10068-10164
John F. Kennedy	104-10069-10112
John F. Kennedy	104-10070-10079
John F. Kennedy	104-10070-10296
John F. Kennedy	104-10071-10122
John F. Kennedy	104-10072-10227
John F. Kennedy	104-10072-10228
John F. Kennedy	104-10073-10101
John F. Kennedy	104-10074-10007
John F. Kennedy	104-10075-10225
John F. Kennedy	104-10075-10232
John F. Kennedy	104-10076-10229
John F. Kennedy	104-10076-10372
John F. Kennedy	104-10076-10400
John F. Kennedy	104-10076-10416
John F. Kennedy	104-10095-10276
John F. Kennedy	104-10097-10360
John F. Kennedy	104-10098-10264
John F. Kennedy	104-10098-10328
John F. Kennedy	104-10098-10404
John F. Kennedy	104-10100-10199
John F. Kennedy	104-10100-10237
John F. Kennedy	104-10100-10357
John F. Kennedy	104-10100-10394
John F. Kennedy	104-10100-10419
John F. Kennedy	104-10101-10054
John F. Kennedy	104-10101-10134
John F. Kennedy	104-10101-10175
John F. Kennedy	104-10101-10227
John F. Kennedy	104-10102-10224
John F. Kennedy	104-10102-10237
John F. Kennedy	104-10103-10079
John F. Kennedy	104-10106-10300
John F. Kennedy	104-10107-10085
John F. Kennedy	104-10111-10079
John F. Kennedy	104-10114-10042
John F. Kennedy	104-10114-10161
John F. Kennedy	104-10119-10247
John F. Kennedy	104-10120-10274
John F. Kennedy	104-10120-10297
John F. Kennedy	104-10123-10421
John F. Kennedy	104-10129-10034
John F. Kennedy	104-10129-10438
John F. Kennedy	104-10130-10381
John F. Kennedy	104-10130-10472
John F. Kennedy	104-10147-10304
John F. Kennedy	104-10162-10108
John F. Kennedy	104-10162-10247
John F. Kennedy	104-10165-10084
John F. Kennedy	104-10166-10068
John F. Kennedy	104-10166-10079
John F. Kennedy	104-10166-10158
John F. Kennedy	104-10166-10262
John F. Kennedy	104-10167-10297
John F. Kennedy	104-10169-10139
John F. Kennedy	104-10170-10059
John F. Kennedy	104-10170-10064
John F. Kennedy	104-10170-10091
John F. Kennedy	104-10170-10121
John F. Kennedy	104-10170-10125
John F. Kennedy	104-10171-10003
John F. Kennedy	104-10171-10020
John F. Kennedy	104-10171-10021
John F. Kennedy	104-10171-10044
John F. Kennedy	104-10171-10220
John F. Kennedy	104-10172-10001
John F. Kennedy	104-10172-10107
John F. Kennedy	104-10172-10147
John F. Kennedy	104-10172-10243
John F. Kennedy	104-10172-10278
John F. Kennedy	104-10173-10135
John F. Kennedy	104-10174-10043
John F. Kennedy	104-10175-10179
John F. Kennedy	104-10177-10219
John F. Kennedy	104-10178-10054
John F. Kennedy	104-10178-10334
John F. Kennedy	104-10179-10113
John F. Kennedy	104-10179-10136
John F. Kennedy	104-10179-10182
John F. Kennedy	104-10179-10195
John F. Kennedy	104-10179-10233
John F. Kennedy	104-10180-10235
John F. Kennedy	104-10181-10117
John F. Kennedy	104-10182-10073
John F. Kennedy	104-10182-10137
John F. Kennedy	104-10183-10259
John F. Kennedy	104-10183-10260
John F. Kennedy	104-10183-10267
John F. Kennedy	104-10183-10384
John F. Kennedy	104-10185-10171
John F. Kennedy	104-10185-10244
John F. Kennedy	104-10186-10037
John F. Kennedy	104-10186-10308
John F. Kennedy	104-10186-10382
John F. Kennedy	104-10187-10014
John F. Kennedy	104-10187-10030
John F. Kennedy	104-10187-10071
John F. Kennedy	104-10187-10109
John F. Kennedy	104-10187-10113
John F. Kennedy	104-10187-10117
John F. Kennedy	104-10187-10142
John F. Kennedy	104-10187-10146
John F. Kennedy	104-10187-10147
John F. Kennedy	104-10187-10149
John F. Kennedy	104-10187-10208
John F. Kennedy	104-10188-10015
John F. Kennedy	104-10188-10454
John F. Kennedy	104-10192-10266
John F. Kennedy	104-10193-10016
John F. Kennedy	104-10210-10020
John F. Kennedy	104-10213-10002
John F. Kennedy	104-10215-10004
John F. Kennedy	104-10216-10046
John F. Kennedy	104-10216-10202
John F. Kennedy	104-10217-10196
John F. Kennedy	104-10219-10143
John F. Kennedy	104-10221-10032
John F. Kennedy	104-10221-10310
John F. Kennedy	104-10222-10001
John F. Kennedy	104-10225-10035
John F. Kennedy	104-10227-10046
John F. Kennedy	104-10227-10121
John F. Kennedy	104-10227-10153
John F. Kennedy	104-10228-10083
John F. Kennedy	104-10229-10002
John F. Kennedy	104-10234-10007
John F. Kennedy	104-10234-10050
John F. Kennedy	104-10234-10083
John F. Kennedy	104-10234-10102
John F. Kennedy	104-10241-10250
John F. Kennedy	104-10245-10000
John F. Kennedy	104-10247-10037
John F. Kennedy	104-10247-10064
John F. Kennedy	104-10250-10267
John F. Kennedy	104-10266-10138
John F. Kennedy	104-10290-10046
John F. Kennedy	104-10290-10168
John F. Kennedy	104-10290-10190
John F. Kennedy	104-10291-10002
John F. Kennedy	104-10291-10003
John F. Kennedy	104-10298-10184
John F. Kennedy	104-10301-10008
John F. Kennedy	104-10301-10010
John F. Kennedy	104-10302-10020
John F. Kennedy	104-10302-10030
John F. Kennedy	104-10306-10016
John F. Kennedy	104-10306-10018
John F. Kennedy	104-10306-10020
John F. Kennedy	104-10306-10025
John F. Kennedy	104-10307-10024
John F. Kennedy	104-10308-10044
John F. Kennedy	104-10308-10053
John F. Kennedy	104-10308-10163
John F. Kennedy	104-10308-10269
John F. Kennedy	104-10310-10020
John F. Kennedy	104-10310-10118
John F. Kennedy	104-10322-10056
John F. Kennedy	104-10326-10010
John F. Kennedy	104-10326-10045
John F. Kennedy	104-10326-10092
John F. Kennedy	104-10332-10009
John F. Kennedy	104-10337-10001
John F. Kennedy	104-10337-10014
John F. Kennedy	104-10338-10018
John F. Kennedy	104-10408-10078
John F. Kennedy	104-10413-10306
John F. Kennedy	104-10423-10337
John F. Kennedy	104-10431-10102
John F. Kennedy	104-10433-10050
John F. Kennedy	104-10433-10209
John F. Kennedy	104-10506-10028
John F. Kennedy	104-10512-10110
John F. Kennedy	104-10516-10195
John F. Kennedy	104-10516-10270
John F. Kennedy	104-10528-10053
John F. Kennedy	104-10528-10180
John F. Kennedy	104-10529-10182
John F. Kennedy	104-10529-10184
John F. Kennedy	104-10529-10277
John F. Kennedy	104-10529-10323
John F. Kennedy	124-10058-10420
John F. Kennedy	124-10114-10010
John F. Kennedy	124-10163-10134
John F. Kennedy	124-10285-10254
John F. Kennedy	124-10325-10318
John F. Kennedy	124-90139-10138
John F. Kennedy	157-10002-10105
John F. Kennedy	157-10011-10048
John F. Kennedy	157-10011-10083
John F. Kennedy	157-10014-10109
John F. Kennedy	157-10014-10242
John F. Kennedy	176-10030-10422
John F. Kennedy	176-10036-10095
John F. Kennedy	176-10036-10103
John F. Kennedy	176-10036-10115
John F. Kennedy	176-10036-10179
John F. Kennedy	176-10037-10120
John F. Kennedy	176-10037-10452
John F. Kennedy	176-10037-10491
John F. Kennedy	177-10001-10305
John F. Kennedy	177-10002-10069
John F. Kennedy	177-10002-10070
John F. Kennedy	177-10002-10092
John F. Kennedy	177-10002-10096
John F. Kennedy	177-10002-10098
John F. Kennedy	177-10002-10101
John F. Kennedy	177-10002-10102
John F. Kennedy	177-10002-10103
John F. Kennedy	197-10002-10190
John F. Kennedy	198-10004-10076
John F. Kennedy	198-10007-10013
John F. Kennedy	198-10007-10021
John F. Kennedy	202-10001-10203
John F. Pereira	104-10332-10020
John F. Rittenhouse	104-10105-10271
John F. Rittenhouse	104-10119-10338
John F. Rittenhouse	104-10119-10339
John F. Rittenhouse	104-10120-10319
John FELLY	104-10120-10381
John FIBLE	104-10120-10381
John Fitzgerald Kennedy	124-10150-10104
John Fitzgerald Kennedy	124-10181-10009
John Frank	104-10122-10344
John G. Heyn	104-10413-10053
John G. Southard	104-10180-10218
John G. White	104-10093-10065
John GREGOR	104-10120-10381
John Garrett Underhill Jr.	104-10170-10145
John Gilman Mackin, Jr.	104-10116-10261
John Gilman Mackin, Jr.	104-10117-10203
John Greaney	104-10104-10262
John Greaney	104-10174-10072
John H. Crimmins	104-10306-10018
John H. Crimmins	198-10004-10207
John H. Crimmins	202-10002-10124
John H. Martin	104-10215-10004
John H. Wilson	104-10187-10014
John Hanes	104-10306-10025
John Hanly	124-10114-10010
John Hart	104-10332-10009
John Henry FREEMAN	104-10117-10203
John Henry Freeman	104-10116-10261
John Hugh Crimmins	104-10160-10207
John Hugh Crimmins	104-10237-10120
John J. Casey	104-10219-10143
John Joseph Frank	157-10004-10280
John K. Greaney	104-10106-10325
John K. Greaney	104-10107-10137
John K. Greaney	104-10177-10206
John K. McLean	104-10177-10220
John Kennedy	104-10068-10164
John Kennedy	104-10174-10072
John Kennedy	104-10413-10053
John Kran	104-10185-10230
John L. Bischoff	104-10222-10043
John L. Hart	104-10234-10088
John L. Hert	104-10178-10334
John LAMBERGS	104-10105-10290
John LANSING	104-10105-10290
John Lavery	104-10121-10263
John M. Dunn	176-10036-10138
John M. Price	104-10012-10035
John M. Whitten	104-10183-10276
John MONROE	104-10166-10158
John MacDonald	124-90138-10007
John Magruder	104-10117-10076
John Martin	104-10177-10206
John Martin HASKINS	104-10105-10290
John Martin ROBERTS Jr.	104-10105-10290
John Mc COY	104-10176-10020
John McCloy	104-10423-10337
John McCone	104-10310-10020
John McCone	104-10332-10023
John McCone	157-10002-10106
John McCone	178-10004-10053
John Milton	124-90140-10012
John Morrison	104-10105-10271
John N. McMahon	104-10291-10004
John Noble	124-90110-10083
John Oliver	104-10173-10130
John Oliver	104-10173-10132
John Oliver Killens	104-10433-10209
John Peters	104-10182-10073
John Pittman	104-10074-10007
John R. Philips Jr.	124-90139-10071
John R. SHOWBALL	104-10166-10158
John R. Tunheim	104-10332-10023
John Raymond DARREMO	104-10105-10290
John Reynolds	198-10004-10207
John Richards	104-10105-10290 (C06932214)
John Richardson	104-10105-10271
John Rothchild	104-10177-10217
John Ryan	104-10185-10234
John Ryan	104-10185-10252
John S. Barescu	124-10325-10318
John S. Toll	104-10165-10077
John S. Warner	104-10105-10290 (C06932214)
John SAGER	104-10105-10290
John SHERWOOD	104-10105-10290
John SHERWOOD	104-10161-10321
John SIMPSON	104-10105-10290
John Sparkman	104-10117-10076
John Stratos	104-10173-10104
John Swedberg	104-10123-10098
John T. Boeck	104-10187-10014
John Thompson	104-10116-10261
John Thompson	104-10117-10203
John UART Phillips	104-10161-10321
John W. Coffey	104-10107-10180
John W. Hanes	124-90138-10073
John W. KENNEDY	104-10105-10290
John W. McBee	104-10110-10245
John W. SHORTALL Jr.	104-10105-10290
John W. Thomas	124-90140-10012
John WILEY	104-10102-10233
John WILEY	104-10103-10103
John Warner	104-10306-10007
John Werner	104-10174-10072
John Willard	104-10071-10139
John Willard	104-10072-10034
John Willard	104-10178-10136
John Willard	104-10322-10056
John William	198-10007-10021
John William Cooke	177-10001-10305
John William Cooke	198-10008-10119
John William KINSLOW	104-10105-10290
John Wilson	104-10131-10010
Johnny O'Donnelly	104-10170-10125
Johnny Roselli	157-10002-10105
Johnny Roselli	157-10011-10048
Johnny Roselli	178-10002-10215
Johnny Rosselli	157-10002-10106
Johnson	104-10226-10001
Johnson	104-10306-10011
Johnson	104-10433-10212
Johnson	124-10369-10022
Johnson	176-10036-10073
Johnson	176-10037-10120
Johnson, William R.	104-10111-10104
Joka Istill	104-10101-10239
Jomaron	104-10308-10269
Jon Koch	104-10170-10051
JonCATHANDEZ Roa	104-10072-10228
Jonas RANALLO	104-10105-10290
Jonathan Power	104-10433-10209
Jones Merriman	157-10004-10095
Jones, George A. A.	104-10111-10104
Jore Hermida Arenas	104-10170-10051
Jore MEDINA Bringier	104-10170-10051
Jore Porticos Arlegal	104-10170-10051
Jorge	104-10234-10102
Jorge ALONSO	104-10163-10136
Jorge ALVAREZ VILARES	104-10231-10042
Jorge ALVES POL	104-10163-10065
Jorge Antonio Abasolo Garcia	104-10093-10266
Jorge Antonio Abasolo Garcia	104-10290-10309
Jorge Arias Gomez	104-10187-10071
Jorge Arias Gomez	104-10187-10109
Jorge Barcello VILLAGRAn Alvarez	104-10065-10028
Jorge Beliard	124-90137-10467
Jorge Beliard	124-90137-10468
Jorge Boza Kasvidal	104-10230-10153
Jorge Carben Garcia	104-10170-10051
Jorge Castellanos	124-10213-10483
Jorge Coo	104-10245-10000
Jorge Cruz Peña	104-10171-10047
Jorge Cuitierrez Ulla	104-10192-10229
Jorge Del VALLE	104-10160-10207
Jorge Del VALLE	104-10237-10120
Jorge Delio RODRIGUEZ Triana	104-10122-10147
Jorge Federico BAIRES	104-10183-10276
Jorge Francisco Timossi	177-10001-10305
Jorge GUTIERREZ Izaguirre	124-90041-10023
Jorge Guerra Guerra	104-10170-10051
Jorge Gutierrez	104-10076-10229
Jorge Gutierrez	104-10076-10400
Jorge HAEDO	104-10171-10003
Jorge I. RECAREY GARCIA-VIETA	104-10231-10042
Jorge I. RECAREY GARCIA-VIETA	104-10231-10042
Jorge Leonidas Tamayo Castillejos	104-10187-10030
Jorge Luis SILVA Del Monte	104-10122-10147
Jorge MACHADO	124-90041-10023
Jorge MEDINA Bringuier	104-10171-10003
Jorge Mendi utia Ramirez	104-10170-10051
Jorge Moran	124-90110-10083
Jorge Pastorpoli Comes	104-10171-10013
Jorge Piloto	104-10180-10178
Jorge Pino	104-10180-10178
Jorge Raul Roblejo Lorie	124-10300-10024
Jorge SERGUERA Pivieri	104-10163-10019
Jorge SIEGRIST Clamont	104-10218-10035
Jorge SORUS	104-10179-10104
Jorge TURNER	104-10183-10276
Jorge VALS	104-10102-10237
Jorge VALS	104-10103-10112
Jorge VOLSKY Kraisler	104-10048-10124
Jorge VOLSKY Kraisler	104-10072-10289
Jorge VOLSKY Kraisler	104-10221-10310
Jorge Vega	104-10192-10229
Jorge Volsky	104-10179-10182
Jorge Volsky	104-10275-10176
Jorge Washington	104-10161-10321
Jorge XA FERMALEZ	104-10220-10224
Jorge de Armas	104-10170-10051
Jorgo ESFINO AZCUE	104-10231-10042
Jorn FORDA	104-10105-10290
Jose	104-10413-10053
Jose "Pepe" Varriola	124-90110-10083
Jose 1. FAJARDO MON PNG	104-10231-10042
Jose A. Gonzalez Lanuza	104-10170-10051
Jose A. Guerra Rodriguez	104-10170-10051
Jose A. NARANJO	104-10179-10104
Jose Adolfo Barro Garcia	104-10170-10051
Jose Alberto CALDERON Cotallo	104-10183-10347
Jose Alberto SEMIDEY Isalgue	104-10216-10148
Jose Angel GONZALEZ Castro	104-10122-10147
Jose Angel LOZANO y Lozano	104-10170-10051
Jose Angel Sanchez Perez	104-10062-10227
Jose Antonio CASAS Rodriguez	104-10163-10019
Jose Antonio Echevarria	104-10170-10091
Jose Antonio FERNANDEZ Menert	104-10073-10101
Jose Antonio GARCIA Rivera	104-10183-10276
Jose Antonio GORGI & Rivera	104-10183-10347
Jose Antonio Mulet y Gonzales	104-10164-10050
Jose Antonio PORTUONDO Valdor	104-10074-10413
Jose Antonio PULIDO y Ledesma	104-10163-10019
Jose Antonio Portuondo	104-10171-10220
Jose Antonio Sacens	104-10171-10013
Jose BARRIAL Dominguez	104-10163-10019
Jose CANETTI	104-10048-10252
Jose Cal Colón	104-10179-10104
Jose Calderon	104-10234-10096
Jose Castanera	104-10308-10269
Jose DALTON Larrea	104-10183-10347
Jose DUARTE Oropesa	104-10102-10237
Jose DUARTE Oropesa	104-10103-10112
Jose Deetjen	104-10171-10034
Jose Diaz y Morejon	104-10164-10050
Jose Eleuterio PEDRAZA	104-10265-10118
Jose Eleutorio PEDRAZA	104-10049-10362
Jose Enrique DAUSA Alvarez	104-10170-10146
Jose FERNANDEZ Cossio	104-10072-10227
Jose FERNANDEZ ROA	104-10072-10228
Jose FIGURES	104-10177-10225
Jose Fernandez Alvarez	104-10103-10112
Jose Figueras	104-10298-10184
Jose Francisco AZOR Ores	104-10308-10023
Jose Gonzalez Canto	104-10075-10373
Jose Gonzalez Llorente	104-10170-10051
Jose H. Leiis	104-10167-10297
Jose Haria Velasco Ibarra	104-10216-10073
Jose I. Rasco	104-10230-10153
Jose I. Rodriguez Lombillo	104-10170-10051
Jose Ignacio Lazaga	124-10213-10483
Jose Ignacio RASCO	104-10220-10293
Jose Ignacio RASCO	124-90041-10023
Jose Ignacio Rivero	124-10213-10483
Jose Jare Aco	104-10172-10107
Jose Julio FERNANDEZ Gutierrez	104-10073-10061
Jose Julio Fernandez	104-10308-10044
Jose LLAGOSTERA	104-10072-10228
Jose LLALUSA	104-10179-10104
Jose LLANGRA Gobel	104-10237-10120
Jose LLANUSA Sobel	104-10160-10207
Jose LOPEZ Villaboy	104-10073-10101
Jose Lavastida	104-10308-10208
Jose Lorenzo Cossio	104-10171-10220
Jose Luis ARANGO	104-10193-10016
Jose Luis FORNELL Jacinto	104-10170-10146
Jose M. Lasa	104-10170-10051
Jose MANCIA Martinez	104-10183-10276
Jose MAQUEIRA PEREZ	104-10231-10042
Jose MELGAREJO	104-10193-10016
Jose MIRO	104-10171-10020
Jose MONTALVO Urruti	104-10308-10023
Jose Manlio ARGJETA Canad	104-10183-10276
Jose Manlio Argueta	104-10187-10071
Jose Manuel Gutierrez	124-10213-10483
Jose Maria Lasa rutibeasoon	104-10171-10021
Jose Maria Rego Rubido	104-10171-10106
Jose Miguel Fernandez Roa	104-10180-10044
Jose Miro Cardona	104-10227-10271
Jose Miro Cardona	124-90135-10074
Jose NUNEZ Paez	104-10170-10146
Jose Napoleon Duarte	104-10192-10110
Jose Naranjo	104-10216-10398
Jose Naranjo	104-10247-10097
Jose PORTUGENDO	104-10072-10228
Jose Pinares	104-10103-10112
Jose Ponce	104-10308-10269
Jose Puebla	104-10171-10106
Jose R. LINARES Delgado	104-10163-10019
Jose REGALADO SANTANA	104-10231-10042
Jose RODRIGUEZ	104-10193-10016
Jose ROGALS	104-10183-10276
Jose Ramon (Ledo) Gonzalez	104-10076-10442
Jose Raul Viera Linares	104-10180-10042
Jose Rehberto Carrillo Calderon	104-10186-10021
Jose Ricardo RABEL Nunez	104-10182-10137
Jose Ricardo Rabel Hunez	104-10171-10033
Jose Ricardo Rabel Ortega	104-10171-10033
Jose Severino HERNANDEZ Martinez	104-10122-10147
Jose Suarez	104-10308-10269
Jose Te Frana Carmona	104-10075-10225
Jose Vasquez	104-10234-10101
Jose Vasquez Kerey	104-10216-10398
Jose Vasquez Nerey	104-10234-10102
Jose Vazquez Nerey	104-10234-10050
Jose Vega Rivera	104-10170-10051
Jose Xavier CORTES Hernandez	104-10074-10413
Josef Stalin	104-10326-10101
Josefina	104-10179-10104
Josefina ARTIME	104-10171-10003
Josefina Socarras	104-10308-10044
Joseph ... Resigno	104-10095-10161
Joseph A. Califano, Jr.	198-10004-10076
Joseph A. Califano, Jr.	198-10004-10207
Joseph A. Califano, Jr.	198-10007-10022
Joseph A. Califano, Jr.	198-10008-10119
Joseph A. Califano, Jr.	198-10009-10098
Joseph Alsop	176-10036-10137
Joseph Anthony REESE	104-10105-10290
Joseph B. Ragan	104-10194-10024
Joseph B. nagar	104-10222-10043
Joseph BULIK	104-10105-10290
Joseph C. Hough, Jr.	104-10433-10209
Joseph Dryer	104-10217-10000
Joseph E. Murphy	104-10059-10099
Joseph E. Murphy, Jr.	104-10059-10099
Joseph E. Piccolo	104-10161-10154
Joseph Edward Keogh	124-10273-10104
Joseph Edward Keogh	124-10281-10028
Joseph F. Carroll	198-10009-10099
Joseph F. Langan	104-10121-10263
Joseph Hall	124-10273-10104
Joseph Hudson	104-10173-10130
Joseph Hudson	104-10173-10132
Joseph I. JOLLES	104-10185-10244
Joseph KING	104-10112-10450
Joseph KOSTIK	104-10105-10290
Joseph KREGZDYS	104-10105-10290
Joseph LEGRAND	104-10171-10138
Joseph Langan	104-10110-10245
Joseph M. Adams	104-10120-10275
Joseph M. Adams	104-10256-10428
Joseph M. RESCIGNO	104-10188-10015
Joseph McCarthy	104-10119-10040
Joseph Merola	124-90110-10071
Joseph Montllor	104-10529-10196
Joseph Piccolo	104-10095-10161
Joseph Piccolo	104-10162-10121
Joseph Piccolo	104-10241-10249
Joseph R. Merola	104-10177-10206
Joseph Raymond Merola	124-90110-10072
Joseph Raymond Merola	124-90110-10083
Joseph Reinhold WELK	104-10105-10290
Joseph Rex	124-90140-10012
Joseph S. PICCOLO	104-10161-10115
Joseph S. Piccolo	104-10129-10027
Joseph S. Piccolo	104-10161-10144
Joseph S. Reff	104-10120-10319
Joseph Smith	104-10095-10161
Joseph Smith	104-10122-10344
Joseph W. Gesuse	104-10219-10143
Joseph W. Jason	104-10219-10143
Joso Aquiles L. MORALES	104-10183-10276
Joso CONCALEZ MORJON	104-10231-10042
Joso Manuel FORTUNY	104-10183-10276
José A. HODIRGUEZ MIRABAL	104-10231-10042
José A. MOLE ROSALES	104-10231-10042
José ANDREU SANTOS	104-10231-10042
José ASSEF	104-10179-10104
José Alonso Arguelles	104-10230-10153
José Angel ROMERO	104-10179-10104
José CANAVES Ugalde	104-10179-10104
José CONZALES CASTRO	104-10231-10042
José DEL RIO Lago	104-10179-10104
José EGOZI BEHAR	104-10231-10042
José FELLON	104-10179-10104
José Figueres Ferrer	104-10177-10225
José Formández Balué	104-10230-10153
José GONZALEZ FUENTES	104-10231-10042
José Julio Fernández	104-10230-10153
José LOPEZ CASTILLO	104-10231-10042
José M. RODRIGUEZ PELASZ	104-10231-10042
José M. Rodriguez Fernandez	104-10230-10153
José M. TEJERA CUTIEREZ	104-10231-10042
José MAJUSIRA PEREZ	104-10231-10042
José MARZOL Valenzuela	104-10179-10104
José MORALES CRUZ	104-10231-10042
José Morell Romero	104-10230-10153
José N. TEJERA GUTIERREZ	104-10231-10042
José NARANJO	104-10179-10104
José REGALADO SANTANA	104-10231-10042
José Roberto CEOMAT	104-10179-10104
José Valle Sotolongo	104-10230-10153
José Victor PONZALEZ	104-10048-10252
Jouquin Martinez de Pinillos	104-10170-10051
Joyner	104-10100-10251
Joze GONZALEZ CASTRO	104-10231-10042
Jozef Kozak	104-10209-10018
Juan ?. ABREU ORTA	104-10231-10042
Juan A. García Hornández	104-10230-10153
Juan AMESTOY Dominguez	104-10308-10029
Juan Acrensa	104-10230-10153
Juan Alberto Melgar Castro	104-10165-10084
Juan Almeida	104-10167-10083
Juan BOSCH Gavino	104-10048-10124
Juan BOSCH Gavino	104-10072-10289
Juan BOSCH Gavino	104-10221-10310
Juan BUSTAMENTE	104-10193-10016
Juan Bosch	104-10179-10182
Juan Bosch	198-10007-10022
Juan Bosch	198-10009-10099
Juan Bosch Gaviño	104-10186-10099
Juan Bosch Gaviño	104-10186-10309
Juan Carlos JIMENEZ Jimenez	104-10170-10146
Juan Cornelio TAMAYO Cordovi	104-10122-10147
Juan David POSADA	104-10163-10019
Juan Estevez Ramiros	104-10179-10027
Juan F. TORRES MENA	104-10231-10042
Juan FALCON	104-10193-10016
Juan Fedez de Castro	104-10167-10127
Juan Francisco Hernandez	104-10076-10372
Juan Gomez Blanco	104-10100-10185
Juan I. Cessnova Koiriguez	104-10180-10200
Juan J. BUTTARI CRESPO	104-10231-10042
Juan JUARBE y Juarbo	104-10163-10019
Juan Jose ABREU	104-10308-10086
Juan Jose AREVALO	104-10072-10001
Juan Jose Arevalo	104-10175-10176
Juan Jose GARCIA Lorio	104-10183-10276
Juan Luis COSCULLUELA Iduate	104-10170-10146
Juan M. QUINTANA DE LA TOER	104-10231-10042
Juan M. Salvat	104-10170-10051
Juan Manuel (Milian)	104-10076-10375
Juan Manuel Fernandez	104-10308-10168
Juan Manuel Salvat	124-10213-10483
Juan Mari Bras	104-10433-10212
Juan Mendez	104-10180-10178
Juan N. FRAIS-RAMIRRZ	104-10065-10028
Juan Negin	104-10172-10107
Juan Nuiry	104-10103-10112
Juan Pedro ROJAS	104-10048-10252
Juan R. LOPEZ DE LA CRUZ	104-10231-10042
Juan Ramon LOZAND Rosales	104-10183-10276
Juan Ramon Molina Cisneros	104-10165-10084
Juan Rodriguez Jobolca	104-10171-10034
Juan Trippe	104-10107-10087
Juan Vasquez Kerey	104-10247-10097
Juan Ventura	104-10216-10398
Juan Ventura	104-10247-10097
Juan de J. FERNANDEZ PEADOMO	104-10231-10042
Juana Carrasco	104-10433-10212
Juanito HESTAIA	104-10171-10020
Juanoce	104-10170-10015
Juho AMOEDO	104-10236-10056
Julian Asin	104-10171-10106
Julian Corkin	104-10172-10107
Julian Dante Fernandez	104-10170-10051
Julian Gascon Mercado	104-10062-10227
Julian Gomez	104-10170-10051
Julian NOVAS Fernandez	104-10185-10110
Julian NOVAS Fernandez	104-10186-10269
Julian Zambianco	104-10248-10203
Julie Abramson	124-10291-10319
Julie Paulas	104-10187-10009
Julieo	198-10007-10021
Julio ALDECOCYA	104-10179-10104
Julio AMOEDO	104-10227-10150
Julio AMOEDO	104-10232-10004
Julio AMOEDO	104-10232-10019
Julio CAMREMA Sierra	104-10183-10276
Julio CARCERAN	104-10227-10150
Julio CARCERAN	104-10232-10004
Julio CARCERAN	104-10232-10019
Julio CARCERAN	104-10236-10056
Julio Cambas	104-10308-10168
Julio Cesar Mayorga Porto-carrera	198-10009-10099
Julio Cesar Mayorga Portocarrera	176-10036-10065
Julio Cesar Mayorga Portocarrera	177-10002-10016
Julio Cesar Raziraz	104-10170-10125
Julio Damas Vasquez	104-10187-10208
Julio Damaso Vasquez	104-10187-10208
Julio Hernandez Rojo	104-10170-10051
Julio Jo	104-10170-10051
Julio LOBO	124-90041-10023
Julio Lobo	104-10167-10127
Julio Mori Masegoza	104-10172-10001
Julio Pablo RODRIGUEZ Reyes	104-10226-10011
Julio Stuardo	177-10001-10305
Julio V. Leal	124-10213-10483
Julio Velasquez Velez	198-10005-10018
Julito	104-10170-10015
Julius Rosenberg	104-10326-10101
Junior	104-10167-10375
Junny	104-10119-10183
Jurani Roberto Maupino	104-10075-10373
Juri REED	104-10105-10290
Juri Sinches	104-10170-10091
Justin	124-90110-10083
Justin F. Gleichauf	124-10212-10160
Justin McCarthy	104-10174-10072
Justin O'Donnell	157-10002-10105
Justino Pelayo Buncio Peres Pogueres	104-10171-10013
Justo CARRILLO	104-10073-10101
Justo Cerrillo	104-10169-10017
Justo Cesar Gelabert Martinez	104-10180-10042
Justo MONTES DE OCA Ceballos	104-10229-10002
Justo SIERRA Casanova	104-10219-10282
Justo SIERRA Casasus	104-10219-10283
Juvenel HERRERA	104-10048-10252
K. CRAVEN	104-10180-10138
K.K	104-10217-10228
KAJKO Ken	104-10064-10012
KALIMIN	104-10162-10247
KANAI Yoshiko	104-10064-10012
KANSAHI WATANABE	104-10101-10129
KARIN ESPINOSA	104-10183-10039
KARLF	104-10177-10219
KARNLEY	104-10170-10036
KASAI Seiichi	104-10064-10012
KATAGIRI Yuzuru	104-10064-10012
KATHER INE JOHNSON	104-10095-10075
KATHERINE JOHNSON	104-10095-10161
KATHRYN CANTY	104-10095-10075
KATHRYN CANTY	104-10095-10161
KATO Shuichi	104-10064-10012
KATO Yoshiro	104-10064-10012
KAYSEN	176-10037-10453
KAZAMA Michitaro	104-10064-10012
KDFACTOR-2	104-10187-10009
KDFACTOR-5	104-10187-10009
KDFACTOR-6	104-10187-10009
KDFACTOR-8	104-10187-10009
KDFACTOR-9	104-10187-10009
KEITH BETHKE	104-10408-10329
KEITH L MACPHEE	104-10095-10075
KEITH L MACPHEE	104-10095-10161
KENNEDY	104-10167-10366
KENNEDY	124-10158-10061
KENNEDY	177-10001-10060
KENNEDY	177-10001-10063
KENNEDY	177-10001-10064
KENNEDY, JOHN F.	157-10002-10056
KENNETH K. SUZUKI	104-10101-10129
KEPISEY	104-10162-10247
KES BUD	104-10161-10321
KHO	104-10216-10000
KIDOKORO Masao	104-10064-10012
KIDWELL, Donald M.	104-10111-10044
KIDWELL, Donald M.	104-10111-10045
KILDUFF	176-10037-10453
KILDUFF	177-10001-10061
KILLARDIR HILL	104-10095-10161
KING	124-10326-10149
KING MARTIN LUTHER	104-10120-10502
KIRA MISKOLCAPLE	104-10528-10052
KIRALY, Bela K.	104-10115-10074
KIRKPATRICK, LYMAN	178-10004-10054
KISHIN-1	104-10173-10104
KISLOV	104-10210-10020
KISLOV	104-10534-10173
KITA	104-10183-10261
KITAKOJI Satoshi	104-10064-10012
KLEIN	177-10001-10061
KLIMOV	104-10172-10201
KNIGHT (HOBBING)	104-10119-10183
KOBAYASEI Tomi	104-10064-10012
KOBAYASHI Shoichiro	104-10064-10012
KOBULOV	104-10210-10020
KOBULOV	104-10534-10173
KOLARIK, George T.	104-10111-10044
KOLARIK, George T.	104-10111-10045
KOMATSU Sakyo	104-10064-10012
KOMER	177-10001-10061
KONAKA Yotaro	104-10064-10012
KONSTANTIN LAPSHEIN	124-90155-10008
KORNELOS	104-10101-10134
KOTEN	104-10210-10020
KOTEN	104-10534-10173
KRUECHEV	104-10072-10228
KUBARIKER	104-10528-10052
KUBARKER	104-10100-10086
KUBATA Hanya	104-10064-10012
KUBO Keinosuke	104-10064-10012
KUCHAKU Seikyo	104-10064-10012
KUNO Osamu	104-10064-10012
KURARD A. MARELIUS	104-10100-10192
KURIHARA Yukio	104-10064-10012
KURIOT	104-10185-10253
KURODA Hidetoshi	104-10064-10012
KUWABARA Takeo	104-10064-10012
KYANTSEV	104-10171-10138
Kalaris	104-10310-10118
Kallio Alejandro Arrasate	104-10171-10013
Kanuel CASAÑAS SANCHEZ	104-10231-10042
Kanuel F. COUDIE HONTEVIZ	104-10231-10042
Kanuel de J. PREZ MACU	104-10231-10042
Kaplan	104-10306-10011
Kapustin	124-90137-10488
Karamanlis	104-10306-10018
Karamanlis	177-10002-10101
Karamessines	104-10103-10038
Karamessines	104-10173-10130
Karamessines	104-10173-10132
Karamessines, Thomas P.	104-10111-10104
Karique IBARRA	104-10179-10104
Karl Donald BRUCE	104-10105-10290
Karl Meyer	104-10064-10012
Karl-Erik Ridderstrale	124-10163-10134
Karpovich	104-10106-10300
Karta DIEZ Rivas	104-10179-10104
Kary Parrish	104-10101-10239
Kassim	198-10007-10021
Kasua KANAZAWA	104-10176-10020
Katherina TAAFE	104-10167-10083
Kavi Barreto Anthrill-1	104-10105-10290
Kay	104-10308-10208
Kaysen	104-10306-10016
Kaúl de la TORRE PITA	104-10231-10042
Keating	104-10172-10112
Kebich	104-10326-10077
Keha, Harold D.	104-10111-10104
Keith Bethke	104-10016-10021
Keith J. WIDEGREN	104-10105-10290
Kelson Federico Better potres	104-10170-10051
Kendra Flores	104-10117-10075
Kennedy	104-10132-10092
Kennedy, John F	176-10033-10145
Kennedy, John F.	104-10121-10304
Kenneth C. MILLER	104-10176-10015
Kenneth Corbat	104-10291-10004
Kenneth John WILL	104-10105-10290
Kenneth L. Wambold	104-10250-10035
Kenneth R. Burton	104-10066-10076
Kenneth R. Burton	104-10095-10276
Kenneth Z. Friskmuth	104-10062-10227
Kent	104-10306-10011
Kes. Rocca	104-10059-10188
Kessler	104-10111-10079
Khanh	177-10002-10102
Khokhlov	157-10014-10109
Khruschev	104-10332-10009
Khrushchev	104-10290-10190
Khrushchev	104-10302-10030
Khrushchev	104-10306-10016
Khrushchev	104-10306-10020
Khrushchev	104-10308-10163
Khrushchev	104-10308-10208
Khrushchev	104-10310-10020
Khrushchev	104-10516-10270
Khrushchev	176-10036-10027
Khrushchev	177-10002-10098
Khrushchev	177-10002-10102
Khrushchev	198-10007-10022
Kicholas JANCHUK	104-10105-10290
Killian	178-10004-10053
Killian	178-10004-10054
Killian John BATTER	104-10105-10290
Kim Chong-pil	104-10290-10190
Kim Philby	104-10326-10101
King	104-10306-10011
King Saud	104-10122-10344
King Saud	157-10011-10048
King of Jordan	104-10121-10366
King, J. C.	104-10111-10104
Kirkpatrick	104-10306-10007
Kirkpatrick	104-10306-10011
Kleiman	104-10306-10011
Klein, K.	180-10131-10324
Kmitson, Harry	104-10111-10104
Kohler	104-10306-10011
Kolando J. CARSEAS PENARROYA	104-10231-10042
Koliastes M. Conner	104-10188-10015
Konrad Adenauer	104-10192-10110
Konstanti ELK07	104-10171-10138
Konstantin Shugnov	104-10064-10012
Koppes, Lawrence M.	104-10111-10104
Koralenko	104-10332-10009
Kosaku Yamaguchi	104-10064-10012
Kostikov	104-10332-10009
Kozlov	104-10227-10003
Krishna Menon	104-10071-10122
Kroslaw LOFUSZAUSKY	104-10105-10290
Krovan	124-10273-10070
Kruschev	104-10308-10044
Kuehlin	104-10306-10011
Kuhn	104-10130-10339
Kuhnke	104-10131-10016
Kulbe Fariner	104-10079-10391
Kulpa	104-10217-10228
Kurt Singer	104-10167-10297
Kuznetsov	178-10004-10054
Kyat	104-10072-10013
L'Allier	124-90137-10067
L'Allier	124-90137-10467
L'Allier	124-90139-10050
L. G. Bruce	104-10117-10076
L. Houston	104-10066-10076
L. Houston	104-10095-10276
L. K. White	104-10123-10219
L. Lessing	104-10069-10077
L. N. BURYKINA	104-10413-10306
L. O'NILL	104-10070-10272
L.B. Kirkpatrick	104-10227-10121
L.G. HORK	104-10100-10247
L.K. White	104-10173-10130
L.K. White	104-10173-10132
LACERDA	104-10227-10150
LACERDA	104-10232-10004
LACERDA	104-10236-10056
LACIDONIA, Sudio	104-10072-10212
LADN	104-10078-10020
LAEGENFELDER	104-10219-10418
LAGOMESINO Camacho, Alberto	104-10072-10212
LAM TRANG THO	176-10036-10142
LAME	104-10052-10130
LANE, MARK	124-10158-10061
LANGOSCH	104-10183-10261
LANOSCH	104-10183-10262
LAURA T GORE	104-10095-10075
LAURAT GORE	104-10095-10161
LAVRENCE L. NOLDY	104-10181-10152
LAWRENCE ALOYAN	124-90155-10008
LAYTON, Bobby E.	104-10111-10044
LAYTON, Bobby E.	104-10111-10045
LAZA, Ermesso	104-10072-10212
LDUR HUMPHREY	104-10095-10161
LE VAN DONG	176-10036-10079
LE VAN KIM	176-10036-10134
LEANDRO CASTILLO V.	104-10070-10272
LEARNING	104-10183-10347
LEDIKE	104-10171-10138
LEE HARVEY OSWALD	104-10326-10074
LEE HARVEY OSWALD	104-10326-10075
LEE HARVEY OSWALD	104-10326-10078
LEE HARVEY OSWALD	124-10180-10295
LEE HARVEY OSWALD	124-10239-10171
LEE HARVEY OSWALD	124-10369-10022
LEMAN L. STAFFORD, JR.	124-10221-10231
LEMAN L. STAFFORD, JR.	124-10332-10018
LEMAN L. STAFFORD, JR.	124-10332-10047
LEMAN L. STAFFORD, JR.	124-90130-10005
LESTER C. HOUCK	124-90092-10016
LESTER S. REDNILES	104-10172-10248
LETICIA RAUDALES	104-10070-10272
LEUFT-1	104-10175-10152
LEVI LAUB	124-90137-10284
LI	104-10113-10249
LI TAMIL-9	104-10052-10130
LIANG SZU CH'ENG	104-10100-10199
LIANG Szu-cheng	104-10529-10329
LIBBY RAUSCH	124-90092-10016
LICHANT/1	104-10218-10035
LICIO HALER	104-10070-10272
LICOOKY-1	104-10175-10101
LICOZY/5	104-10173-10097
LICOZY/5	104-10173-10104
LIENVOY-8	104-10098-10072
LIENVOY-8	104-10211-10326
LIFANIL	104-10100-10411
LIGIBON	104-10187-10147
LIHUFF/1	104-10218-10035
LIKAYAK/2	104-10101-10198
LIMASK	104-10171-10106
LIN S SLOAN	104-10095-10075
LINS SLOAN	104-10095-10161
LINSENMAYER, Neil R.	104-10111-10044
LINSENMAYER, Neil R.	104-10111-10045
LIOOZE-1	104-10219-10418
LISANDRO GALVEZ	104-10070-10272
LISIFER-3	104-10175-10152
LITAINT-5	104-10171-10106
LITAMIL-3	104-10290-10219
LITAMIL-5	104-10219-10418
LITAMIL-9	104-10072-10228
LITELL-1	104-10171-10106
LLOYD A. RAY	104-10069-10260
LLOYD GEORGE	104-10100-10200
LODGE	176-10036-10143
LOETSS	104-10183-10233
LOLA DODS	104-10290-10199
LOPEZ MATEOS	124-10279-10258
LOPEZ N.	104-10072-10228
LORD	104-10171-10138
LORENZO B SANCHEZ	104-10095-10161
LORENZO PINEIRO RIVERA	104-10070-10272
LORENZO SANGHEL	104-10095-10075
LORNA J MACKAY	104-10095-10075
LORNA J MACKAY	104-10095-10161
LOUIS D BUCKETT	104-10095-10161
LOUIS D PUCKETT	104-10095-10075
LOUIS W. ARMSTRONG	104-10131-10014
LOUISE ANNE LYON	104-10095-10075
LOUISE ANNE LYON	104-10095-10161
LOUR HUMPHREY	104-10095-10075
LOWAS	104-10101-10198
LUATE	104-10167-10083
LUCAS	104-10097-10077
LUCAS MORAN	104-10220-10294
LUCAS O CULIA	104-10516-10103
LUCCI	104-10171-10138
LUCIEN CONEIN	124-90060-10015
LUCY	104-10075-10200
LUCY LUCHIEN	124-90124-10055
LUIS	104-10267-10196
LUIS (GOICOCHEA)	104-10075-10042
LUIS ALBERTO DE JESUS CONDO	104-10180-10176
LUIS BANEGAS	104-10183-10267
LUIS CERENADO VIGIL	104-10070-10272
LUIS FERNANDEZ ROCHA SODRIGUEZ	104-10170-10096
LUIS GENAD	104-10183-10331
LUIS RICARDO ALONSO	124-10300-10012
LUIS SANCHEZ	104-10231-10418
LUIS SOMOZA	124-90124-10055
LUNA	104-10170-10059
LUTZ, Thomas M.	104-10111-10044
LUTZ, Thomas M.	104-10111-10045
LYALIN	104-10012-10024
LYMAN B. KIRKPATRICK	124-90092-10016
LYNDON B. JOHNSON	124-10326-10149
LYNDON B. JOHNSON	124-10326-10191
L[TAMIL-3]	104-10093-10010
LaVoy	157-10002-10165
Lacerda	104-10232-10018
Lacerda	177-10002-10101
Lachuga	180-10110-10100
Laddie	104-10185-10230
Ladisls FEITIANDEZ MARTHEZ	104-10231-10042
Lado CUMA	104-10171-10020
Lady Camille	104-10167-10190
Lagaro CARDENAS	104-10072-10228
Lagaro Mora	104-10247-10097
Lalouette	176-10036-10137
Lam A	104-10069-10132
Lam H. Girardi	104-10177-10220
Lam WONG	104-10105-10290
Lambert	104-10306-10011
Lamberto BESTA	104-10185-10024
Land	104-10171-10021
Land	104-10306-10011
Lander	104-10074-10007
Langer	178-10004-10053
Langer	178-10004-10054
Langosch	104-10183-10333
Laniel L. Caravell	104-10066-10076
Lansdale	104-10306-10020
Lansdale	157-10014-10109
Laparo Mora	104-10216-10398
Laphan	104-10306-10011
Larry Crosby	157-10011-10048
Larry STERNFIELD	104-10161-10321
Lassa D	104-10069-10132
Laura Jean PEVER	104-10105-10290
Laura MENESES de Albizu Campos	104-10163-10019
Lauraeano/Batista Falla	124-10213-10483
Laureano ("Lino") Pequeno	104-10171-10033
Laureano BATESTI	104-10254-10015
Laureano Batista	104-10069-10120
Laureano Batista	104-10174-10037
Laureano Batista Falla	104-10234-10102
Laureano Gomez	104-10262-10385
Laurence G. Parr	104-10256-10187
Laurere	104-10121-10174
Lavalle	198-10007-10021
Lavton	104-10217-10228
Lawrence C. Laser	104-10187-10009
Lawrence F. BARTER	104-10188-10015
Lawrence Fleishmann	104-10122-10147
Lawrence Houston	104-10106-10300
Lawrence Houston	104-10106-10312
Lawrence Houston	104-10122-10344
Lawrence Houston	104-10418-10202
Lawrence J. Howe	104-10173-10130
Lawrence J. Howe	104-10173-10132
Lawrence R. Houston	104-10107-10087
Lawrence SLATER	104-10105-10290
Layo	104-10187-10014
Lazaro Cardenas del Rio	104-10187-10030
Lazaro Coralio (Alejandro) Montesino)	104-10076-10375
Lazaro Fariñas	104-10170-10051
Lazaro Gutierrez Menoyo	104-10217-10185
Lazero CARDENAS	104-10219-10283
Lazero Hernandes	104-10171-10044
Le Quan Vien	176-10036-10113
Le Tap	176-10036-10078
Le Van Kim	176-10036-10117
Le Van Nghiem	176-10036-10117
Le Van Ty	176-10036-10149
Lea	104-10070-10296
Learned. F	104-10111-10104
Lee Carle	104-10332-10020
Lee Coul	180-10143-10100
Lee Glen Norris	104-10248-10203
Lee H. Wigren	104-10004-10143 (C06932208)
Lee H. Wigren	104-10004-10213
Lee Hamilton	104-10337-10001
Lee Harvey OSWALD	104-10012-10024
Lee Harvey Oswald	104-10004-10143
Lee Harvey Oswald	104-10012-10022
Lee Harvey Oswald	104-10012-10035
Lee Harvey Oswald	104-10014-10051
Lee Harvey Oswald	104-10051-10106
Lee Harvey Oswald	104-10132-10092
Lee Harvey Oswald	104-10133-10437
Lee Harvey Oswald	104-10166-10262
Lee Harvey Oswald	104-10300-10124
Lee Harvey Oswald	104-10301-10010
Lee Harvey Oswald	104-10308-10165
Lee Harvey Oswald	104-10310-10118
Lee Harvey Oswald	104-10326-10010
Lee Harvey Oswald	104-10326-10013
Lee Harvey Oswald	104-10326-10044
Lee Harvey Oswald	104-10326-10045
Lee Harvey Oswald	104-10326-10055
Lee Harvey Oswald	104-10326-10077
Lee Harvey Oswald	104-10326-10092
Lee Harvey Oswald	104-10326-10101
Lee Harvey Oswald	104-10332-10009
Lee Harvey Oswald	104-10332-10023
Lee Harvey Oswald	104-10337-10001
Lee Harvey Oswald	104-10337-10014
Lee Harvey Oswald	104-10413-10306
Lee Harvey Oswald	104-10418-10378
Lee Harvey Oswald	104-10423-10337
Lee Harvey Oswald	104-10431-10091
Lee Harvey Oswald	104-10431-10102
Lee Harvey Oswald	104-10437-10079
Lee Harvey Oswald	124-10058-10420
Lee Harvey Oswald	124-10062-10456
Lee Harvey Oswald	180-10143-10227
Lee Harvey Oswald (LHO)	180-10143-10100
Lee Oswald	104-10506-10028
Lee POOLE	104-10161-10321
Lee Poole	104-10179-10167
Lenin	104-10173-10134
Lenin	104-10185-10030
Lenito BLANCO CRUZ	104-10231-10042
Lenzieri	104-10106-10325
Leo CHERNE	104-10222-10001
Leo Cherne	104-10070-10296
Leo Dunn	124-10273-10104
Leo Huberman	104-10169-10282
Leo L. TURK	104-10105-10290
Leon C. FLUTEO	104-10308-10062
Leon Jaworski	104-10116-10261
Leon Jaworski	104-10117-10203
Leon T. CISSEL	104-10188-10015
Leon Trotsky	104-10326-10101
Leonard FOURAU	104-10106-10716
Leonard Libby	104-10185-10244
Leonard W. Tate	104-10172-10105
Leonardo Pupo Romero	104-10075-10373
Leoncio Rodríguez Esquivel	104-10230-10153
Leonel Brizola	104-10338-10018
Leonel Brizola	176-10037-10440
Leonid ((RYABCHENYA))	104-10326-10092
Leopard P. Sacket	104-10169-10139
Leopoldo COVANTES REYES	104-10231-10042
Lerone Bennett, Jr.	104-10433-10209
Les RATY	104-10161-10321
Leslie V Jarvis	104-10107-10089
Leslie Wirelman	104-10177-10220
Lesmes Ruiz	104-10170-10051
Lester Carvin Rosales	104-10171-10018
Lester L. Rhodes	104-10183-10355
Lester RODRIGUEZ	104-10102-10237
Lester RODRIGUEZ	104-10103-10112
Lester RODRIGUEZ	104-10179-10104
Lestor Campaneris angel	104-10170-10051
Lev Pimenau	104-10326-10013
Levi Laub	124-90140-10012
Levy	104-10306-10011
Lewis	104-10162-10247
Lewis	104-10306-10011
Lewis Burns	104-10234-10102
Liang Szu-Cheng	104-10100-10223
Lic. Agustin NAVARRO Vasquez	104-10218-10035
Lillian I. Grant	104-10291-10009
Limas	104-10169-10269
Lina Pacheco Rondon	104-10075-10373
Lincoln	104-10226-10117
Lincoln Epworth	104-10177-10220
Linda C. Cipriani	104-10332-10020
Lindas K. SLENYS	104-10105-10290
Lindbergh	104-10306-10011
Lindsey LING	104-10073-10113
Lino Fernandez	104-10308-10044
Lionel ALONSO Fiel	104-10163-10019
Lionion	104-10188-10015
Lisa Anne	104-10250-10035
Lisandro RAMIREZ Solis	104-10183-10276
Littman	104-10107-10135
Litvinov	104-10173-10134
Llaneras	104-10308-10269
Llewellyn Thompson	104-10051-10106
Llewellyn Thompson	104-10132-10092
Llewellyn Thompson	104-10133-10437
Llewellyn Thompson	104-10209-10259
Llewellyn Thompson	104-10300-10124
Llewellyn Thompson	104-10306-10018
Llewellyn Thompson	104-10418-10378
Llewellyn Thompson	104-10437-10079
Lloyd George	104-10100-10199
Lloyd George	104-10529-10330
Lloyd Lindland	104-10231-10418
Lloyd McMahon	104-10291-10009
Loa	104-10172-10107
Lock	104-10077-10369
Locks	104-10517-10120
Lodge	104-10306-10010
Lodge	176-10036-10135
Lodge	176-10036-10173
Lois Enquist BARNES	104-10215-10128
Lolina Febles	104-10076-10442
Lolip CORREOSO	104-10073-10101
Lolis	104-10108-10026
Lon Thomas	124-10273-10104
Long	176-10037-10452
Lopes Mateos	104-10301-10010
Lopez Mateos	104-10171-10220
Lopez Mateos	177-10002-10069
Lopez Mateos	177-10002-10070
Lorenzo Martin Rodriguez	104-10170-10051
Lorenzo SA TAMA	104-10171-10020
Lorna Mackay	104-10095-10161
Loswell, Clarence	104-10111-10104
Lou De Santi	104-10185-10248
Lou DeSanti	104-10185-10243
Lou Napoli	104-10162-10107
Louis Conception Bertot	104-10164-10050
Louis D. Puckett	104-10095-10161
Louis De Santi	104-10308-10163
Louis Dell Bradberry	104-10116-10261
Louis Dell Bradberry	104-10117-10203
Louis E. Lomax	104-10433-10209
Louis H. Rodriguez	104-10226-10011
Louis Stokes	104-10337-10001
Louis Stokes	104-10408-10078
Louisa HARRISON	104-10105-10290
Louise Lyon	104-10095-10161
Louise O'Connor	104-10219-10154
Louise Skelton	124-10273-10104
Lowell Owen ROTTUM	104-10105-10290
Lowell P. Moore	104-10194-10024
Lozupone	104-10162-10014
Lt. Col. Carlos Causes	104-10069-10185
Lt. Laureano BATISTA Falla	104-10069-10185
LtCol Patchell	198-10009-10099
Lucas Moran	104-10220-10293
Luce	104-10306-10011
Lucia Fernantez	104-10162-10120
Lucian Charles FITSARES	104-10105-10290
Lucian O. RUCKER Jr.	104-10105-10290
Lucian V. FRANKLIN Jr.	104-10105-10290
Luciang DETAJA	104-10171-10020
Lucien Conein	104-10112-10148
Lucien Emile Concin	104-10113-10030
Lucile P. Twogood	104-10194-10024
Lucy Echevarria	104-10216-10398
Lucy Echevarria	104-10247-10097
Lucy ICHEVERRIA	104-10179-10104
Luddy	104-10113-10030
Ludmila Faltanovan KOERETNIKOVA	104-10106-10300
Luis	104-10170-10015
Luis A. CULTURA CONZALEZ	104-10231-10042
Luis ALVAREZ PEYURO	104-10231-10042
Luis Albert BELTRAN Nodarso	104-10170-10146
Luis Albert Ferre	104-10263-10111
Luis Alberto Condom Cajigal	124-10212-10160
Luis Alberto de Jesus Condom Cajigal	104-10180-10178
Luis Alfaro	104-10235-10018
Luis Alfonso OCHOM	104-10183-10346
Luis Amado-Blanco	104-10234-10007
Luis Amado-Blanco	104-10247-10064
Luis Augusto TURCIOS Line	104-10183-10276
Luis Augusto Turcios Lima	104-10183-10259
Luis BOTIFOLL	104-10236-10075
Luis Borme	104-10164-10088
Luis Botifoll	104-10230-10153
Luis Boza Dominues	104-10170-10051
Luis Braulio VILLAR Negret	104-10073-10101
Luis C. MORSE DE LA BARFA	104-10231-10042
Luis CORTE Aguero	104-10227-10153
Luis Camps	104-10170-10051
Luis Casas Campa	104-10100-10357
Luis Clements POSADA-Carriles	104-10178-10096
Luis Conte Aguero	124-10213-10483
Luis E. MARTINEZ CASTRO	104-10231-10042
Luis FERNANDEZ Rocha	104-10048-10124
Luis FERNANDEZ Rocha	104-10072-10289
Luis FERNANDEZ Rocha	104-10181-10117
Luis FERNANDEZ Rocha	104-10221-10310
Luis Fernandez Rocha	104-10170-10051
Luis Fleuras Valdes	104-10170-10051
Luis G. Olloqui Guerra	104-10062-10227
Luis Gonzalez	104-10076-10400
Luis Gutierrez	104-10119-10040
Luis Gutierrez	104-10170-10051
Luis HERNANDEZ	104-10073-10074
Luis LARA Crespo	124-90041-10023
Luis Lauro Escamilla Martinez	104-10062-10227
Luis MIRANDA HERNANDEZ	104-10231-10042
Luis MUNOZ Marin	104-10048-10124
Luis MUNOZ Marin	104-10072-10289
Luis MUNOZ Marin	104-10221-10310
Luis Macias	104-10062-10227
Luis Manuel Cantillo Toirac	104-10216-10398
Luis Manuel Cantillo Toirac	104-10247-10097
Luis Noboa	104-10216-10073
Luis PERALES	104-10193-10016
Luis PINEDO Pares	104-10179-10104
Luis POSADA Carriles	104-10178-10046
Luis POSADA Carriles	104-10178-10052
Luis POSADA Carriles	104-10178-10054
Luis Posada Carriles	104-10220-10069
Luis Randolfo BANEGAS	104-10183-10276
Luis Rodriguez	104-10308-10168
Luis de la Puente	104-10338-10018
Luisa CALDERON	104-10052-10130
Luisa Calderon	180-10110-10100
Luisita Esquiroz	104-10170-10051
Luiz Ramirez	104-10183-10259
Lula Santos	104-10170-10051
Lumumba	157-10014-10109
Luria	104-10183-10346
Lyalin	104-10012-10022
Lyalin	104-10431-10091
Lyle Stuart	104-10175-10176
Lyndon B. Johnson	104-10116-10261
Lyndon B. Johnson	104-10117-10203
Lyndon B. Johnson	124-10280-10030
Lyndon B. Johnson	177-10002-10092
Lyndon Johnson	104-10173-10166
Lyndon Johnson	104-10337-10001
Lyon L. (Slug) Tyler	104-10122-10307
Lyon Sosa	104-10183-10259
M VAN BIESBROECK	104-10095-10075
M VAN BIESBROECK	104-10095-10161
M. Calas	104-10170-10015
M. Charles	104-10164-10088
M. Leal GOMEZ	104-10172-10107
M. NOSTER	104-10412-10005
M. Paul Hartman	104-10173-10134
M. Walker	104-10185-10253
M. de Vosjell	104-10061-10053
M.K. Holbik	104-10130-10215
MACHADO	104-10172-10105
MACHADO Llosas, Manuel	104-10219-10439
MADOO TULLIO RODRIGUES	104-10290-10046
MAGLIO MORENO ESPITAL	104-10183-10267
MAH VIET BANG	176-10036-10142
MAIZ	104-10072-10228
MAK	104-10234-10155
MANGANELLO	104-10234-10115
MANOLA RAY	104-10179-10121
MANOLO (DIEGO)	104-10076-10000
MANOLO (UZIEL)	104-10076-10058
MANOLO RAY	124-10300-10024
MANOLO STINCER	124-10332-10047
MANUEL	104-10267-10196
MANUEL (GARCIA) SUAREZ	104-10075-10042
MANUEL (REYES) GARCIA	104-10229-10002
MANUEL ANTONIO DE VARONA	104-10298-10095
MANUEL ARTIME	176-10036-10051
MANUEL FUEGO	124-90124-10055
MANUEL RAY	176-10036-10051
MANUEL URRUTIA	104-10221-10222
MANUEL VEGA Y SOCIO	104-10101-10198
MARCOS PEREZ JIMENEZ	124-10284-10171
MARCOS ROBLES	104-10167-10366
MARGARITA MUNGUIA	124-10239-10171
MARIA C. NIEMEYER	104-10512-10101
MARIA CHRISTINA	104-10075-10200
MARIA DEL CARMEN SANTIAGO ALVAREZ	104-10221-10222
MARIA FRANCISCA CRESPO FALCON	104-10101-10109
MARIA FRANCISCA CRESPO FALCON	104-10290-10038
MARIA JOSEFA MENDIZABAL ARVIER	124-10284-10171
MARIA SUAREZ	104-10221-10222
MARIA TERESA (SACRE) ABIRAFHED	104-10076-10374
MARIANO (RAMIREZ) HERNANDEZ	104-10076-10295
MARIANO SANTOS MOLINA	104-10229-10002
MARIANO VIRGILIO DE LA CARIDAD (RAMIREZ) ALARCON	104-10076-10295
MARIE FAZ SOMEILLAN	104-10093-10109
MARIO ALCALA	104-10070-10272
MARIO BARRERA	104-10068-10172
MARIO FONTEFORTE TOLEDO	104-10175-10101
MARIO GARCIA KOHLY	124-90124-10055
MARIO KUCHILAN	104-10070-10272
MARIO SALAZAR VALIENTE	104-10070-10272
MARIO SOSA MOLO	104-10183-10267
MARIOTRIVA PATTERSON	124-10058-10420
MARK LANE	124-10062-10456
MARKEN (LAM)	104-10069-10132
MARLING, George L.	104-10111-10044
MARLING, George L.	104-10111-10045
MARQUEZ	104-10101-10198
MARRERO Piedra, Alberto	104-10072-10212
MARTA (VALDES) IERNANDEZ	104-10097-10077
MARTHA B. DRANGELIS	104-10229-10002
MARTHA FRAYDE	104-10070-10272
MARTIN GREENDLINGER	124-90037-10081
MARTIN I JOHNSEN	104-10095-10075
MARTIN I JOHNSEN	104-10095-10161
MARTINEZ	104-10234-10083
MARTINEZ SANCHEZ	104-10177-10047
MARUYAMA Kunio	104-10064-10012
MARUYAMA Masao	104-10064-10012
MARVIN FRANCIS	104-10234-10115
MARVIN FRANCIS	104-10234-10124
MARY E KING	104-10095-10075
MARY G MUSGRAVE	104-10095-10075
MARY P MOONEY	104-10095-10075
MARY P MOONEY	104-10095-10161
MARYG MUSGRAVE	104-10095-10161
MASON, Harry E.	104-10111-10044
MASON, Harry E.	104-10111-10045
MASPERO	104-10178-10334
MASSE	104-10413-10306
MASSIP	104-10072-10228
MATEO PALENZUKIA	104-10101-10109
MATSUMOTO Ichiju	104-10064-10012
MATSUMOTO Seicho	104-10064-10012
MATSUURA Sozo	104-10064-10012
MATTHIAS	176-10036-10023
MAURICE A. TAYLOR	124-90155-10008
MAX LESNICK	104-10179-10209
MAYOROV	104-10210-10020
MAYOROV	104-10534-10173
MAZA Paez, Manuel	104-10072-10212
MB	104-10250-10267
MC CONE, JOHN	178-10004-10054
MC HAWKINS	104-10095-10075
MCCARTHY	124-10326-10149
MCCONE, JOHN	177-10001-10445
MCELFRESH, Elizabeth J	104-10111-10044
MCELFRESH, Elizabeth J.	104-10111-10045
MCKEE	104-10120-10373
MEDRANO	104-10187-10103
MEIRV BOW	104-10290-10199
MEMEZ Gonzalez, Jorge Joss	104-10072-10212
MENOTO Gutierrez	104-10237-10120
MEREDITH L SHAW	104-10095-10161
MERTZ	104-10183-10233
MESTRE	104-10227-10150
MESTRE	104-10232-10004
MESTRE	104-10232-10019
MESTRE	104-10236-10056
MICHAEL BEENS	104-10130-10343
MICHAEL F. TAYLOR	124-90124-10055
MICHAEL J FARMER	104-10095-10075
MICHAEL J FARMER	104-10095-10161
MICHAEL J. P. MALONE	124-10326-10149
MICHAEL J. P. MALONE	124-10326-10191
MIDDAUGH	104-10072-10227
MIDDAUGH	104-10308-10189
MIDORIKAWA Toru	104-10064-10012
MIGNEL SHULTZ	104-10101-10198
MIGUEL (HERNANDEZ) PEREZ	104-10172-10137
MIGUEL A. DIAZ ISALCUE	104-10183-10376
MIGUEL ANGEL ASTURIAS	104-10070-10272
MIGUEL ANGEL ESPINOSA BRAVO	104-10183-10039
MIGUEL MAYOR	104-10075-10200
MIGUEL YANES RIOS	104-10070-10272
MIGUELITO YDIGORAS	124-90124-10055
MILTON KATZ	124-90092-10016
MINAYA	104-10183-10331
MINIIN	104-10173-10104
MINOBE Ryokichi	104-10064-10012
MIRAVELIN	104-10216-10075
MIRC	104-10227-10150
MIRIAM FINKELMAN WINNER	124-10291-10319
MIRO Cardona	104-10227-10150
MIRO Cardona	104-10232-10004
MIRO Cardona	104-10236-10056
MIRRINGA	104-10179-10209
MITCHELL LIVINGSTON WARBELL	124-90124-10092
MITCHELL LIVINGSTON WERBELL	124-90124-10055
MIZUSAWA Yana	104-10064-10012
MOBUTU	104-10182-10073
MOFFETT	104-10177-10219
MOISEEV	104-10413-10306
MOISES POLACK	104-10070-10272
MOKKY	104-10101-10198
MOLOTOV	104-10014-10064
MONIM	104-10072-10228
MONTANO	104-10183-10347
MONTEAGUDO	104-10227-10150
MONTEAGUDO	104-10232-10004
MONTEAGUDO	104-10232-10019
MONTEAGUDO	104-10236-10056
MONZON	104-10218-10097
MOORE, Davis W.	104-10111-10044
MOORE, Davis W.	104-10111-10045
MORALES, David Sanchez	104-10121-10239
MORGAN	104-10221-10222
MORIDER F. BINGHAM	104-10061-10053
MORITAKI Ichiro	104-10064-10012
MORRIS H GORDON	104-10095-10161
MORRISH GORDON	104-10095-10075
MOW, Richard K.	104-10111-10044
MOW, Richard K.	104-10111-10045
MOWTHEAJ	104-10290-10162
MR LAS CASAS Alfonso, Crecten Leovor	104-10072-10212
MR. NAPOLI	104-10165-10169
MR. VEGA	104-10290-10046
MRRURES	104-10234-10155
MT. Thorpe	104-10162-10107
MURAMATSU Hiro	104-10064-10012
MURIEL D STRUBE	104-10095-10075
MURIEL D STRUBE	104-10095-10161
MUTO Ichiyo	104-10064-10012
Macapagal	177-10002-10097
Macapagal	177-10002-10101
Macho Parra	104-10103-10112
Magdalena ((Montesino))	104-10076-10375
Maggio	104-10077-10369
Magonetti	104-10185-10009
Magonetti	104-10185-10030
Mahon	104-10306-10011
Mai Huu Xuan	176-10037-10452
Maj-Lis	104-10161-10321
Maj. Watlington	104-10069-10185
Major Malone	104-10073-10113
Major SHOGOLEV	104-10162-10247
Major William A. SEWARD Jr.	104-10105-10290
Majority Ldrs	104-10306-10011
Malabon	104-10187-10014
Manchester	104-10306-10011
Maneli	176-10036-10137
Maney	104-10308-10208
Manfred R. Schroeder	104-10226-10117
Mangold	104-10332-10009
Manlio Martinez Cantor	104-10165-10084
Mann	104-10310-10020
Mann	177-10001-10445
Manoline GUTIERREZ	104-10308-10086
Manolo CASTRO	104-10163-10019
Manolo Pineiro	104-10103-10112
Manolo RAY Rivero	104-10048-10124
Manolo RAY Rivero	104-10072-10289
Manolo RAY Rivero	104-10160-10207
Manolo RAY Rivero	104-10221-10310
Manolo RAY Rivero	104-10237-10120
Manolo RODRIGUEZ	104-10179-10104
Manolo Ray	104-10179-10025
Manolo Ray	104-10179-10122
Manolo Ray	104-10179-10195
Manolo Ray	104-10192-10284
Manolo Ray	124-10291-10236
Manolo Rey	104-10174-10072
Manolo VEGA Abril	104-10163-10065
Manolo VEGA Abril	104-10163-10136
Manuel	104-10075-10373
Manuel (Campanioni) Souza	104-10076-10442
Manuel (PINEIRO) Lozada	104-10234-10148
Manuel (Vigos) Perez	104-10181-10099
Manuel A. RIVERO Colona	104-10122-10147
Manuel ARELEM Martin	104-10073-10074
Manuel ARTIME	104-10160-10207
Manuel ARTIME	104-10275-10176
Manuel ARTINE	104-10237-10120
Manuel Acosta Bonilla	104-10165-10084
Manuel Angel Rafres	104-10177-10225
Manuel Antonio ALZUGARAY Perez	104-10171-10020
Manuel Antonio de Varona	124-10213-10483
Manuel Antonio de Varona Loredo	124-90110-10083
Manuel Ar	104-10101-10135
Manuel Aragon	104-10100-10152
Manuel Aregon	104-10528-10149
Manuel Artime	104-10174-10072
Manuel Artime y Buesa	104-10162-10107
Manuel BLANCO Navarro	124-90041-10023
Manuel CABRERA Rodriguez	104-10308-10023
Manuel COMPANIONI	104-10073-10101
Manuel CONELL AS ANGILADA	104-10231-10042
Manuel Cantillo Toirac	104-10216-10238
Manuel Clods-Castillo	104-10171-10013
Manuel Cortina	124-10291-10319
Manuel E. Navas Aguilar	104-10230-10153
Manuel ESTEVEZ Perez	104-10186-10382
Manuel F. ARTIME Buesa	104-10110-10242
Manuel F. ARTIME Buesa	104-10110-10243
Manuel F. ARTIME Buesa	104-10110-10245
Manuel Felix SUAREZ Pozo	104-10308-10023
Manuel Fernandez	124-10213-10483
Manuel Fernandez	124-10285-10254
Manuel Garcia Sanchez	104-10103-10112
Manuel Gomez	104-10171-10033
Manuel Hernández Hernández	104-10230-10153
Manuel Jogue ORTEGA Paz	104-10183-10276
Manuel Joue Ortega Paz	104-10183-10259
Manuel LOPEZ	104-10179-10104
Manuel PAYAN Viego	104-10163-10019
Manuel PINEIRO	104-10180-10044
Manuel PREZ	104-10179-10104
Manuel Perez	124-90135-10074
Manuel Perez Borroto	104-10229-10097
Manuel Perez Hernandez	104-10234-10007
Manuel Perez Hernandez	104-10247-10064
Manuel Pineiro	124-90139-10002
Manuel R. MORALES	104-10163-10019
Manuel RAY	104-10179-10104
Manuel REYES GARCIA	104-10231-10042
Manuel Rangel Escamilla	104-10187-10030
Manuel Ray	104-10102-10237
Manuel Ray	104-10103-10112
Manuel Ray	104-10179-10088
Manuel Ray	104-10180-10062
Manuel Ray	104-10192-10266
Manuel Ray	104-10298-10184
Manuel Ray	104-10306-10010
Manuel Ray	124-10213-10483
Manuel Ray	124-10285-10254
Manuel Ray	124-90135-10074
Manuel Ray Rivero	124-10225-10195
Manuel Reyes	124-10213-10483
Manuel SALVAT	104-10171-10020
Manuel Salvat	104-10171-10034
Manuel Somora, Jr.	104-10171-10044
Manuel URRUTIA Lleo	104-10216-10148
Manuel Urrutia	124-10285-10254
Manuel VARELA Castro	104-10227-10150
Manuel VARELA Castro	104-10232-10004
Manuel VARELA Castro	104-10232-10019
Manuel VARELA Castro	104-10236-10056
Manuel VEGA PEREZ	104-10181-10152
Manuel VEGA Perez	104-10072-10228
Manuel VEGA Perez	104-10187-10030
Manuel VIERA Rodriguez	104-10170-10146
Manuel VILLAFANA	104-10160-10207
Manuel VILLANANAN	104-10237-10120
Manuel kragpr	104-10101-10134
Manuela	104-10075-10373
Mao Tse Tung	176-10037-10440
Mao Tse-tung	119-10021-10413
Mao Tse-tung	176-10030-10422
Mao Tse-tung	176-10033-10145
Mao Tse-tung	198-10007-10021
Mao Tse-tung	198-10008-10119
Mao Tse-tung	198-10009-10099
Marcelino PEREZ Diez	104-10308-10029
Marcial FACCIO CRUCET	104-10231-10042
Marcial MARTINEZ	104-10072-10228
Marco Antonio FRANCO Chacon	104-10072-10001
Marco Antonio LEONI Aguilar	104-10183-10276
Marco Robles	104-10235-10018
Marco ULLOA	104-10308-10086
Marcos DIAZ Lans	104-10167-10083
Marcos Diaz Lanz	124-90135-10074
Marcos EASTO3	104-10171-10138
Marcos G. TORRES GUERRA	104-10231-10042
Marcos Rodriguez y Ramos	104-10164-10050
Marcus	104-10106-10325
Marengo	104-10306-10011
Margaret A. KEARNEY	104-10120-10373
Margaret Cullen MARSHALL	104-10117-10203
Margaret Frances Johnson	198-10005-10018
Margaret Ioss	104-10241-10249
Margaret Meogai	104-10162-10120
Margaret Mosa	104-10162-10121
Margaret Solty	104-10291-10004
Margarita Esquiroz Martinez	104-10170-10051
Margot Palzer	104-10165-10004
Marguerita PODSTAVINA	104-10176-10020
Maria	104-10075-10373
Maria ARAUJO	104-10073-10101
Maria Alfaro Alvarado	104-10171-10106
Maria Antonia CARCANO Araujo	104-10073-10101
Maria CARCANO Arujo	104-10073-10101
Maria Cruz Carrocera	104-10172-10107
Maria Doardo	104-10170-10051
Maria Dolores COMEZ	104-10216-10199
Maria Dolores Gomez	104-10295-10001
Maria Fernandezy SANCHE	104-10121-10191
Maria Josefa Isalgue	104-10103-10112
Maria Josefa de Mastroberti	177-10001-10305
Maria RODRIGUEZ	104-10193-10016
Maria Rita Keogh	124-10273-10104
Maria Rita Keogh	124-10281-10028
Maria Teresa MEDINA	104-10171-10003
Maria V. de los Reyes	104-10170-10051
Maria de la Poz PICO	104-10178-10334
Marianna Argüelles	104-10308-10165
Mariano DOU Riers	104-10179-10104
Mariano Rumor	104-10192-10110
Marie Lorenz	157-10014-10242
Marie Paz Someillan	104-10290-10309
Marieda Bourgin	104-10105-10271
Marina	180-10143-10227
Marina Garcia Gonzalez	104-10216-10398
Marina Garcia Gonzalez	104-10247-10097
Marina Oswald	104-10004-10213
Marina Oswald	104-10326-10013
Marina Oswald	104-10337-10014
Marina Oswald	180-10110-10100
Mario	104-10075-10373
Mario 305SA Navarro	104-10183-10276
Mario AUDISTO	104-10105-10290
Mario Andres ROMERO Arias	104-10122-10147
Mario Brod	104-10107-10135
Mario Brod	104-10119-10040
Mario DELGADO FERNANDEZ	104-10231-10042
Mario De La Guardia	104-10093-10266
Mario FALANDO Lobato	104-10183-10346
Mario Fonseca	104-10165-10084
Mario Garcia	104-10308-10044
Mario Garcia Inchaustegui	124-90135-10074
Mario Gil Gonzalez	104-10234-10050
Mario Gil Gonzalez	104-10234-10102
Mario Gracia Varela	104-10179-10134
Mario Gracia Varela	104-10179-10136
Mario LOPEZ	104-10179-10104
Mario M. SANCHEZ APASCAL	104-10231-10042
Mario Maldonado	104-10165-10084
Mario Manje	177-10001-10305
Mario Monteforte Toledo	104-10175-10176
Mario Pita Garcis	104-10170-10051
Mario REMIS	104-10308-10062
Mario Riva Patterson	124-10181-10009
Mario Rogerio Mestrinho de Mello	104-10308-10165
Mario Sosa	104-10338-10018
Mario Sosa Navarro	104-10187-10208
Marion E. Linde	104-10164-10032
Marique ECTRIQUEZ Looche	104-10179-10104
Marita Lorenz	104-10174-10072
Mariya Kalnak	104-10130-10215
Marjorie Lennox	104-10066-10076
Marjorie Lennox	104-10095-10276
Mark J. LIDGERWOOL	104-10064-10012
Mark Lane	124-10320-10087
Mark Tischman	124-90140-10012
Mark William Rudd	104-10433-10209
Marmel LOBELIA	104-10179-10104
Maro Bolang	104-10169-10269
Marshall	157-10002-10165
Marshall S. Carter	104-10306-10018
Marshall S. Carter	104-10306-10020
Marshall S. Carter	104-10310-10020
Marta	104-10167-10127
Marta Maldonado	104-10062-10227
Marta Sosa	104-10192-10110
Martha Mitchell	104-10173-10130
Martha Mitchell	104-10173-10132
Martha Tharpe	104-10049-10362
Martha Tharpe	104-10265-10118
Martin	104-10161-10321
Martin	104-10219-10143
Martin	198-10009-10098
Martin A. Hoodine	104-10169-10139
Martin Fox	124-10212-10160
Martin Horua Arrecinea	104-10170-10051
Martin Luther King	104-10066-10010
Martin Luther King	104-10147-10304
Martin Luther King	104-10433-10212
Martin Luther King Jr.	104-10173-10166
Martin Luther King Jr.	104-10178-10136
Martin Luther King Jr.	104-10322-10056
Martin Luther King Jr.	104-10431-10102
Martin Luther King, Jr.	104-10012-10035
Martin Luther King, Jr.	104-10071-10139
Martin Luther King, Jr.	104-10072-10034
Martin Luther King, Jr.	104-10337-10001
Martin Luther King, Jr.	104-10433-10050
Martin Luther King, Jr.	104-10433-10209
Martin Migueo-Narancio	104-10069-10260
Martin, William H.	104-10172-10112
Martinez Fraga	104-10174-10037
Martín LORICA CHAVEZ	104-10231-10042
Marvin Evans	104-10229-10002
Marvin Wehking	104-10161-10331
Marwell	104-10332-10020
Marx Holder	104-10123-10160
Mary C.	104-10250-10035
Mary Moran	104-10433-10209
Mary TASHEFF	104-10105-10290
Maspero	104-10192-10110
Massey	104-10235-10018
Mateo	104-10234-10102
Mateos	177-10001-10445
Mathew McCULLOUGH	104-10161-10321
Mathew McVane	104-10177-10206
Matt ADKINS	104-10105-10290
Matt AVEY	104-10105-10290
Matt, Charles	104-10111-10104
Matthew E. Ontrich	104-10100-10357
Matthew Edward RATCLIFF	104-10105-10290
Matthew L. Carson	104-10169-10139
Matveev	180-10131-10324
Matveey	104-10332-10009
Maude L. Burris	104-10219-10143
Maurice A. Sovern	104-10177-10206
Maurice Halperin	104-10069-10359
Maurice Halperin	104-10172-10111
Maurice Henri MARTIN	104-10106-10716
Maurice Hyman HALPERIN	104-10172-10107
Maurice Oldfield	104-10226-10045
Mauricio CASTRO	104-10172-10001
Mauricio Carlavilla	104-10167-10297
Mauricio Grabois	177-10001-10305
Mauricio de la Selva Venegas	104-10183-10276
Maury, Johח I	104-10111-10104
Max	104-10162-10247
Max Ciskeros	104-10165-10084
Max Edgardo Lesnick Menendez	124-90135-10074
Max Garcia	124-90135-10074
Max Henriquez	104-10216-10075
Max Mendlovitz	104-10117-10076
Maxie	104-10306-10011
Maxim Leider	104-10172-10107
Maximina	104-10073-10101
Maximo Alonso Bermudez	104-10172-10062
Maximo Sorondo	104-10230-10153
Maximo Torres	104-10181-10099
Maxwell Taylor	104-10227-10121
May Nilsson	104-10005-10321
Mayo Stuntz	104-10217-10000
Mc Connell	104-10226-10117
McCORD	104-10128-10300
McCarthy	176-10033-10145
McClelland, H. H.	104-10111-10104
McCloy	104-10306-10011
McCone	104-10306-10007
McCone	104-10306-10010
McCone	104-10306-10016
McCone	157-10014-10109
McCord	104-10173-10130
McCord	104-10173-10132
McGeorge Bundy	104-10306-10007
McGeorge Bundy	104-10306-10018
McGeorge Bundy	104-10306-10018
McGeorge Bundy	104-10306-10018
McGeorge Bundy	104-10310-10020
McGeorge Bundy	178-10004-10054
McGeorge Bundy	198-10004-10076
McGeorge Sundy	104-10106-10300
McMahon	104-10106-10300
McManus	104-10306-10020
McMillan	104-10306-10010
McMillan	104-10306-10011
McMillan	104-10306-10011
McMillan, Priscilla Johnson	180-10131-10324
McNamara	104-10306-10010
McNamara	104-10306-10011
McNamara	104-10306-10016
McNamara	104-10306-10018
McNamara	176-10036-10179
McNamara	178-10004-10053
McNaughton	104-10306-10011
Meany	104-10306-10011
Medara Silva	104-10075-10203
Medardo Silva Marrero	104-10075-10373
Meeker	104-10004-10213
Meinturff	104-10217-10228
Melchor Gaston	124-10213-10483
Melquia	104-10512-10110
Melvin L. Manfull	176-10036-10138
Menderes	177-10002-10098
Mendez Coninche	104-10171-10013
Menelao Mora	104-10170-10091
Mercedes Ramirez	104-10170-10051
Merchant	104-10306-10016
Merchant	104-10306-10018
Merritt Allen Warner	104-10116-10261
Merritt Allen Warner	104-10117-10203
Mertz	104-10100-10199
Messmer	104-10302-10030
Meyer	104-10306-10011
Meyer Lansky	157-10002-10165
Michael Brown	124-90140-10012
Michael C.	104-10250-10035
Michael Fermer	104-10095-10161
Michael G. Hcker	104-10120-10378
Michael H. Martuffi	104-10179-10195
Michael R. SCHRIER	104-10185-10244
Michael Rae	104-10291-10003
Michael Shortley	104-10161-10226
Michael Stratton	104-10114-10160
Michael Stratton	104-10114-10161
Michael Stratton	104-10114-10163
Michael WYNNE-ELLIS	104-10263-10139
Michael Weimer Stratton	104-10114-10162
Michal Goleniewski	124-10325-10318
Michel Chidiac	104-10100-10239
Michell Livingston WerBELL	104-10182-10128
Michelle	104-10332-10023
Michelle Combs	104-10332-10009
Micolas CURIEL Acosta	104-10048-10252
Miguel A. Diaz Isalgue	104-10183-10384
Miguel A. GARATE NOA	104-10231-10042
Miguel ALCOLADO de la Torre	104-10179-10104
Miguel Angel Quevedo	104-10186-10099
Miguel Angel Quevedo	104-10186-10309
Miguel Angel YANES Garcia	104-10308-10023
Miguel Antonio Sanchez Ramos	124-90135-10074
Miguel Archangel SUAREZ Valdez	104-10308-10023
Miguel E. LOPEZ PEREZ	104-10231-10042
Miguel F. Marquez de la Cerra	104-10230-10153
Miguel Lasa	104-10170-10051
Miguel Los Santos DELGADO Martinez	104-10229-10002
Miguel Manuel Santana Fraiz	104-10180-10042
Miguel PENTON, ALFONSO	104-10231-10042
Miguel Ramos	104-10182-10137
Miguel Talleda	104-10170-10125
Miguel Ydigoras-Fuentes	104-10227-10271
Miguel de Leon	104-10230-10153
Miguelito	104-10216-10398
Miguelito	104-10247-10097
Mike	104-10123-10421
Mike Hedges	104-10165-10004
Mike Hoare	104-10182-10073
Mike Kline	104-10185-10248
Mike MacMANUS	104-10117-10203
Mike MacManus	104-10116-10261
Mike NASH	104-10105-10290
Mikhail Vasilyevich KURIACHEV	104-10172-10279
Mikoyan	104-10306-10020
Mildred JOLLES	104-10185-10244
Millard C. CURTIS	104-10172-10111
Millett	104-10306-10011
Milton C. FRANKLIN	104-10131-10099
Milton Lywn	104-10100-10394
Milton P. RODAFOR	104-10234-10155
Mimi	104-10519-10184
Minh	104-10302-10030
Minnie LAIKEN	104-10162-10247
Minority Ldrs	104-10306-10011
Mircea Balanescu	176-10037-10120
Miriam BARO Esteva	104-10171-10039
Miro	104-10192-10266
Miro	104-10298-10184
Miro Cardona	104-10179-10182
Miro Cardona	104-10227-10153
Miro Cardona	104-10275-10176
Miro Cardona	104-10306-10020
Miskovsky	104-10306-10020
Miss Adelaida da Costa ACEVEDO	104-10171-10138
Miss Petrowski	104-10185-10228
Miss Rachel da CARVALLO	104-10171-10138
Mitchell	104-10219-10143
Mitchell L. WER-BELL	104-10182-10137
Mitchell, Bernon F.	104-10172-10112
Mobutu	104-10290-10190
Modesto OROZCO Basulto	104-10234-10105
Modesto Orlando Crozco Basulto	104-10234-10102
Modesto Orlando Orozco Basulto	104-10216-10398
Modesto Orlando Orozco Basulto	104-10247-10097
Modesto Ruiz Ruiz	177-10001-10305
Modesto VENTOSO 05 Mendes	104-10166-10068
Moethen H. Dingley	104-10079-10391
Mohammed	198-10007-10021
Mohammed Kassim	198-10008-10119
Mohr	124-10326-10103
Mohr	124-10326-10104
Mohr	124-10369-10022
Mohr	124-90060-10015
Moise Tshombe	104-10182-10073
Mollie BLOCK	104-10164-10032
Mondale	157-10002-10165
Mongo	104-10170-10015
Mongo	104-10171-10003
Monica Kramer	104-10165-10077
Monique Veber	124-90060-10015
Monsignor Eduardo DOZA Masvidal	104-10237-10120
Montague-Meyer	104-10306-10011
Montenegro	202-10002-10124
Monterrey LIES	104-10183-10276
Montiel	104-10169-10269
Morales, David S.	104-10121-10304
Morales-Carrion	176-10011-10152
Morand	104-10187-10014
Morffi Machado	104-10179-10027
Moris	104-10162-10247
Moro	177-10002-10096
Morris	104-10183-10347
Morris BLOCK	104-10164-10032
Morris Gordon	104-10095-10161
Morris Robert Hills	104-10169-10282
Morrison, R.	180-10131-10324
Morros, Boris	104-10172-10112
Mortimer Claggett COCKE, Junior	104-10176-10015
Morton R. Galane	157-10011-10048
Moscoso	104-10306-10018
Mowerco Nunez	104-10073-10133
Mr Swendiman	104-10113-10030
Mr. BARRAL	104-10186-10264
Mr. Belt	104-10114-10161
Mr. Blee	104-10105-10271
Mr. Bromley Smith	198-10009-10099
Mr. Brown	104-10077-10076
Mr. Bryant	104-10077-10296
Mr. Bundy	176-10030-10422
Mr. Califano	198-10009-10099
Mr. Corange	104-10100-10319
Mr. Cottrell	198-10004-10076
Mr. Donovan	198-10004-10076
Mr. Dryer	104-10217-10000
Mr. Dungan	176-10030-10422
Mr. Fabrini	104-10113-10249
Mr. Ford	198-10004-10076
Mr. Geoghegan	119-10021-10413
Mr. Greany	104-10107-10089
Mr. Gusky	104-10111-10079
Mr. HORAN	104-10102-10233
Mr. Helms	104-10119-10040
Mr. Hort	119-10021-10413
Mr. Houston	104-10119-10040
Mr. Hunt	104-10178-10136
Mr. Karamessines	157-10011-10083
Mr. Karamessines	178-10002-10091
Mr. Karamessines	178-10002-10215
Mr. Kaufman	104-10166-10158
Mr. Knott	104-10185-10243
Mr. Larocque	104-10107-10087
Mr. Liebengood	157-10011-10048
Mr. Madigan	157-10011-10048
Mr. Manini	104-10113-10249
Mr. Martin	198-10009-10099
Mr. McGiffert	198-10009-10099
Mr. Mertz	104-10100-10200
Mr. Monahan	104-10077-10296
Mr. Morris	104-10529-10330
Mr. Morrissey	104-10229-10002
Mr. O'Connell	157-10011-10048
Mr. Ortman	104-10229-10002
Mr. Osborn	104-10166-10158
Mr. Robt A. Hurwitch	198-10009-10099
Mr. Rocca	104-10107-10089
Mr. Smith	104-10178-10136
Mr. Smyth	104-10178-10136
Mr. Starfield	104-10170-10096
Mr. Strange	104-10174-10058
Mr. Tilton	104-10170-10096
Mr. Vagley	119-10021-10413
Mr. Wainwright	104-10517-10121
Mr. Weiss	104-10217-10000
Mr. Wheeler	119-10021-10413
Mr. White	104-10161-10115
Mr. Willowby	104-10064-10012
Mrs Mac OWEN	104-10166-10158
Mrs. Christ	104-10111-10079
Mrs. Erdenebat Ojon	104-10064-10012
Mrs. G. Stanley Brown	104-10174-10072
Mrs. Geddes	104-10172-10177
Mrs. KASTELOCK	104-10241-10250
Mrs. Kennedy	177-10002-10102
Mrs. Lovejoy	104-10107-10087
Mrs. Twilley	104-10219-10143
Mrs. de Mohrenschildt	104-10217-10000
Muehlenberg	104-10219-10143
Mulatio Moncado	104-10308-10269
Munger	104-10215-10188
Munoz Marin	104-10179-10182
Murphy	104-10306-10011
Murphy	178-10004-10054
Murphy	202-10002-10124
Murray Levin	104-10064-10012
Muñoz Marin	104-10298-10184
Myron KELLY	104-10105-10290
Myron KRYZAMINSKY	104-10105-10290
Myron LOWE	104-10105-10290
Myron ZEAMAN	104-10105-10290
Myroslaw ZANKIN	104-10105-10290
N. J. Katten	104-10175-10152
N. Murray Todd	104-10165-10077
N. Parrisson	104-10169-10135
NANCY FLORES	104-10308-10054
NARCISO BASSOLS BATALLA	104-10070-10272
NARY E KING	104-10095-10161
NASU Masanao	104-10064-10012
NATZO	104-10290-10038
NAUMAN	104-10179-10136
NAZARETH CRUZ	104-10070-10272
NEBECKER	104-10181-10099
NECHIPORENKO	104-10173-10097
NEIDA PODRIGUEZ	104-10095-10161
NEIDA RODRIGUEZ	104-10095-10075
NEIER	104-10172-10248
NELIDA BAIGORRIA	104-10070-10272
NELLIE T HAMPTON	104-10095-10075
NELLIE T HAMPTON	104-10095-10161
NENICA GARCIA PA	104-10177-10047
NENITA ROCA	104-10098-10404
NENOT	104-10413-10306
NENOTO Gutierrez	104-10160-10207
NEREDITH SHAW	104-10095-10075
NEWELL, Richard D	104-10111-10044
NEWELL, Richard D.	104-10111-10045
NGO DINH NHU	176-10036-10134
NGO DINH NHU	176-10036-10143
NGO Dinh Nhu	176-10036-10138
NGUYEN DINH PHAT	176-10036-10142
NGUYEN HUU DUONG	176-10036-10134
NGUYEN HUU HANH	176-10036-10142
NGUYEN KHANH	176-10036-10134
NGUYEN KHANH	176-10036-10142
NGUYEN NGOC LINH	176-10036-10134
NGUYEN VAN (LA)	176-10038-10032
NGUYEN VAN TU	176-10036-10142
NGUYEN VAN Y	176-10038-10032
NICKLES CHAMES	104-10095-10075
NICKLES CHAMES	104-10095-10161
NICOLAS GUILLEN	104-10070-10272
NICOLAS MENDOZA	104-10179-10022
NICOLAS RODRIGUEZ AZTARAEN	124-10300-10012
NICOLAS SALADO MATA	104-10179-10209
NICOLAS, Francesa Jane	104-10072-10212
NIKE	104-10075-10200
NIKITA KHRUSHCHEV	124-90092-10016
NIKOLAI KHOKHLOV	124-90092-10016
NIKOLAY STEPANOVICH LEONOV	104-10218-10060
NIKONOV	104-10014-10064
NISHIO Noboru	104-10064-10012
NKH	104-10185-10009
NKRUMAH	104-10234-10141
NOEL PALLAIS	124-90124-10055
NOEL-BAKER, Philip Jott	104-10120-10502
NOLTING	176-10038-10032
NOMURA Koichi	104-10064-10012
NORMA FLORES	104-10308-10054
NORMAN MAILER	104-10326-10078
NORMAN PIETRI	104-10070-10272
NORMAN ROTHMAN	124-10279-10258
NORMAND POULIN	104-10519-10182
NOSENKO	104-10012-10024
NOSENKO	104-10172-10255
NUITZ Rojas, Hiren	104-10072-10212
NURO Kenji	104-10064-10012
NWBOLTON	104-10326-10075
Naglio HOREO Espinal	104-10183-10276
Nancy	104-10123-10421
Nancy	104-10172-10107
Nancy Brunone	104-10332-10009
Nancy L Davis	104-10220-10069
Nancye Gratz	104-10229-10002
Narcisco Caray	104-10235-10018
Narciso NAVARRO	124-90041-10023
Nasir	104-10302-10030
Nasir	177-10002-10103
Nason	104-10119-10183
Natividad NAVARRETE FERNANDEZ	104-10231-10042
Natolo Ray	104-10179-10195
Nauman	104-10179-10134
Ne Win	176-10036-10179
Ne Win	177-10002-10101
Nechiporenko	104-10332-10009
Ned	104-10119-10183
Nehru	104-10071-10122
Neil T. PICKWORTH	104-10171-10033
Nelson L. RAYMOND	104-10171-10044
Nelson L. RAYNOCK	104-10171-10034
Nelson L. RAYNOCZ	104-10171-10044
Nelson L. Raynock	104-10172-10041
Nelson R. Poliakoff	104-10169-10139
Nemo	104-10072-10013
Nestor D. Sanchez	104-10247-10097
Nestor PINO MAITINAS	104-10231-10042
Nestor Sanchez	157-10011-10083
Nestor Sanchez	178-10002-10091
Nestor Sanchez	178-10002-10215
Nestor Sanchez	178-10002-10279
Nestor VER	104-10163-10136
Newell Laskey	104-10248-10203
Ngo Dinh Can	176-10036-10078
Ngo Dinh Can	176-10036-10098
Ngo Dinh Diem	176-10036-10078
Ngo Dinh Diem	176-10036-10099
Ngo Dinh Diem	176-10036-10102
Ngo Dinh Diem	176-10036-10103
Ngo Dinh Diem	176-10036-10116
Ngo Dinh Diem	176-10036-10117
Ngo Dinh Diem	176-10036-10137
Ngo Dinh Diem	176-10036-10149
Ngo Dinh Diem	176-10037-10452
Ngo Dinh Diem	176-10037-10453
Ngo Dinh Diem	176-10037-10494
Ngo Dinh Nhu	176-10036-10088
Ngo Dinh Nhu	176-10036-10094
Ngo Dinh Nhu	176-10036-10095
Ngo Dinh Nhu	176-10036-10099
Ngo Dinh Nhu	176-10036-10103
Ngo Dinh Nhu	176-10036-10104
Ngo Dinh Nhu	176-10036-10113
Ngo Dinh Nhu	176-10036-10115
Ngo Dinh Nhu	176-10036-10116
Ngo Dinh Nhu	176-10036-10117
Ngo Dinh Nhu	176-10036-10137
Ngo Dinh Nhu	176-10036-10139
Ngo Dinh Nhu	176-10037-10453
Ngo Dinh Nhu	176-10037-10494
Ngo Dinh Thuc	176-10036-10099
Ngo Trong Hieu	176-10036-10088
Ngo dinh Nhu	176-10036-10179
Nguyen Cao Ky	176-10036-10149
Nguyen Chanh Thai	176-10037-10491
Nguyen Duy Bach	176-10036-10138
Nguyen Hoang Cuong	176-10036-10139
Nguyen Huu Chau	176-10036-10149
Nguyen Huy Nghia	176-10036-10149
Nguyen Khanh	176-10036-10113
Nguyen Khanh	176-10036-10131
Nguyen Ngoc Le	176-10036-10113
Nguyen Ngoc Tho	176-10036-10115
Nguyen Ngoc Tho	176-10036-10117
Nguyen Ngoc Tho	176-10036-10139
Nguyen Thai	176-10036-10149
Nguyen Ton Hoan	176-10036-10149
Nguyen Trong Dinh	176-10036-10087
Nguyen Trong Vinh	176-10036-10087
Nguyen Tuong Tam	176-10036-10117
Nguyen Van Chau	176-10037-10452
Nguyen Van Cu	176-10036-10098
Nguyen Van La	176-10036-10113
Nguyen Van Luc	176-10036-10098
Nguyen Van Thien	176-10036-10149
Nhu	104-10306-10020
Nhu	176-10036-10149
Nicanor FERNANDEZ	104-10227-10150
Nicanor FERNANDEZ	104-10232-10004
Nicanor FERNANDEZ	104-10232-10019
Nicanor FERNANDEZ	104-10236-10056
Nicholas JAMES	104-10105-10290
Nicholas JUDD	104-10105-10290
Nicholas KAGAK	104-10106-10716
Nicholas P. STOIAKEN	104-10105-10290
Nicholas R. Zubon	104-10106-10547
Nick Bartone	124-90135-10074
Nicolas GUILLEN	104-10048-10252
Nicolas George DAMASCOU	104-10219-10283
Nicolas Georges DAMASCOU	104-10219-10282
Nicolas Georges DAMASCUS	104-10219-10283
Nicolas PEREZ Diez-Arguelles	104-10170-10051
Nikita Khrushchev	104-10173-10135
Nikita Khrushchev	104-10209-10018
Nikolaly Sergeyevich Leonov	104-10187-10030
Nikolay Ivanovich CAMAROW	104-10173-10104
Nikolay Sergeyevich LEONOV	104-10173-10104
Nikolay V. Vasilyevich	104-10064-10012
Nils DIAZ	104-10160-10207
Nina MOISEYIVA	104-10162-10247
Nina Noring	104-10332-10020
Nina PERUSECEVA	104-10162-10247
Nina Popova	104-10074-10007
Nina Stevens	124-10279-10209
Nino	104-10232-10018
Nino Dias	104-10179-10025
Nixon	104-10119-10183
Nixon	104-10172-10112
Noah LONDON	104-10162-10247
Noah SEBORER	104-10172-10107
Noel	104-10174-10037
Noel	177-10001-10445
Noel GUERRERO Santiago	104-10183-10276
Noel GUERRERO Santiago	104-10183-10276
Nolida TURCIOS	104-10183-10276
Nolting	104-10306-10020
Nolting	176-10036-10095
Nora BRITZIUS	104-10049-10375
Nora BRITZIUS	104-10265-10141
Noriko AWAJI	104-10176-10015
Noriko AWAJL	104-10176-10020
Noriko MATSUZAKAYA	104-10176-10015
Noriko MATSUZAKAYA	104-10176-10020
Norlando Mirret	104-10308-10269
Norma Valverde	104-10097-10069
Norman ARMENTROUT	104-10166-10158
Norman C. IMLER	104-10105-10290
Norman D. Block	104-10194-10024
Norman G. Swift	104-10263-10111
Norman Mailer	104-10064-10012
Norman Mailer	104-10326-10013
Norman Philcox	124-10114-10010
Norman R. HARTHERODT	104-10121-10191
Norman Rothman	104-10178-10096
Norman S. Pallot	104-10104-10271
Norman Victor Shulman	104-10169-10282
Northrop, Johnston K.	104-10111-10104
Nosenko	104-10059-10188
Nosenko	104-10227-10003
Nosenko	104-10332-10009
Nosenko	177-10001-10445
Nosenko, Yuri	180-10131-10324
Novotny	177-10002-10098
Novotny	177-10002-10102
Néstor Carbonell	104-10230-10153
Néstor Hoed de Beche	104-10230-10153
O'Brien, John T.	104-10111-10104
O'Connell	104-10123-10223
O'Ryan	177-10001-10445
O. Calder	104-10213-10002
O. M. Doeflinger	104-10175-10085
O. MARTINEZ	104-10172-10001
OBTING	104-10183-10233
OBYEDKOV, IVAN DMITRIYEVICH	104-10177-10224
ODA Makoto	104-10064-10012
ODAGIRI Hideo	104-10064-10012
ODON (ALVAREZ) DE LA CAMPA	104-10076-10058
ODON ALVAREZ DELALA CAMPA	104-10077-10369
ODTOKE	104-10211-10326
ODYOKE	104-10098-10072
OFELIA DOMINGUEZ	104-10070-10272
OGOSEI Teruo	104-10064-10012
OHMX	104-10234-10155
OKAMOTO Taro	104-10064-10012
OKUMA Minoru	104-10064-10012
OLEDBIAS	104-10167-10127
OLIVEIRAS GUANAIS	104-10070-10272
OLIVER G. GALBOND	104-10162-10014
OLIVEROY Riopa II, Miguel Angel	104-10072-10212
ONTRICH	104-10216-10398
ONTRICH	104-10247-10097
ONTRICH (F)	104-10234-10155
OPPINER	104-10290-10062
ORA ERCUNS	104-10076-10416
ORK VILLIAMS	104-10216-10202
ORLANDO PIEDRA	124-10332-10047
ORLANDO RODRIGUEZ	104-10298-10095
ORLANDO SCHUSS	104-10179-10209
ORTEGA	104-10167-10083
ORVILLE C. DAVISON	104-10077-10285
ORVILLE G. COX	104-10077-10266
OSCAR 8 KLEIN	104-10095-10161
OSCAR AGUIRRE	104-10070-10272
OSCAR F. ALFARENGO	104-10070-10272
OSCAR FERNANDEZ MEL	104-10070-10272
OSCAR KLEIN	104-10095-10075
OSCAR OLIVA CANTUD	104-10183-10376
OSILY KUBARIK	104-10290-10199
OSVALDO AGUERO	104-10070-10272
OSVALDO DIAZ	104-10075-10200
OSVALDO RAMIREZ	104-10169-10265
OSVALDO SOTO	104-10231-10418
OSWALD	104-10014-10064
OSWALD	104-10065-10028
OSWALD	104-10181-10117
OSWALD	104-10210-10020
OSWALD	104-10534-10173
OSWALD	124-10181-10009
OSWALD, LEE	180-10110-10100
OSWALD, Lee	124-10158-10061
OSWALDO LOPEZ	104-10183-10267
OTSUKOTSU Yoshiko	104-10064-10012
OTTA	104-10101-10256
OTTO	104-10076-10277
OTTO RESARIO	104-10175-10101
OVARES	124-90041-10023
Obyedkov	180-10110-10100
Octavio REYES ortiz	104-10048-10252
Ofelia Altamirano de Sabrabi	177-10001-10305
Ojeda	104-10308-10269
Oleg ((NECHIPORENKO))	104-10326-10092
Oleg Maksimovich NECHIPORENKO	104-10173-10104
Oleg Nechiperenko	104-10326-10101
Oleg Pavlovich MOSKVICHEV	104-10177-10224
Oleg Penkovsky	124-10325-10318
Olga Belokon	104-10414-10002
Olga Valdés Acosta	104-10230-10153
Olive Secutting	104-10079-10391
Oliver G. Galbond	104-10187-10030
Oliver G. SCANTLING	104-10065-10028
Oliver H. CORBUSTON	104-10063-10206
Oliver H. CORBUSTON	104-10071-10060
Oliver J. MANKUNAS	104-10187-10009
Oliver J. MANKUNAS	104-10187-10014
Oliver Ormond	104-10070-10296
Oliver Stone	104-10326-10101
Oliver Stone	104-10337-10001
Oliverio Antonio TOMEU Vasallo	104-10160-10207
Oliverio Antonio TOMEU Vasallo	104-10237-10120
Oliverio Toneu	104-10172-10062
Omelio Julian Garcia Consales	104-10171-10013
Onassis	157-10004-10280
Oneko	177-10002-10102
Oreste Tamayo	104-10075-10203
Orlando BLANCO	104-10163-10019
Orlando Blanco	104-10216-10398
Orlando Blanco	104-10247-10097
Orlando Bosch	104-10177-10217
Orlando Bosch	104-10192-10229
Orlando Bosch Avila	104-10164-10050
Orlando CRUZ	104-10193-10016
Orlando Fernandez	104-10308-10269
Orlando GARCIA Duarte	104-10122-10147
Orlando Letelier	104-10177-10217
Orlando OROPESA Perez	104-10308-10029
Orlando PEREZ	104-10163-10019
Orlando Piedra	157-10004-10095
Orlando Prendes Gutierrez	104-10180-10042
Orlando QUANT Quintena	104-10183-10276
Orlando RODRIGUEZ ALVAREZ	104-10231-10042
Orlando Rodriguez	104-10230-10153
Orlando VELAZCO	124-90041-10023
Orlich	177-10002-10069
Orlich	177-10002-10070
Ornei	104-10186-10088
Ornei	104-10186-10308
Orville C. Dans	104-10077-10067
Orville C. Dawson	104-10215-10004
Osaias Leon Schujman	177-10001-10305
Oscar DIAZ Jabiela-Garcia	104-10216-10148
Oscar Diaz	104-10308-10044
Oscar Guerra	104-10103-10112
Oscar Morera Madrigal	177-10001-10305
Oscar PINO Santos	104-10163-10019
Oscar Salas	177-10001-10305
Oscar Sanjines	177-10001-10305
Osiel GONZALEZ	104-10160-10207
Osilentos	104-10338-10018
Osorio DAVILA	104-10179-10104
Osvaldo RAMIREZ	104-10232-10004
Osvaldo RAMIREZ	104-10232-10019
Osvaldo RAMIREZ	104-10236-10056
Osvaldo RELOVA Penichet	104-10185-10105
Osvaldo RELOVA Penichet	104-10186-10264
Osvaldo Ramirez	104-10232-10018
Oswald	104-10004-10143 (C06932208)
Oswald	104-10004-10156
Oswald	104-10004-10213
Oswald	104-10005-10321
Oswald	104-10059-10188
Oswald	104-10306-10011
Oswald	104-10326-10087
Oswald	104-10332-10020
Oswald	177-10002-10096
Oswald, Lee Harvey	157-10004-10144
Oswald, Lee Harvey	180-10131-10324
Oswaldo Lopez Arellano	104-10165-10084
Oswaldo RAMIREZ	104-10070-10079
Otto	104-10306-10011
Otto GINER Alonso	104-10170-10146
Otto Naisan	104-10064-10012
Otto SKORZENY	104-10163-10019
Overjorda	104-10187-10014
Oveta Culp HOBBY	104-10117-10203
Oveta Culp Hobby	104-10116-10261
Ovidis SARA	104-10072-10228
Owen Faust	104-10049-10362
Owen Faust	104-10265-10118
Owiel GONZALEZ	104-10237-10120
P Lepusta	104-10162-10247
P. ALE (TOFU)	104-10069-10132
P. E. ARNESON	104-10222-10001
P. Lewrence	104-10120-10276
P.A.MAGGIO	104-10077-10356
P.H. KOETRLOCK	104-10241-10250
P.V. RAMZAYEV	104-10413-10306
P.W. HOMSHER	104-10166-10158
P.W. JÓNSSONAL. SULLIVAN	104-10412-10005
PABLO	104-10267-10196
PABLO NERUDA	104-10070-10272
PABLO SANDOVAL CRANE	104-10075-10200
PACETTE	104-10183-10436
PALMER	104-10216-10000
PANEQUE, Victor	104-10115-10074
PANIC-1	104-10179-10025
PANNER, Claude Griffith, Jr.	104-10121-10239
PAPICH	124-90140-10012
PASSOVO	104-10298-10184
PASTOR Ponce	104-10172-10001
PATARA Orozco, Manuel	104-10072-10212
PATMAN	104-10116-10261
PATMAN	104-10117-10203
PATRICIA DHNSON	104-10095-10161
PATRICIA UDEN SON	104-10095-10075
PAUL ALLEN MARINE	104-10095-10075
PAUL ALLEN MARINE	104-10095-10075
PAUL ALLEN MARINE	104-10095-10161
PAUL BOYCE TOMPKINS	124-90092-10002
PAUL GEORGE ANDERSON	124-10311-10292
PAUL L DILLCA	104-10095-10161
PAUL L DILLON	104-10095-10075
PAUL P PAXTON	104-10095-10075
PAULA	104-10231-10042
PAULINE C OHARA	104-10095-10075
PAULINE C OHARA	104-10095-10161
PAULO VIANA	104-10070-10272
PEDRO DIAZ	124-10221-10231
PEDRO INTERIAN GARCIA	104-10226-10090
PEDRO LUIS DIAZ LANZ	124-10221-10229
PEDRO LUIS DIAZ LANZ	124-10279-10258
PEDRO MARTINEZ PIREZ	177-10001-10064
PEDRO SERCIO CUELLAR ALONSO	104-10172-10059
PEDROGA	104-10100-10411
PEDROS MOUTSOS	124-90140-10005
PEDROSA BE LEIVA	104-10100-10411
PEGGY M MAGGARD	104-10095-10075
PEGGY M MAGGARE	104-10095-10075
PEGGY M MAGGARE	104-10095-10161
PENKOVSKY	104-10413-10306
PENNINGTON	104-10250-10199
PEPE GATILLO	104-10179-10209
PERALTA	104-10187-10149
PERGREN AMSTONE	104-10076-10153
PETE	104-10180-10162
PETER HEILMAN	124-90092-10016
PETER SICHEL	124-90092-10016
PETROV	104-10210-10020
PETROV	104-10534-10173
PETRY	104-10101-10256
PFUNTNER, JORDAN J.	194-10012-10030
PHAM NGOC THAO	176-10036-10142
PHAM NGOC THAO	176-10036-10143
PHAM NGỌC THAO	176-10036-10134
PHILIP H CLARK	104-10095-10075
PHILIP H CLARK	104-10095-10161
PHRECTOR JABELL	104-10180-10179
PICCOLO, Joseph (NMN) Jr.	104-10129-10439
PICCOLO, Joseph Jr.	104-10129-10438
PICHI MELLA	104-10183-10331
PICO Ramor	104-10178-10334
PIRE	104-10120-10502
PIRE, Dominique George	104-10120-10502
PIVERO, Charris Francisco	104-10072-10212
PLASAN, Charlotte L.	104-10111-10044
PLASAN, Charlotte L.	104-10111-10045
PLINIO PRIETO	104-10180-10176
POBE SHАН	104-10095-10075
POCKER, Charles Hunter	104-10121-10239
POLLY ANDREW	124-90130-10005
PONOD CALVIN	104-10527-10277
PREISFREUND	104-10210-10020
PREISFREUND	104-10534-10173
PRENTICE R MARHEINE	104-10095-10161
PRESIDENT SOMOZA	176-10036-10051
PRESLAND	104-10216-10397
PRESTON C. INNINEN	104-10179-10233
PRESTON, Howard J.	104-10111-10104
PRIO	104-10227-10150
PRIO	104-10232-10004
PRIO	104-10232-10019
PRIO	104-10236-10056
PROTOILIO	104-10227-10150
PRUNA Blanco	124-90041-10023
Pablo	104-10075-10225
Pablo Acmaa	104-10170-10051
Pablo Drake Capiro	104-10180-10042
Pablo H. ROJAS RAMOS	104-10231-10042
Pablo Lopez	104-10103-10112
Pablo Rodriguez	104-10161-10226
Paccio Carrillo	104-10169-10017
Pace	178-10004-10054
Pachana	104-10180-10165
Paco	104-10180-10165
Padre Alberto de Castro	104-10174-10037
Padre MIRET	104-10179-10104
Padre Ramon Daniel Valdes Leon	104-10075-10373
Pak Chong-hui	104-10290-10190
Pak Chong-hui	177-10002-10098
Pakravan	104-10306-10011
Pal Roshiquy	104-10131-10010
Palayo Garcia	124-10285-10254
Palaze, William	104-10111-10104
Palmes N. Jr.	104-10120-10290
Panfilo I. DELGADO SUAREZ	104-10231-10042
Papandreou	177-10002-10101
Papich	104-10306-10010
Papich	104-10306-10011
Papich	124-10273-10070
Papich	124-10326-10103
Papich	124-10326-10104
Papich	124-90137-10467
Paragellis	104-10306-10011
Pascasio Lineras Lopez	104-10234-10105
Pascasio Linoras	104-10230-10153
Paslo Armando Sosa Ramirez	104-10187-10208
Pastore	104-10306-10007
Patorsui	104-10185-10030
Patrice Lumumba	157-10002-10105
Patrice Lumumba	157-10005-10141
Patricia B.	104-10250-10035
Patricia Jean	104-10175-10179
Patricia SALLOCM	104-10110-10433
Patricic CUEVAS	104-10048-10252
Patrick Carpentier	104-10408-10078
Patrick I. Hamley	104-10167-10127
Patrick J. Pales	104-10113-10249
Paul BIRKE	104-10250-10199
Paul BURKE	104-10105-10290
Paul Baran	104-10187-10030
Paul Best	104-10161-10321
Paul Burns	104-10173-10130
Paul Burns	104-10173-10132
Paul Delathuis	104-10005-10321
Paul Dillon	104-10095-10161
Paul Doty	104-10165-10077
Paul Eberst	104-10229-10002
Paul Henze	157-10011-10083
Paul Henze	178-10002-10091
Paul Henze	178-10002-10215
Paul Henze	178-10002-10279
Paul Hickman	124-90138-10066
Paul J. BURKE	104-10105-10290
Paul KCCELA	104-10105-10290
Paul KENDALL	104-10105-10290
Paul Karlouist	104-10105-10290
Paul L. Rinaldo	104-10219-10154
Paul M. SACHS	104-10185-10244
Paul P. Paxton	104-10175-10085
Paul P. Stewart	104-10120-10275
Paul P. Stewart	104-10256-10428
Paul Pesik	104-10216-10046
Paul R. Wilson	104-10194-10024
Paul R. ZIMMER	104-10105-10290
Paul Rochelle	104-10219-10143
Paul Rodger ANCE	104-10105-10290
Paul Seidel	104-10291-10002
Paul Stroud	104-10237-10120
Paul Thomas Aquinas BORDEN	104-10105-10290
Paul Wallach	104-10310-10118
Paula	104-10232-10018
Paula Grau	104-10308-10044
Pauline Juanita Ross Rodriguez	104-10129-10002
Paulino A SIERRA	104-10308-10029
Paulino SOSA VALDES	104-10231-10042
Paulo MARTINEZ	104-10308-10062
Pazell, Hardley	104-10111-10104
Pearl	104-10162-10247
Pearson	104-10306-10011
Pebo Orozco	104-10247-10097
Pedro Abella	177-10001-10305
Pedro Acen	104-10167-10190
Pedro Aponte	104-10230-10153
Pedro BARBI	104-10234-10105
Pedro Barbi	104-10103-10112
Pedro Barbi	104-10234-10102
Pedro Barbi (or Balbi) Febles	104-10234-10050
Pedro Botet	104-10245-10000
Pedro CARRILLO	104-10073-10101
Pedro CRUZ	104-10102-10237
Pedro CRUZ	104-10103-10112
Pedro CUKSR	104-10179-10104
Pedro Castello	104-10170-10051
Pedro Diaz Lanz	104-10174-10072
Pedro Dinz Landda	104-10167-10297
Pedro Duno	104-10302-10020
Pedro Enrique Alfonso	104-10177-10219
Pedro FODRIGUEZ	104-10183-10276
Pedro FRANCO DUARTE	104-10231-10042
Pedro Fons	104-10245-10000
Pedro Fox	124-10212-10160
Pedro Francisco GONZALEZ	104-10105-10290
Pedro Gonzalez DICOLAT	104-10105-10290
Pedro H. REYES BELLO	104-10231-10042
Pedro HOTERO	104-10171-10020
Pedro IGLESIAS Betancourt	104-10102-10237
Pedro IGLESIAS Betancourt	104-10103-10112
Pedro J. Menendez Gilbert	104-10216-10073
Pedro LOPEZ Cristo	104-10122-10147
Pedro Luis BOITEL	104-10170-10121
Pedro Luis DIA: Lanz	104-10073-10074
Pedro M. Diaz	104-10217-10185
Pedro Martinez Fraga	104-10170-10112
Pedro Matos	198-10005-10018
Pedro Miret	104-10103-10112
Pedro Miret	104-10308-10269
Pedro Motta Barros	177-10001-10305
Pedro O. ZALORA GARCIA	104-10231-10042
Pedro R. VERA ORTIZ	104-10231-10042
Pedro Raul Farsan Medrano	104-10187-10071
Pedro SANTACRUZ Castro	104-10183-10276
Pedro Saenz Flores	104-10062-10227
Pedro Ynterian Garcia	104-10170-10051
Pedros Moutsos	124-90140-10004
Peer de Silva	104-10306-10018
Peggy Duff	104-10064-10012
Peggy Maggard	104-10095-10161
Peko Dapcevic	176-10037-10120
Penkovskiy	104-10306-10007
Pepe Aguero	104-10308-10044
Pepe GONZALEZ	104-10073-10074
Pepin Arruti	104-10308-10269
Peralta	104-10183-10260
Peralta	104-10187-10103
Peralta	198-10007-10022
Perezacid	104-10172-10107
Perico LNU	104-10103-10112
Pete	104-10180-10165
Peter Beers	104-10177-10220
Peter CHAS	104-10105-10290
Peter HOWELL	104-10250-10199
Peter J. DI CERVENO	104-10180-10215
Peter J. DI GERVENO	104-10072-10227
Peter J. DICERVINO	104-10161-10330
Peter J. DiGervino	104-10161-10331
Peter J. KIMINGHAM	104-10234-10155
Peter Jessup	104-10310-10020
Peter KAPUSTA	104-10105-10290
Peter Minet	104-10075-10365
Peter Molt	104-10192-10110
Peter N. GLOADEN	104-10234-10155
Peter Roberts	176-10037-10453
Peter T. SWINEHART	104-10188-10015
Peter T. Vay	104-10178-10052
Peter UTHALUNEC	104-10216-10075
Peters	104-10179-10025
Petite Esnard	104-10076-10442
Petr Nikitovich SAVALVEY	104-10172-10279
Petronio	124-90139-10002
Petros Moutsos	124-90137-10067
Petros Moutsos	124-90137-10230
Petrov	124-90137-10488
Peykee	104-10306-10011
Pham Duc Tien	176-10036-10094
Pham Ngoc Thao	176-10036-10149
Pham Van Lieu	176-10037-10491
Pham Xuan Chieu	176-10036-10113
Phan Quang Dan	176-10036-10179
Phil Toomey	104-10174-10038
Philip AMRONIM	104-10162-10247
Philip G. ELMARD	104-10256-10208
Philip Harbin	104-10107-10087
Philip Harbin	104-10119-10040
Philip J. MAMONEY	104-10105-10290
Philip Joseph MAGLIE	104-10105-10290
Philip R. Fendig	104-10104-10262
Philip Share	104-10220-10069
Philip Snare	104-10248-10203
Philip Toomey	104-10174-10036
Philip Toomey	104-10174-10037
Philip Warner	104-10077-10266
Phillip Luce	124-90140-10012
Phillips	104-10306-10011
Phillips	180-10143-10100
Phillips	198-10007-10021
Piburn, Edwin A.	104-10111-10104
Pickard P. Banes	104-10100-10251
Pierre Laureys	104-10182-10073
Pierre SCHLUMBERGER	104-10106-10716
Pinero	104-10216-10398
Pinero	104-10247-10097
Pinio Prieto	104-10180-10178
Piotr Fedotov	104-10092-10340
Piro ARNAO GARCIA	104-10231-10042
Piroger	104-10072-10013
Placido Mazed	104-10075-10225
Podro AR VALO Polar	104-10183-10276
Poinzio	157-10002-10165
Polly Pike	104-10529-10367
Pomelle Maria Joan Willaced	104-10172-10107
Porres	104-10183-10260
Porres	104-10187-10103
Potor T. Fay	104-10178-10049
Poul ERICKSON	104-10105-10290
Powers	124-10273-10070
Prentice Marheine	104-10095-10161
Pres	104-10306-10011
President Betancourt	104-10275-10176
President Betancourt	198-10009-10099
President Dorticos	104-10247-10097
President Duvalier	104-10166-10262
President Duvalier	104-10217-10000
President EISENHOWER	104-10106-10716
President Eisenhower	104-10173-10130
President FRONDIZI	104-10232-10004
President FRONDIZI	104-10232-10019
President John F. Kennedy	177-10001-10445
President Johnson	104-10433-10209
President Johnson	124-10114-10010
President Johnson	177-10001-10445
President Johnson	177-10002-10098
President Jüan Bosch	104-10275-10176
President Kennedy	104-10217-10000
President Kennedy	177-10002-10097
President Kennedy	180-10143-10227
President Macapagal	104-10306-10018
Preston E. James	104-10069-10359
Preyer	180-10131-10324
Pricilla Lavocki	104-10092-10340
Primakov	104-10326-10092
Prio	104-10232-10018
Priscilla Johnson	104-10119-10247
Priscilla Johnson	124-10279-10209
Proctor	104-10108-10026
Proctor	104-10310-10118
Proenza	104-10332-10020
Professor Play Allah	104-10072-10013
Professor TORRES	104-10183-10276
Prío Socrrás	104-10177-10225
Publio RUIZ	104-10160-10207
Publio RUIZ	104-10237-10120
Q. A. LADKER, Jr.	104-10215-10004
QJWIN	157-10002-10106
QUANTUM-50	104-10171-10003
QUANTUM-51	104-10171-10003
QUANTUM-55	104-10171-10003
QUEPORT	104-10234-10155
QUESADA JI GONZALO	104-10105-10290
QUINE, Myrtle V.	104-10113-10181
Quat	104-10306-10011
Quehlin	104-10306-10011
Quenit Siegel	104-10183-10232
Quentin Bassett	104-10064-10012
Quentin C. Joinso	104-10188-10015
Quiel GONZÁLEZ	104-10237-10120
Quinn	104-10173-10130
Quinn	104-10173-10132
R. Chin	104-10068-10164
R. E. CARTER	124-10058-10420
R. E. Carter	124-10181-10009
R. HERBERT	104-10100-10319
R. Haufton	104-10016-10021
R. Hopkins	104-10226-10045
R. L. Austin, Jr.	104-10291-10002
R. L. Bannerman	104-10114-10162
R. MEDINA RAMIREZ	104-10070-10272
R. N. DAHLGREN	104-10222-10001
R. O.	104-10188-10015
R. S. BAMPSON	104-10162-10017
R. S. Travis	104-10070-10296
R. V. Cortlandt HEREST	104-10110-10243
R. W. Smith	124-10326-10103
R. WILLY SASTRANEGARA	104-10408-10329
R. Wagner	104-10179-10233
R. Willy Sastranegara	104-10016-10021
R. selk	104-10078-10020
R.A. Aparkin	104-10263-10111
R.A. Ortman	104-10178-10096
R.C. Blaker	104-10256-10187
R.F.B. Lohmann	104-10110-10568
R.H.J. Stater	104-10161-10193
R.L. King	104-10188-10015
RABNEY	104-10178-10071
RAFAEL AGUIRRE	104-10220-10294
RAFAEL BANALES	104-10070-10272
RAFAEL GARCIA AUDIO	104-10172-10059
RAFANELLI	104-10413-10053
RAFORD W. HERBERT	104-10187-10014
RAKEBRAND	104-10527-10277
RALPH L. JENSEN	124-10332-10047
RALPH L. PIPES. MD	104-10510-10141
RAM THUERISE	104-10072-10228
RAMIRO BERMUDES ALEGRIA	104-10070-10272
RAMON A. MUNIZ	104-10070-10272
RAMON BARBOSA C.	104-10070-10272
RANUEL JUSTO HUINOS	104-10308-10054
RAQUEL GONZALEZ FEAL	104-10221-10222
RASTVOROV	104-10210-10020
RASTVOROV	104-10534-10173
RAUL MENDEZ PIREZ	104-10231-10418
RAUL MENDEZ PIREZ	104-10298-10095
RAUL PEREZ	104-10179-10209
RAUL ROA	124-10300-10012
RAY O'MERA	124-90130-10005
RAYMOND J SWIDER	104-10095-10075
RAYMOND J SWIDER	104-10095-10161
RAYMOND L. BANCENAS	104-10079-10391
RCS	104-10167-10083
REBELLON	104-10171-10003
RECKREY	104-10164-10088
REICHEZARDT	104-10100-10394
REICHHARDT	104-10167-10083
REINALDO ABREU	124-10300-10012
REINALDO BLANCO HERNANDEZ	124-10221-10229
REINBEING	104-10100-10396
REINER	124-90155-10008
REISCHAUER	104-10064-10012
RELOVA	104-10185-10105
REMIGIO	104-10098-10404
RENARD	104-10512-10101
RENE	104-10075-10203
RENE A. RADOLE	124-10332-10047
RENE SATOS	104-10229-10002
RESTITUTO ROBAINA	104-10075-10200
RETTIE	104-10175-10101
REUTEMAN	104-10072-10289
REUTEMAN	104-10077-10356
REYES	124-90041-10023
RHawra	104-10183-10011
RICARDO	104-10075-10250
RICARDO	104-10076-10277
RICARDO GUTTIEREZ TORRENS	177-10001-10063
RICARDO LORIE	104-10298-10095
RICARDO LORIE	124-10221-10231
RICARDO SAMPER	104-10070-10272
RICHARD A FINNEY	104-10095-10075
RICHARD A FINNEY	104-10095-10161
RICHARD CYRIL FRANK	124-10212-10337
RICHARD D CALPINE	104-10095-10161
RICHARD D MCALPINE	104-10095-10075
RICHARD H OUDERKIRK	104-10095-10075
RICHARD H OUDERKIRK	104-10095-10161
RICHARD HELMS	124-90092-10016
RICHARD N. GOODWIN	124-10326-10149
RICHARD THOMAS GIBSON	124-10180-10295
RICHARD WALKER	104-10100-10200
RICHARD WALKER	104-10529-10330
RICHARD Z SPATHAR	104-10095-10075
RICHARD Z SPATHAR	104-10095-10161
RICHARDSON	104-10218-10083
RICO	104-10052-10130
RINALDO HERNANDEZ BLANCO	104-10172-10059
RISKAFT	104-10234-10155
RIVERA	104-10186-10410
RIVERA	104-10187-10103
RIVERA	104-10187-10149
RIVERO	104-10180-10176
ROBERT A ACKERMANN	124-90092-10002
ROBERT A COVINGTON	104-10095-10075
ROBERT A COVINGTON	104-10095-10161
ROBERT C 8ODDEN	104-10095-10075
ROBERT C BODDEN	104-10095-10161
ROBERT D DUNCAN	104-10095-10075
ROBERT D WEEKLEY	104-10095-10075
ROBERT D WEEKLEY	104-10095-10161
ROBERT E. YOUNG	104-10161-10144
ROBERT F FLORSTEDT	104-10095-10075
ROBERT F LATHAM	104-10095-10075
ROBERT F LATHAM	104-10095-10161
ROBERT F. KENNEDY	124-10326-10149
ROBERT F. KENNEDY	124-10326-10191
ROBERT F. LAUDWEIN	124-90092-10001
ROBERT GLENN THOMPSON	124-90092-10001
ROBERT GLENN THOMPSON	124-90092-10002
ROBERT H FELDMANN	104-10095-10075
ROBERT HARRIS	124-90092-10016
ROBERT JAMES DWYER	124-10221-10231
ROBERT JAMES DWYER	124-10332-10047
ROBERT KLEBERG	124-10326-10149
ROBERT KLEBERG	124-10326-10191
ROBERT S FUORSTEDT	104-10095-10161
ROBERT SOBLE	104-10106-10716
ROBERT T SHAW	104-10095-10075
ROBERT T SHAW	104-10095-10161
ROBERT T SHAW	104-10095-10161
ROBERT Z ZAMBERNARDIR	104-10095-10075
ROBERT ZAMBERNARDI	104-10095-10161
ROBERTO	104-10180-10162
ROBERTO CARIAS DELGADO	104-10070-10272
ROBERTO CHIARI	104-10167-10366
ROBERTO D DUNCAN	104-10095-10161
ROBERTO FERNANDEZ MIRANDA	124-10279-10258
ROBERTO FERNANDEZ MIRANDA	124-10332-10047
ROBERTS	124-90092-10016
ROBINOW	104-10177-10219
ROBRENO	104-10183-10240
ROBRENO	104-10517-10120
ROCSI	104-10171-10138
RODAMOR	104-10234-10155
RODHAM W KENNER	104-10095-10075
RODHAM W KENNER	104-10095-10161
RODOLFO GHIOLDI	104-10070-10272
RODRIGUE. CONZALES	104-10180-10179
RODRIGUES	104-10179-10113
RODRIGUEZY Gonzalos, Arnesto Napoleon	104-10072-10212
ROGELIO BLANCO DESDER	104-10070-10272
ROGELIO IGLESIAS PATINO	104-10077-10369
ROGERS, Lawrence E.	104-10111-10044
ROGERS, Lawrence E.	104-10111-10045
ROLAND ERNEST DULIN	124-90092-10016
ROLANDO BUBELA	104-10070-10272
ROLANDO MASFERRER	124-10279-10258
ROLFE	104-10095-10075
ROMULO BETANCOURT	104-10221-10222
RON, DOKTOR	104-10290-10168
RONALD J WILSON	104-10095-10075
RONALD J WILSON	104-10095-10161
ROS	104-10167-10083
ROSA PEREZ	104-10179-10209
ROSAM PELAYC	104-10095-10075
ROSAMINE PELAYC	104-10095-10161
ROSE R OFFENEACHER	104-10095-10161
ROSEAR OF FEN EACHER	104-10095-10075
ROSTVOROFF	104-10413-10306
ROY HARGRAVES	104-10221-10222
ROY W. FORSLUND	104-10077-10266
ROY W. FORSLUND	104-10077-10285
RUFO LOPEZ FRESQUET	124-10300-10024
RUPEK DUDIN	104-10100-10065
RUTH I HAMMEL	104-10095-10075
RUTH I RANMEL	104-10095-10161
RUTHERFORD J. LYNER	104-10192-10110
RYAZAR	104-10171-10138
Rachel Esther Williams Wichtrich	104-10175-10179
Rady, George A.	104-10111-10104
Rafael	104-10170-10015
Rafael ACEVEDO Hlanco	104-10183-10276
Rafael AGUIRRE	104-10220-10293
Rafael ALVAREZ-FACILO	104-10231-10042
Rafael ARRIBAS Rodriguez	104-10308-10023
Rafael Alvarez Fernandez-Garrido	104-10172-10062
Rafael Aurelio QUINTERO Ibarbia	104-10110-10242
Rafael Aurelio QUINTERO Ibarbia	104-10110-10243
Rafael CALDERA	104-10192-10110
Rafael CONTRERAS Holine	104-10183-10276
Rafael DIAZ	104-10226-10011
Rafael ESTANCOURI	104-10179-10104
Rafael Echeverria	104-10338-10018
Rafael Espinosa Arata	104-10170-10051
Rafael GONZALEZ LAB	104-10231-10042
Rafael GONZALEZ LANTADA	104-10231-10042
Rafael HERNANDEZ	104-10073-10113
Rafael Huguet Del Valle	124-90135-10074
Rafael L. Trujillo	104-10216-10075
Rafael M. MADRIGAL MENDIGUTIA	104-10231-10042
Rafael PEDROSA Perez	104-10072-10228
Rafael Padron Prado	124-10212-10160
Rafael Pastor	104-10433-10212
Rafael Rinaldo DIAZ Veira	104-10308-10023
Rafael SANTANA Avares	104-10171-10020
Rafael SASTAVA Alvarez	104-10171-10020
Rafael Suarez More	104-10103-10112
Rafael TONTES JIMENEZ	104-10231-10042
Rafael Tremols Fresneda	104-10170-10051
Rafael del PINO	104-10186-10235
Rafik Nazhaf-Ogly ABDULLAYEV	104-10177-10224
Raford W. Herbert	104-10131-10010
Raimundo MARTINEZ Gonzalez	104-10122-10147
Ralph Diaz Hanscom	104-10169-10269
Ralph Dungan	176-10011-10152
Ralph Henry	104-10433-10209
Ralph Huguet	124-90135-10074
Ralph KISLEY	104-10161-10321
Ralph Seehafer	104-10180-10138
Ramirc Valdes	104-10177-10047
Ramirez	104-10105-10271
Ramirez	104-10169-10269
Ramiro Ferriandoz Noris	104-10230-10153
Ramiro VALDES	104-10185-10128
Ramiro VALOI	104-10179-10113
Ramon	104-10075-10373
Ramon	104-10102-10237
Ramon	104-10163-10136
Ramon	104-10295-10001
Ramon Alonso	104-10171-10013
Ramon CALZADILLE	104-10103-10112
Ramon Caler Rivero	104-10170-10051
Ramon Casado	104-10072-10228
Ramon Cisneros Diaz	104-10179-10182
Ramon Cisneros Diaz	104-10275-10176
Ramon Guin	104-10234-10141
Ramon Guin Diaz	104-10103-10112
Ramon Joseph ALVAREZ Durant	104-10065-10028
Ramon PEREZ	104-10308-10127
Ramon R. Hart	104-10110-10242
Ramon R. Hart	104-10110-10243
Ramon R. Hart	104-10110-10245
Ramon SORES	104-10072-10228
Ramon Tomas Guin Diaz	104-10234-10105
Ramon USATEGUI Lazara	104-10163-10136
Ramon UiATEGUI Lezara	104-10163-10065
Ramos	104-10179-10113
Ramsey MOORE	104-10248-10203
Ramón L. QUINTANA BARBON	104-10231-10042
Randel E. Fitzpatrick	104-10062-10227
Randy Daugherty	104-10177-10206
Raneiri Mazzilli	177-10002-10097
Rankin	104-10306-10011
Rankin	157-10004-10144
Raoul CURIEL	104-10106-10716
Raoul Castro	104-10174-10038
Rap Brown	104-10433-10212
Raquel LA VILLA Gonzalez	104-10171-10039
Raquel Lavilla	104-10170-10051
Rasco	104-10174-10037
Rasimo Valdez	104-10308-10269
Rasir Aldes	104-10167-10127
Rastrusin	104-10332-10009
Raul	104-10171-10003
Raul	198-10007-10021
Raul Avila	104-10101-10135
Raul CASTRO	104-10185-10117
Raul CASTRO	104-10185-10128
Raul CASTRO	104-10308-10029
Raul CASTRO Bonilla	104-10227-10153
Raul Castellanos	104-10183-10276
Raul Castellanos Figueroa	104-10187-10071
Raul Castellanos Figueroa	104-10187-10109
Raul Castro	104-10076-10442
Raul Castro	104-10102-10237
Raul Castro	104-10103-10112
Raul Castro	104-10167-10127
Raul Castro	104-10174-10037
Raul Castro	104-10216-10148
Raul Castro	104-10216-10398
Raul Castro	104-10247-10097
Raul Castro	104-10506-10028
Raul Chibas	124-10285-10254
Raul Concepcion Morales	104-10183-10276
Raul Cosio Villegas y Chapa	104-10180-10044
Raul Diaz Arguelles	104-10216-10398
Raul Diaz Arguelles	104-10247-10097
Raul FERNANDEZ	104-10102-10233
Raul FERNANDEZ	104-10103-10103
Raul Fernando ESCOBAR Melendez	104-10183-10276
Raul Gonzalez Simon	104-10170-10051
Raul JIMENEZ Gainza	104-10183-10346
Raul Leoni	104-10338-10018
Raul Loeb	104-10183-10260
Raul Primellas	104-10308-10163
Raul QUESADA Freire	104-10170-10146
Raul ROA	104-10072-10227
Raul RODRIGUEZ Feo	104-10163-10019
Raul Roa	124-90139-10138
Raul Roa Garcia	104-10234-10141
Raul Roa Kouri	198-10008-10119
Raul SANCHEZ MERZEAU	104-10231-10042
Raul SIMON Delgado	104-10308-10127
Raul Sanchez Rodrigues	104-10171-10013
Raul de Cespedes	104-10170-10051
Rawleigh Taylor	104-10183-10346
Rawson J. FERRAT MENA	104-10231-10042
Ray	104-10179-10022
Ray	104-10179-10134
Ray	104-10179-10136
Ray C. Needham	198-10004-10207
Ray Carcia	104-10179-10025
Ray Cline	178-10004-10054
Ray Gems	104-10117-10203
Ray Hutchins	104-10119-10247
Ray Hutchins	124-10279-10209
Ray Millard	104-10070-10296
Ray Murphy	104-10173-10134
Ray Rocca	104-10105-10277
Ray Rocca	104-10105-10293
Ray Saks	104-10116-10261
Ray Scofield	104-10185-10252
Ray Swider	104-10095-10161
Raymond A. Taggart	104-10122-10344
Raymond A. Warren	104-10413-10306
Raymond F Farrell	104-10106-10300
Raymond G. Rocca	104-10007-10345
Raymond H. GERENDE	104-10187-10009
Raymond J. Swider	104-10187-10009
Raymond Joseph Emike	104-10116-10261
Raymond Joseph SMYKE	104-10117-10203
Raymond K. PANUSES	104-10229-10002
Raymond L. BARCENAS	104-10188-10015
Raymond Warren	104-10177-10206
Rayon Ivan (Ledo) Garvallo	104-10076-10442
Raúl Delgado Poroda	104-10230-10153
Raúl Diaz	104-10177-10217
Raúl Méndez Pires	104-10230-10153
Regino BOTI	104-10179-10104
Regino BOTTI	104-10215-10035
Regino Boti Leon	104-10174-10036
Regino PICO	104-10178-10334
Reidy, Joseph	104-10111-10104
Reinaldo . CASTILLO RIVEño	104-10231-10042
Reinaldo BLANCO Navarro	124-90041-10023
Reinaldo PICO Ramon	104-10178-10334
Reinaldo RANOS SANTIAGO	104-10231-10042
Reinard LOPEZ Llub	104-10073-10074
Reingold	104-10306-10011
Reme I Katale	104-10192-10110
Remi SCHLUMEERGER	104-10106-10716
Remon Alvarez	104-10095-10161
Renan Rodas Lazo	104-10187-10071
Rene	104-10075-10373
Rene	104-10413-10053
Rene Caramo	104-10075-10373
Rene Cardenas Abrou	104-10230-10153
Rene Cruz Ramon	104-10075-10373
Rene DE LEON Schlotter	104-10192-10110
Rene DEPESTRE	104-10183-10276
Rene Dechard	124-90135-10074
Rene Depestre	104-10338-10018
Rene GUITART Rodriguez	104-10172-10105
Rene Morato Fontera	104-10170-10051
Rene de Leon	104-10192-10110
Rene de los SANTOS Ponce	104-10216-10148
Rene de los Santos	104-10103-10112
Reston	104-10306-10011
Reynaldo BLANCO	104-10167-10083
Reynaldo GARCIA	104-10308-10086
Reynolds	104-10167-10083
Ribeiro de ANARS	104-10171-10138
Ric CANEDO LOPES	104-10070-10272
Ricardo	104-10183-10347
Ricardo "The Mexican"	104-10308-10086
Ricardo 150 Rivas	104-10183-10276
Ricardo A. Pineda	104-10165-10084
Ricardo ANT NAME	104-10183-10276
Ricardo Anibal MORALES Navarrete	104-10122-10147
Ricardo Arturo GUZMAll	104-10183-10276
Ricardo Augusto MARTINEZ Vanegas	104-10183-10276
Ricardo Augusto Martinez	104-10187-10208
Ricardo CORONAS	104-10179-10104
Ricardo KACHIN	104-10179-10104
Ricardo LORIE	104-10167-10083
Ricardo Lorio	104-10230-10153
Ricardo Martinez	104-10187-10208
Ricardo Morales	104-10177-10217
Ricardo Poery Cervantes	104-10092-10340
Ricardo Rodriguez Jimenez	104-10170-10051
Ricardo Rubiales	104-10170-10051
Ricardo Subirana y Lobo	104-10234-10007
Ricardo Subirana y Lobo	104-10247-10064
Ricardo-Rafael Sardinge	124-10213-10483
Ricario martirezzperderio	104-10171-10018
Richard	198-10007-10021
Richard A. Sprague	104-10012-10035
Richard Andrew Wagner	104-10116-10261
Richard Andrew Wagner	104-10117-10203
Richard B. Wright	104-10187-10014
Richard Bissell	157-10002-10105
Richard Bissell	157-10002-10106
Richard Cain	104-10110-10568
Richard Cyril Frank	104-10169-10282
Richard E. SHOWCROFT	104-10105-10290
Richard Ernest LEITNER	104-10105-10290
Richard F. Long	104-10119-10220
Richard Gaminage	104-10077-10067
Richard George Perrin	104-10433-10209
Richard Gibson	104-10217-10196
Richard Goodwin	176-10037-10440
Richard Guerrero	104-10117-10075
Richard H. Lansdale	104-10107-10180
Richard HOLT	104-10120-10381
Richard Harkness	176-10030-10422
Richard Harkness	176-10033-10145
Richard Helms	104-10004-10213
Richard Helms	104-10009-10222
Richard Helms	104-10012-10079
Richard Helms	104-10106-10300
Richard Helms	104-10106-10312
Richard Helms	104-10173-10132
Richard Helms	104-10213-10002
Richard Helms	104-10306-10018
Richard Helms	104-10306-10025
Richard Helms	104-10332-10023
Richard Helms	104-10418-10202
Richard Helms	124-10273-10104
Richard I. Skinner	104-10066-10076
Richard I. Skinner	104-10095-10276
Richard J. Biladdau	104-10172-10105
Richard Joyce	198-10004-10207
Richard Joyce	198-10009-10098
Richard Kent RAHILL	104-10105-10290
Richard L. Conolly	104-10220-10069
Richard Lawrence RESTELLER	104-10105-10290
Richard M. Bissell	104-10228-10083
Richard M. Fallucci	104-10295-10001
Richard MERTZ	104-10105-10290
Richard Major	104-10120-10273
Richard Obar	104-10178-10130
Richard Ober	104-10071-10404
Richard Ober	104-10072-10034
Richard Ober	104-10178-10120
Richard Oberf	104-10178-10136
Richard Obor	104-10178-10124
Richard Ouderkirk	104-10173-10130
Richard Ouderkirk	104-10173-10132
Richard Phillips	119-10021-10413
Richard Phillips	198-10007-10013
Richard Preyer	104-10408-10078
Richard Ria	104-10121-10174
Richard Rosecrance	104-10165-10077
Richard Rown	104-10177-10225
Richard Spathar	104-10095-10161
Richard Thayer	104-10188-10015
Richard W. Freeman	104-10104-10271
Richard W. Grefe	104-10245-10000
Richard Wheeler	104-10181-10099
Richard William Nolan CHILD	104-10176-10015
Richardson	104-10098-10380
Richardson, John Hammond	104-10111-10104
Richgil Obe	104-10071-10139
Ricky Haskins	104-10170-10145
Rider, Donald L.	104-10111-10104
Rigoberto LOPEZ Ramos	104-10183-10347
Rigoberto MONTERO PEREZ	104-10231-10042
Rigoberto Sandoval	104-10165-10084
Rigoberto VARONA LEBLANC	104-10231-10042
Rita Naman	104-10165-10077
Rita Palner	104-10165-10004
Rita RAMIREZ	104-10183-10276
Ritter	104-10306-10011
Rivadiva Braz de Oliveira	177-10001-10305
Rivard G. Tichborn	104-10174-10033
Rivas	104-10308-10208
Rivera	104-10105-10271
Rivera	104-10187-10142
Rivera	104-10187-10147
Rivero	104-10180-10178
Roa Kouri	198-10007-10021
Robert A. Maheu	104-10121-10366
Robert A. Maheu	104-10122-10344
Robert Amory	104-10107-10135
Robert Aretit	104-10074-10007
Robert Bennett	104-10105-10290 (C06932214)
Robert Bladergroen	104-10178-10096
Robert Bliss	104-10306-10025
Robert Brown	104-10413-10053
Robert Bryant	104-10413-10053
Robert C. Swendimen	104-10161-10144
Robert Charles Bachmann	104-10170-10146
Robert Clark Stevens Jr	104-10170-10146
Robert D. Asmus	104-10111-10079
Robert D. Cashman	104-10222-10043
Robert D. Caudle	104-10332-10020
Robert D. Wiecha	104-10187-10014
Robert DAHLGREN	104-10250-10199
Robert Delson	104-10107-10135
Robert Delson	104-10107-10137
Robert Dillard	104-10177-10206
Robert E. Owen	104-10173-10130
Robert E. Owen	104-10173-10132
Robert E. ROGERS	104-10105-10290
Robert E. Visotzke	104-10180-10180
Robert E. Young	104-10161-10154
Robert F. Kennedy	104-10110-10245
Robert F. Kennedy	157-10014-10109
Robert F. Kennedy	178-10002-10215
Robert F. Williams	104-10433-10209
Robert Feldmann	104-10095-10161
Robert Friedman	104-10173-10134
Robert Fulton	104-10004-10143 (C06932208)
Robert Fulton	104-10004-10143
Robert Fulton	104-10004-10156
Robert G. L. Wall	104-10170-10146
Robert G. Lamprell	180-10143-10227
Robert Gerardo Sanchez	104-10302-10020
Robert H. Cunningham	104-10114-10042
Robert Horton Geddes	104-10226-10045
Robert J. Korengold	104-10174-10072
Robert J. Leonard	104-10123-10160
Robert J. Leonard	104-10130-10215
Robert Johnson	104-10105-10290 (C06932214)
Robert K. Cara	104-10177-10220
Robert K. Troughard	104-10304-10000
Robert KENNEDY	104-10048-10124
Robert KENNEDY	104-10072-10289
Robert KENNEDY	104-10221-10310
Robert Kennedy	104-10170-10121
Robert Kennedy	104-10170-10125
Robert Kennedy	104-10173-10135
Robert Kennedy	104-10306-10018
Robert Kennedy	124-10280-10030
Robert Kennedy	178-10002-10279
Robert L. ELBERG	104-10105-10290
Robert Lee BRICK	104-10105-10290
Robert Lee Johnson	104-10326-10101
Robert M. Gates	104-10337-10001
Robert M. Geddes	104-10169-10269
Robert M. Moore	104-10174-10072
Robert Maheu	157-10004-10270
Robert Maheu	157-10004-10280
Robert Maheu	157-10011-10048
Robert Melberg	104-10095-10161
Robert Miller	104-10306-10025
Robert Morrero	104-10095-10276
Robert Mrrero	104-10066-10076
Robert Mullen	104-10173-10130
Robert Neet	104-10066-10076
Robert Neet	104-10095-10276
Robert Ockene	104-10064-10012
Robert P. Wheeler	104-10291-10002
Robert Phelps	104-10161-10321
Robert Prachett	104-10069-10112
Robert R. Mullen	104-10173-10132
Robert Reynolds	104-10174-10036
Robert Reynolds	104-10306-10025
Robert Roberts	104-10107-10137
Robert Ruben SEALY	104-10105-10290
Robert STRAND	104-10172-10107
Robert SWENDIMAN	104-10124-10149
Robert Shaw	180-10110-10100
Robert T. Nieset	104-10104-10172
Robert Vesco	104-10173-10130
Robert Vesco	104-10173-10132
Robert W. Cunningham	104-10166-10158
Robert W. Edgar	104-10408-10078
Robert W. Groven	104-10169-10282
Robert West Pugh	104-10059-10099
Robert Williams	104-10308-10163
Robert Woodward	198-10004-10076
Robert Zambernardi	104-10095-10161
Roberte ROJOS	104-10171-10020
Roberto	104-10075-10373
Roberto	104-10075-10373
Roberto	124-90139-10002
Roberto Armijo Navarrete	104-10187-10071
Roberto BARCIANO Marin	104-10183-10276
Roberto Campos	177-10002-10092
Roberto Espin	104-10230-10153
Roberto Franco Oliva	104-10181-10099
Roberto Lecon	104-10075-10373
Roberto Legon	104-10075-10203
Roberto Parsons	104-10177-10217
Roberto Perez Ondarse	198-10009-10098
Roberto Prego Novo	104-10170-10051
Roberto Quinteros Santiso	104-10171-10018
Roberto Ravelo Fiol	104-10230-10153
Roberto Rodriguez Llompart	104-10183-10355
Roberto Romero Adams	104-10187-10030
Roberto Roque Nunez	104-10308-10269
Roberto Rottado Caceres	104-10075-10225
Roberto SANCHEZ	104-10193-10016
Roberto Zayas	104-10075-10373
Roberto de Varona	104-10171-10106
Robertson, William A.	104-10111-10104
Robin Moore	104-10165-10004
Roborto RODRIGUEZ CONZALEZ	104-10231-10042
Rocca	104-10107-10085
Rocca	104-10107-10135
Rocca	104-10107-10137
Rocca, Raymond	157-10004-10144
Rockefeller	104-10306-10011
Rodolfo DIAC HERNANDEZ	104-10231-10042
Rodolfo De Leon Garza	104-10062-10227
Rodolfo ROMD Gomes	104-10183-10276
Rodolfo SANCHEZ García	104-10179-10104
Rodolfo SOCARRAS Sanches	104-10179-10104
Rodolfo Vidal	104-10170-10051
Rodolfo de J. BOLIVAR FUENTES	104-10231-10042
Rodolfo de J. BOLIVAR FULLITES	104-10231-10042
Rodrigo Asturias Amado	104-10218-10097
Rodrigues	104-10073-10061
Rodriguez	104-10308-10163
Rodulfo TEARRA Peres	104-10179-10104
Rogelio Cisneros	104-10179-10182
Rogelio Cisneros	104-10275-10176
Rogelio GONZALEZ	104-10226-10011
Rogelio RODRIGUEZ Lopez	104-10072-10227
Rogelio RODRIGUEZ Lopez	104-10072-10228
Rogelio RODRIGUEZ Lopez	104-10180-10044
Rogelio Rodriguez	104-10187-10208
Rogelio Rodriguez Lopez	104-10180-10042
Rogelio Wenceslav Cisneros Diaz	104-10165-10084
Rogello Helu Vital	104-10170-10051
Roger 0. Brady	104-10120-10378
Roger Anderson HEBERTON	104-10105-10290
Roger Goiran	104-10105-10271
Roger Joyce	104-10183-10384
Roger MCK. SHEA	104-10161-10226
Roger McK. Shea	104-10185-10202
Roger Pierre	104-10216-10202
Roger RUSS	104-10248-10203
Roger Redondo Gonzalez	124-90135-10074
Roger Robert Henri KENQUET	104-10106-10716
Roger Ruin	104-10100-10192
Roger Shea	104-10185-10205
Roger Shea	104-10185-10230
Roger Shea	104-10185-10234
Rogers	104-10179-10025
Rogers C. Brooks	104-10194-10024
Rogers, Luke P.	104-10111-10104
Rojas	104-10262-10385
Rojas Santamarina	104-10227-10153
Roland Masferrer	104-10174-10072
Roland Ora Belcher	104-10219-10143
Rolande CUBELAS	104-10179-10104
Rolando CUBELA Secades	104-10216-10199
Rolando CUBELA Secades	104-10234-10096
Rolando Castaño	104-10170-10051
Rolando Cubela	104-10234-10141
Rolando Fernandez Corredera	104-10170-10051
Rolando HERRERA Hornandez	104-10183-10276
Rolando L. Cubela y Secades	124-10280-10030
Rolando Masferrer	104-10104-10094
Rolando Perez Alfonso	104-10180-10042
Rolando QUANT	104-10183-10276
Rolando Reyes	104-10075-10203
Rolando Rojas	104-10171-10106
Rolando Valdés D'Wolf	104-10171-10047
Rolilo Betancourt	104-10192-10266
Rolio (Montenegro) Guasp	104-10234-10007
Rollie White	104-10169-10139
Roman Alvarez	104-10308-10269
Roman HERNANDEZ	104-10102-10237
Roman HERNANDEZ	104-10103-10112
Romelio LOPEZ Sosa	104-10308-10062
Romulo Betancourt	104-10167-10190
Romulo Betancourt	124-90139-10138
Ron MacMillan	104-10122-10307
Ron Seckinger	104-10332-10009
Rona Parejon Porezas	104-10169-10017
Ronald L. PERRODIN	104-10188-10015
Ronald M. Corbane	104-10169-10139
Ronald Marelics	104-10161-10321
Ronald Stanley DAVIC	104-10111-10094
Ronni Moffitt	104-10177-10217
Ronnie Ramos	104-10170-10051
Rono DUBOIS	104-10105-10290
Roosevelt	104-10173-10134
Roosevelt, Archibald	104-10111-10104
Roque DALTON Garcia	104-10183-10276
Roque Dalton	104-10187-10109
Roque Dalton Garcia	104-10187-10208
Ros Perez	104-10179-10027
Rosa Hette	104-10117-10203
Rosa White	104-10116-10261
Rosco	104-10174-10038
Rose	104-10070-10296
Rose MINKINA	104-10162-10247
Roselio Montegro Quasp	104-10247-10064
Roselli	157-10014-10109
Rosen	124-10281-10028
Rosen	124-10326-10103
Rosen	124-90060-10015
Rosilo Detancourt	104-10298-10184
Ross	104-10306-10011
Ross CROZIER	104-10181-10117
Ross Crozier	104-10215-10004
Rosson	176-10037-10460
Rostow	104-10306-10018
Rostow	176-10036-10073
Roswell Gilpatric	104-10306-10018
Rowland, William F.	104-10111-10104
Roy Furniss WATTS	104-10105-10290
Roy Furniss WISHFORD	104-10105-10290
Roy W. Forslund	104-10129-10027
Ru Rocca	104-10172-10201
Ruben	104-10075-10373
Ruben Arturo HERNANDEZ Garcia	104-10308-10023
Ruben Batista	104-10170-10091
Ruben MARESCHATT	104-10105-10290
Ruben MART. Quardado	104-10183-10276
Ruben Oscar Miro Guardia	104-10177-10206
Ruben de Leon	104-10174-10037
Rubon MARTINEZ	104-10105-10290
Rubottom	104-10119-10183
Ruby	104-10172-10107
Ruby, Jack	157-10004-10144
Rubén VERA ORTIZ	104-10231-10042
Rucher, Tucius O	104-10111-10104
Rudolf A. EXTERS	104-10105-10290
Rudolf Balaban	180-10143-10227
Rudolph Rsaboun	104-10167-10190
Rudy Gomez	104-10308-10208
Rufo Lopez Fresquet	124-10285-10254
Rufus E. MANGROLL	104-10104-10172
Rufus HORI Jr.	104-10105-10290
Rusk	104-10306-10011
Rusk	104-10306-10018
Rusk	104-10306-10020
Ruso	104-10185-10030
Russ Holmes	104-10337-10014
Russel K. Muchank	104-10169-10139
Russell	104-10306-10007
Russell Holmes	104-10413-10306
Ruth	104-10123-10421
Ruth AMRON	104-10162-10247
Ruth Elliff	104-10165-10077
Ruth Elliff	104-10174-10072
Ruth Shulman	104-10169-10282
Rutherford T. "Pinky" Walsh	104-10105-10271
S Bryant	104-10183-10232
S JOUBLANC	124-90092-10016
S. D. Breckinridge	104-10304-10000
S. H. Morton	124-90138-10073
S. Hunger	104-10183-10037
S. J. PAPICH	124-90137-10284
S. J. Papich	104-10175-10176
S. J. Papich	124-10163-10134
S. J. Papich	124-10212-10337
S. J. Papich	124-10369-10022
S. J. Papich	124-90110-10072
S. J. Papich	124-90137-10067
S. J. Papich	124-90137-10488
S. J. Papich	124-90138-10004
S. J. Papich	124-90138-10066
S. J. Papich	124-90139-10002
S. Munger	104-10077-10356
S. Tephen	104-10121-10174
S. VINCENT BARONE	104-10162-10017
S. Wesley Reynolds	104-10176-10015
S.D. Breckinridge	104-10173-10132
S.J. Papich	124-90139-10050
S.W. TYLER	104-10308-10029
S/	104-10098-10328
SA (FNU) PACHECO	104-10169-10271
SABAS	104-10234-10083
SAFEZ Real, Eundalio	104-10072-10212
SAGARO	104-10163-10019
SAITO Masahiko	104-10064-10012
SAKAMOTO Yoshikazu	104-10064-10012
SAKAMOTO Yoshikazu	104-10064-10012
SALVADOR ALLENDE	104-10070-10272
SALVADOR DIAZ VERSON	104-10068-10172
SALVADOR LOSACCO	104-10070-10272
SALVADOR ROMANI	176-10036-10051
SAMKO	104-10181-10099
SAMUEL KLEBANSKI	124-90092-10016
SANCHEZ	104-10234-10096
SANINS	104-10167-10083
SANO Kenji	104-10064-10012
SANTIAGO ALVAREZ RODRIGUEZ	124-10332-10018
SANTIAGO ALVAREZ RODRIGUEZ	124-10332-10047
SANTIAGO FERNANDEZ TOFFE	104-10070-10272
SANTIAGO H. DEL CASTILLO	104-10070-10272
SANTOS BARCENAS	104-10070-10272
SARSAMENDI	104-10072-10228
SAS	104-10172-10001
SAUNDERS	177-10001-10061
SCHEAFFER	104-10183-10335
SCHEAFFER	104-10225-10035
SCHLESINGE	177-10001-10061
SCHLESINGER, ARTHUR JR	157-10002-10056
SCOTT HOLLOWAY	124-90124-10055
SECHEN	104-10413-10053
SEEGER, EDWA	104-10014-10064
SERAFINO ROMUALDI	124-10326-10149
SERGE PETER KARLOW	124-90092-10016
SERGIO CARBO	104-10298-10095
SERGIO MAGALHAES	104-10070-10272
SERGIO OSWALDO BETANCOURT COLLAZO	124-10300-10012
SERGIO RECABARREN	104-10070-10272
SERIZAWA Tae	104-10064-10012
SEYMOUR D TRINNICH	104-10095-10075
SEYMOUR D TRINNICH	104-10095-10161
SEYMOUR D. TRINNICH	104-10215-10018
SEYMOUR FUSSELL	104-10068-10164
SHAKHOV	104-10210-10020
SHAKHOV	104-10534-10173
SHELBY	104-10326-10074
SHINMURA Takeshi	104-10064-10012
SHINN, Jerry L.	104-10111-10044
SHINN, Jerry L.	104-10111-10045
SHINOHARA Seiei	104-10064-10012
SHIRAI Shimpei	104-10064-10012
SHIRLEY L DURKIN	104-10095-10075
SHIRLEYL DURKIN	104-10095-10161
SHIROYAMA Saburo	104-10064-10012
SHISHIDO Hiroshi	104-10064-10012
SHIVERS, Forrest	104-10121-10239
SHUBIN	104-10210-10020
SHUBIN	104-10534-10173
SHYROCK	104-10171-10106
SIMON	104-10267-10196
SINDREL BRADY	104-10177-10219
SINOBAS	104-10072-10228
SINOBAS	104-10179-10136
SINVAL GUAZZELI	104-10070-10272
SIRO CARDONA	104-10231-10418
SL. DUFFY	104-10120-10657
SLESINGER	104-10210-10020
SLESINGER	104-10534-10173
SLIPSTREAM	104-10413-10306
SMITH	104-10014-10064
SMITH, WM, Y	177-10001-10061
SMITHAM	104-10215-10188
SOKOLOV	104-10210-10020
SOKOLOV	104-10534-10173
SOL ARGUEDAS	104-10070-10272
SONJA KARLOW	124-90092-10016
SOTO, Collacio Orlando	104-10072-10212
SOTUS	104-10232-10018
STANNARD K SHORT	104-10095-10075
STANNARD K SHORT	104-10095-10161
STEPHEN I. MUNGER	104-10183-10039
STEPHEN RESCONO	104-10095-10075
STEPS	104-10167-10083
STER	104-10110-10242
STEVE KISHA	104-10100-10200
STEVEN	124-90092-10002
STOCKFOOD	104-10234-10155
STOLYAROV	104-10162-10017
STORSBERG	104-10210-10020
STORSBERG	104-10534-10173
STOVER	104-10216-10000
STPLATE 1	104-10100-10199
STPLATE 1	104-10529-10329
STRANT L. BTT	104-10120-10657
STRATTON, Michael Weimer	104-10128-10300
STUART G NORWAT	104-10095-10075
STUART G NORWAT	104-10095-10161
STURBITTS	104-10216-10002
SUGIURA Mitsuo	104-10064-10012
SUGIYAMA Tatsubaru	104-10064-10012
SUKARNO	104-10234-10141
SULLIVAN	124-10325-10318
SULLIVAN	124-10326-10104
SURGIDERO DE BATABANO	104-10076-10371
SUSAN HEILIG FRANK	124-10212-10337
SUSANA (CXIEZ) AQUADIO	104-10172-10137
SUZUKI	104-10290-10062
SUZUKI Masahira	104-10064-10012
SUZUKI Michihiko	104-10064-10012
SVENCHANSKIY	104-10210-10020
SVENCHANSKIY	104-10534-10173
SVLUCK	104-10516-10227
SWEETEN, George 0.	104-10072-10212
SWENSON, Harold F.	104-10131-10014
SXITE COELLO JARA	104-10070-10272
SYLVIA PALMER	104-10095-10075
SYLVIA PALMER	104-10095-10161
Salazar-Sanchez	124-10284-10155
Salinger	104-10306-10020
Sally SVENSON	104-10161-10321
Salomon Bolo	104-10338-10018
Salomon Finkelman	124-10291-10319
Saltonstall	104-10306-10007
Saltonstall	104-10306-10011
Salvador Allende	104-10072-10289
Salvador Allende	104-10177-10217
Salvador Allende	104-10177-10219
Salvador Allende	104-10192-10110
Salvador Allende	104-10338-10018
Salvador Allende	177-10001-10305
Salvador Bravo de la Torre	104-10062-10227
Salvador Jomolca	104-10171-10034
Salvador Rodriguez Santena	104-10171-10136
Salvador Vilaseca	104-10181-10099
Sam Benton	124-10291-10319
Sam Giancana	157-10002-10106
Sam Giancana	157-10011-10048
Sam Giancana	178-10002-10215
Sam Halpern	104-10110-10245
Sam Halpern	104-10173-10130
Sam Halpern	104-10173-10132
Sam J. Papich	104-10114-10162
Sam Papich	104-10107-10135
Sam Papich	104-10107-10137
Sam Waugh	104-10216-10075
Samon PADILLA	104-10179-10104
Samuel Addison STATEN	104-10105-10290
Samuel Devine	104-10408-10078
Samuel George Cummings	104-10170-10145
Samuel Gonzalez Rodriguez-Planes	104-10216-10398
Samuel Gonzalez Rodriguez-Planes	104-10247-10097
Samuel Katzman	124-90092-10001
Samuel RODILES Plana	104-10073-10101
Samuel Wiese	104-10209-10259
Samuel Wise	104-10051-10106
Samuel Wise	104-10132-10092
Samuel Wise	104-10133-10437
Samuel Wise	104-10300-10124
Samuel Wise	104-10418-10378
Samuel Wise	104-10437-10079
San Gibbons	104-10174-10072
Sanchez Arengo	104-10174-10037
Sandy Olivares	104-10103-10112
Santiago ALTATA Fernandez	104-10241-10249
Santiago ALVAREZ Fernandes	104-10162-10121
Santiago ARGUELLES Izquierdo	104-10122-10147
Santiago Alvarez Fernandez	104-10162-10120
Santiago Babum	124-90110-10083
Santiago GRAJALES	104-10048-10252
Santiago HORALES DIAZ	104-10231-10042
Santiago MORALES DIAZ	104-10231-10042
Santiago SANCHEZ de la Torre	104-10193-10016
Santiaro Alfapez	104-10162-10120
Santilli	104-10185-10030
Santos JIMENEZ	104-10163-10019
Santos SUAREZ	104-10102-10237
Santos SUAREZ	104-10103-10112
Santos Trafficante	157-10002-10165
Sarah Ruth McCord	104-10123-10407
Sargent Shriver	104-10012-10035
Sargent Shriver	104-10306-10018
Sargent Shriver	104-10431-10102
Sarit	176-10036-10179
Sarit	177-10002-10101
Sarit	177-10002-10103
Saud	104-10302-10030
Saul	104-10413-10306
Saulo	104-10075-10225
Sauret	104-10308-10269
Sauvais	104-10074-10007
Saverio TUTINO	104-10234-10148
Saverio Tutino	104-10234-10007
Saverio Tutino	104-10247-10064
Sawyer	180-10131-10324
Sayth	104-10071-10139
Schick	198-10007-10021
Schlessinger, Jr.	176-10033-10145
Schneider	157-10002-10165
Schwarz	157-10002-10165
Schweiker	157-10002-10165
Scott	104-10132-10092
Scott Breckinridge	104-10413-10306
Scott Breckinridge, Jr.	104-10506-10028
Scott McCloud	157-10011-10048
Scotti, Elio	104-10111-10104
Scoville	104-10306-10011
Scranton	104-10306-10011
Sebastian J. Riva	104-10179-10104
Sebastián ARCOS	104-10179-10104
Sec McNamara	198-10009-10099
SecDef	198-10009-10099
SecNav	198-10009-10099
Secretary McNamara	104-10310-10020
Secretary Rusk	104-10310-10020
Secretary Rusk	178-10003-10001
Secretary Rusk	198-10004-10076
Secundino (Fernandez) Gonzalez	104-10076-10442
Secy. Vance	198-10009-10099
Segni	104-10306-10011
Segundo	104-10073-10101
Segundo (Ferrero) Cuevas	104-10076-10442
Segundo BORGES	104-10193-10016
Segundo Cevallos	104-10215-10128
Segundo VEGA GARCIA	104-10231-10042
Semen Spiridon Pohorilyj	104-10209-10018
Semyon Tsarapkin	104-10106-10300
Senator Baker	104-10173-10130
Senator Baker	104-10173-10132
Senator Huddleston	157-10011-10048
Senator Keating	104-10217-10000
Senator Long	104-10122-10344
Senator Schweiker	157-10011-10048
Senator Smathers	124-90138-10066
Senator Stennis	198-10009-10099
Sepeh Q. Kldmack	104-10169-10139
Serafim Nikichev	104-10302-10020
Serge Michel	104-10217-10228
Sergey D. Anisimov	104-10064-10012
Sergey Semenovich KUKHARENKO	104-10177-10224
Sergey Seperyevich Konstantinov	104-10092-10340
Sergio ARCACHA SITE	104-10106-10716
Sergio ASRE PAZO	104-10231-10042
Sergio CASTILLON SERPA	104-10231-10042
Sergio MENDEZ	104-10102-10237
Sergio MENDEZ	104-10103-10112
Sergio Oswaldo Betancourt Collazo	124-10300-10024
Sergio Tollen	104-10247-10097
Sergio Tollon	104-10216-10398
Sergyj Czornonoh	104-10012-10035
Sergyj Czornonoh	104-10012-10035
Sergyj Czornonoh	104-10431-10102
Serrano	104-10183-10260
Serrano	104-10187-10103
Serrato	198-10007-10021
Severiano A. FRANCO DU ARTE	104-10231-10042
Severino D. GOMEZ	104-10172-10107
Seweryn SZULC	104-10102-10233
Seweryn SZULC	104-10103-10103
Seydor DIALTO	104-10072-10228
Seymour Hersh	104-10106-10325
Seymour R. Bolten	104-10105-10271
Seymour R. Bolten	104-10166-10079
Shafick Handal	104-10187-10071
Shafick Handal	104-10187-10109
Shah of Persia	104-10102-10233
Shah of Persia	104-10103-10103
Shannon, L. T.	104-10111-10104
Shaw Andrew BARNES	104-10215-10128
Sheffield Edwards	157-10014-10109
Sheland Cuntis	104-10218-10035
Shepanek	104-10213-10352
Shepanek	104-10408-10078
Sherman Adams	104-10170-10112
Sherman Kent	198-10004-10076
Sherry Comella	104-10130-10215
Shinich	180-10143-10100
Shirley Stetson	104-10226-10117
Shlomo Katz	104-10433-10209
Sid Gottlieb	157-10002-10105
Sidney Gottlieb	157-10014-10109
Sigmund E JAROSZEWICZ	104-10105-10290
Siguel Suarez MerkenDez	104-10075-10225
Sihanouk	104-10302-10030
Sihanouk	104-10306-10011
Sihanouk	176-10036-10073
Sihanouk	176-10036-10102
Sihanouk	176-10037-10460
Sihanouk	177-10002-10098
Sihanouk	177-10002-10101
Silbert	104-10105-10290 (C06932214)
Sileman, Elmer F.	104-10111-10104
Silverthorne	157-10014-10109
Silvia Anna	104-10092-10202
Silvia Duran	180-10110-10100
Silvino LOPEZ PEREZ	104-10231-10042
Silvino SORHEGUY Matos	104-10163-10019
Silvio MATURGA	104-10183-10276
Simeon Booker	104-10433-10209
Simon	104-10093-10065
Simon Lines	104-10290-10273
Simone de Beauvoir	104-10064-10012
Simpson	124-90140-10012
Sinobas	104-10179-10134
Sir Charles C. F. Spry	104-10009-10222
Sir Patrick Dean	176-10030-10422
Sir Patrick Dean	176-10033-10145
Sixto F. ESPINO ALONSO	104-10231-10042
Sixto Raciales	104-10170-10051
Sixtor PUGARTET	104-10073-10074
Skip	104-10185-10009
Skip	104-10185-10030
Skip Dunn	104-10105-10290 (C06932214)
Smirnov	124-10273-10070
Smith	104-10071-10139
Smith	104-10306-10011
Smith	104-10306-10011
Smith	176-10036-10173
Smith, J.	180-10131-10324
Soble, Jack	104-10172-10112
Socrates Isaias PEGUERO Schuorer	104-10183-10276
Solie	104-10332-10009
Solie, Bruce	180-10131-10324
Solis Antonio MARTINEZ MARTINEL	104-10183-10346
Sommer	104-10172-10279
Somoza	104-10179-10182
Somoza	104-10306-10011
Somoza	176-10011-10152
Son Ngoc Thanh	176-10037-10460
Sorge MALCEOFF	104-10105-10290
Sorge MASLOVSKY	104-10105-10290
Sounitza	104-10130-10339
Souphanouvong	104-10290-10190
Souvanna Phouma	104-10290-10190
Souvanna Phouma	176-10036-10179
Spoorway, Gilbert C.	104-10111-10104
Sprouse	176-10036-10179
Spyridon Catapodis	104-10122-10344
Sra. de Montoya	104-10170-10015
Stalin	104-10162-10247
Stalin	104-10173-10134
Stan Gaines	104-10173-10130
Stan Gaines	104-10173-10132
Stan Lach	104-10110-10245
Stanislav GALKIN	104-10263-10139
Stanislav Sergeyevich SILNIKON	104-10173-10104
Stanley FAULKNER	104-10164-10032
Stanley J. Woodward	104-10173-10130
Stanley J. Woodward	104-10173-10132
Stanley JARECKI	104-10105-10290
Stanley Joe BINSWANGER	104-10105-10290
Stanley M. Moskowitz	104-10337-10001
Stanley P. Richardson	198-10007-10029
Stanley R. Zanka	104-10260-10400
Stanley Schultz	124-10273-10104
Stanley Shultz	104-10162-10107
Stanley Watson	104-10095-10161
Stannard Short	104-10095-10161
Staughton Lynd	104-10064-10012
Stavros Niarchus	104-10122-10344
Steele	104-10306-10011
Stefan R. Lebanos	104-10072-10001
Stein, Sidney	104-10111-10104
Stella ELIASHOW	104-10164-10032
Stephan JACOBS	104-10105-10290
Stephen I. Munger	104-10528-10053
Stephen I. Mungrave	104-10183-10043
Stephen JENCSOK	104-10105-10290
Stephen R. Lacklen	104-10169-10139
Stephen Roll	104-10187-10014
Stern	104-10306-10011
Stern, Alfred K.	104-10172-10112
Steve	104-10529-10330
Steve Bunge	104-10100-10251
Steve Kuhn	104-10100-10199
Steve MONGER	104-10161-10321
Steve MURRAY	104-10172-10001
Steve Minas	124-10212-10160
Steve Munger	104-10527-10424
Steven L. Kuhn	104-10173-10130
Steven L. Kuhn	104-10173-10132
Stevens, Lewis	104-10111-10104
Stevenson	178-10004-10054
Stewart McKinney	104-10408-10078
Stewart, Gordon M.	104-10111-10104
Stig Wennerstrom	124-10325-10318
Stokely Carmichael	104-10173-10166
Stokely Carmichael	104-10433-10212
Stokes	104-10332-10009
Stokes, Louis	180-10131-10324
Stone	124-10273-10070
Stophen Joe BYZEK	104-10105-10290
Strom Thurmond	104-10170-10125
Strong	104-10306-10011
Sturibitts, William C.	157-10011-10083
Suarez Hernandes	104-10232-10018
Sue Amiano	104-10332-10009
Suit	104-10170-10015
Sukarno	104-10306-10018
Sukarno	177-10002-10096
Sukarno	177-10002-10097
Sukarno	177-10002-10098
Sukarno	177-10002-10101
Sukarno	177-10002-10102
Sullivan	104-10306-10010
Sullivan	104-10310-10020
Sullivan	124-10326-10103
Sullivan	124-10369-10022
Sullivan	124-90060-10015
Sulzberger	104-10306-10011
Surell Brady	180-10143-10227
Susan Heiligman Frank	104-10169-10282
Sutphen, Preston L., Sr.	104-10111-10104
Svendiman, R. C.	104-10130-10339
Sylvester	104-10306-10020
Sylvester	202-10002-10124
Sylvia Ageloff	104-10172-10107
Sylvia Duran	104-10337-10014
Szulc	104-10306-10011
T Bussetri	104-10077-10356
T. A. Bisson	104-10173-10134
T. Cobb	104-10182-10128
T. Cobb	104-10222-10001
T. H. HANLEY	104-10131-10099
T.K. Chalmers	104-10130-10215
TA Jose Alberto CARRILIA Calderon	104-10183-10276
TA Jose Salvador Rosales	104-10183-10276
TA Manuel Antonio CALERO	104-10183-10276
TA TOMAS QUELLA Riva	104-10183-10276
TAKADO Kanane	104-10064-10012
TAKAHASHI Taketomo	104-10064-10012
TAKEUCHI Yoshitomo	104-10064-10012
TAL20 Lejandro MONTAN	104-10183-10276
TAMAYO FNU	104-10219-10418
TAMAYO PEZUA	104-10070-10272
TANCREDO HERRAN	104-10070-10272
TARASOFF BORIS DIMITRI	104-10130-10305
TARASOFF, Boris	104-10130-10339
TARASOFF, Boris D	104-10130-10344
TAXSAN DE CASTRO	104-10070-10272
TAYLOR	176-10037-10453
TED YOUNG	104-10408-10329
TEDES 8OJARSKI	104-10095-10075
TEDES BOJARSKI	104-10095-10161
TEGA	104-10167-10083
TENELLI, Lauvir	104-10072-10212
TEODORO MOSCOSO	124-10326-10149
TERAN Minako	104-10064-10012
TERRELL HUTCHISON	104-10095-10075
TERRELL HUTCHISON	104-10095-10161
THAI JOSEPH BURKE	104-10120-10657
THELMA G HARMAN	104-10095-10075
THELMA G HARMAN	104-10095-10161
THEMISTOCLES APOSPOROS	104-10076-10153
THER LAULT	104-10071-10122
THOMAS F. THIELE	104-10183-10139
THOMAS F. THIELE	104-10216-10338
THOMAS F. THIELE	104-10234-10069
THOMAS J KEENAN	104-10095-10075
THOMAS J KENAN	104-10095-10161
THOMAS THIELE	104-10183-10037
THOMAS THIRLE	104-10100-10192
THOMAST	104-10183-10011
THOMPSON	104-10183-10037
THOMPSON	104-10215-10188
THOMPSON	104-10216-10002
TICRYSTAL-1	104-10516-10214
TITO	104-10075-10200
TOBY	104-10101-10129
TOMAS BENE (INGUANZO) ORTIZ	104-10076-10277
TOMINAGA Ichiro	104-10064-10012
TONY	104-10076-10000
TRAGY BARNES	104-10119-10183
TRAN THIEN KHIEM	176-10036-10142
TRANG	104-10177-10219
TSARAPKIN	104-10210-10020
TSIRIMOXOS	104-10170-10121
TSURUMI Kazuko	104-10064-10012
TSURUMI Shunsuke	104-10064-10012
TSURUMI Yoshiyuki	104-10064-10012
TSURUSHIMA Sotsurei	104-10064-10012
TSYMBAL	104-10210-10020
TSYMBAL	104-10534-10173
TULIO DIAZ RIVERA	104-10298-10095
Tabe Maria Ingeborg SLIOOR	104-10172-10278
Tad S. BRICKHAM	104-10105-10290
Tad SZULC	104-10048-10124
Tad SZULC	104-10072-10289
Tad SZULC	104-10102-10233
Tad SZULC	104-10221-10310
Tad Szulc	104-10173-10130
Tad Szulc	104-10173-10132
Tadeusz SZULC	104-10103-10103
Tahir Yahya	177-10002-10103
Tamara Espinosa	124-90137-10488
Tang Ming-Chao	104-10169-10282
Tango Gar Lezcano	104-10103-10112
Tansey, Patrick H.	104-10111-10104
Tapy	104-10188-10454
Taras DSTRO	104-10179-10104
Tavel	124-10326-10103
Tavel	124-10326-10104
Tavel	124-90060-10015
Taylor	104-10306-10010
Taylor	104-10306-10016
Taylor	104-10306-10018
Taylor	157-10014-10109
Taylor	176-10036-10073
Taylor Branch	104-10177-10217
Ted Price	104-10332-10009
Ted Shackley	157-10011-10083
Ted Shackley	157-10014-10109
Ted Shackley	178-10002-10091
Ted Shackley	178-10002-10215
Ted Shackley	178-10002-10279
Ted Sheedy	104-10012-10035
Ted Sheedy	104-10431-10102
Ted Sorensen	104-10306-10018
Ted Young	104-10016-10021
Teddik Piccilly	104-10161-10193
Teltry	180-10110-10100
Temas Alvarez	104-10245-10000
Teng Hsiao-ping	177-10002-10102
Teodoro	104-10075-10225
Teodoro Picado	104-10177-10225
Terence S. CRABANAC	104-10194-10024
Teresa	104-10075-10373
Teresa	104-10075-10373
Teresa (Hevia) Cachero	104-10076-10442
Teresa PROENZA	104-10163-10019
Teresa Proenza	180-10110-10100
Teresa Shea	104-10173-10130
Teresa Shea	104-10173-10132
Teresa Valdos Hurtado	104-10170-10051
Teresa Wilcox	104-10332-10020
Tereso Gonzalez	104-10062-10227
Thanh Ha	104-10245-10000
Thanom Kittikachorn	177-10002-10101
Thelma KING	104-10183-10276
Theodore F. PASSAVOY	104-10232-10019
Theodore G. Shackley	104-10107-10089
Theodore G. Shackley	104-10187-10009
Theodore G. Shackley	104-10220-10069
Theodore G. Shackley	104-10506-10028
Theodore KLEIN	104-10105-10290
Theodore Roosevelt	104-10069-10077
Theodore SHACKLEY	104-10105-10290
Theresa L.	104-10250-10035
Thich Thien Hoa	176-10036-10135
Thich Tri Quang	176-10036-10138
Tho	104-10302-10030
Thomas A. Messer	104-10165-10077
Thomas A. Olsen	104-10256-10428
Thomas B. Duff	104-10104-10271
Thomas B. Yale	104-10103-10038
Thomas B. Yale	104-10173-10130
Thomas B. Yale	104-10173-10132
Thomas C. Amato	104-10173-10130
Thomas C. Amato	104-10173-10132
Thomas C. Clines	104-10231-10418
Thomas Carroll, Jr.	104-10172-10105
Thomas Casasin	180-10143-10227
Thomas D. CABOT, Jr.	104-10117-10203
Thomas D. Cabot	104-10116-10261
Thomas D. Rock	104-10332-10020
Thomas DONLON	104-10219-10283
Thomas Dudley CABOT	104-10117-10203
Thomas Dudley Cabot	104-10116-10261
Thomas E. Davis	104-10166-10158
Thomas Edgar	104-10166-10158
Thomas Edward BRADLEY	104-10105-10290
Thomas Emmett Hayden	104-10433-10209
Thomas Evans	157-10011-10048
Thomas F. Hills	104-10215-10188
Thomas F. MC COY	104-10120-10657
Thomas F. Thiele	104-10234-10050
Thomas H. Karamessines	104-10194-10024
Thomas HEWITT	104-10105-10290
Thomas Hazlitt	104-10095-10161
Thomas Hazlitt	104-10095-10161
Thomas J. FLORES	104-10105-10290
Thomas K. Strange	104-10161-10330
Thomas K. Strange	104-10161-10331
Thomas K. Strange	104-10172-10105
Thomas Keenan	104-10095-10161
Thomas Kenneth Montgomery	104-10116-10261
Thomas Kenneth Montgomery	104-10117-10203
Thomas Keogh	124-10273-10104
Thomas Keogh	124-10281-10028
Thomas L. Claft	104-10130-10344
Thomas L. Roberts	104-10106-10325
Thomas L. Roberts	104-10107-10135
Thomas L. Roberts	104-10107-10137
Thomas L. Roberts	104-10119-10040
Thomas Lawlor	178-10004-10054
Thomas Lee Roberts	104-10107-10085
Thomas M. Hewitt	104-10231-10418
Thomas Mann	180-10110-10100
Thomas Mark HODONICKI	104-10105-10290
Thomas Patrick Keogh, III	124-10273-10104
Thomas Patrick Keogh, III	124-10281-10028
Thomas Patrick Keogh, Jr.	124-10273-10104
Thomas Patrick Keogh, Jr.	124-10281-10028
Thomas REEDER	104-10166-10158
Thomas Robert Kirk	104-10176-10015
Thomas STRANGE	104-10120-10378
Thomas Strange	104-10174-10030
Thomas Thiele	104-10215-10188
Thomas W. Coons	104-10105-10277
Thomas W. Coons	104-10105-10293
Thompson	104-10227-10150
Thompson	104-10232-10004
Thompson	104-10236-10056
Thompson	104-10306-10016
Thompson	104-10306-10018
Thorez	104-10074-10007
Thornton J. Anderson	104-10095-10276
Thornton J. Anderson (alias Danbrunt)	104-10066-10076
Thornton W. Means	104-10130-10215
Thuan	176-10036-10073
Thurman O. Cusick	104-10169-10139
Thích Nhat Hanh	104-10064-10012
Tichborn	104-10174-10043
Tiger	104-10180-10165
Tilton	202-10002-10124
Tim Buck	104-10074-10007
Timmes	176-10036-10095
Timothy H. ARCHBOLD	104-10187-10014
Tipteft	104-10217-10228
Tirso W. Saenz	104-10245-10000
Tislly Jones	104-10100-10192
Titi MARTINEZ	104-10308-10023
Tito	104-10290-10190
Tito	176-10033-10145
Tito Arias	104-10172-10001
Toe Lyach	104-10527-10424
Tolis Mesa Villeniño	104-10170-10051
Tolson	124-10326-10103
Tolson	124-90060-10015
Tom Blackshear	104-10012-10035
Tom Blackshear	104-10431-10102
Tom FLORES	104-10161-10321
Tom Mann	157-10002-10056
Tom Mann	176-10030-10422
Tom Mann	176-10033-10145
Tomaca	104-10075-10373
Tomas CRITZ BAUTISTA	104-10231-10042
Tomas G. Oria Ramos	104-10230-10153
Tomas OLIVERA Gandoa	104-10308-10023
Tomas REYES Vicuna	104-10192-10110
Tomas RODRIGUEZ Fuentes	104-10308-10062
Tomis Diego Robbio	104-10230-10153
Tommy	124-90092-10001
Ton That Chu	176-10036-10086
Ton That Dinh	176-10036-10078
Ton That Dinh	176-10036-10113
Ton That Dinh	177-10002-10096
Ton That Dinh	177-10002-10103
Ton That Xung	176-10036-10086
Toni ARIAS	104-10172-10001
Tony Beacon	124-90135-10074
Tony Cuesta	124-90135-10074
Tony Edward BRADFIELD	104-10105-10290
Tony Varona	104-10179-10025
Toomey	104-10308-10208
Torbert, Ralph	104-10111-10104
Torres	104-10234-10101
Torres	104-10234-10102
Torson	124-10326-10104
Tower, Harry N.	104-10111-10104
Trafficante	157-10014-10109
Train	104-10263-10111
Tran Do Cung	176-10036-10094
Tran Kim Phuong	176-10036-10099
Tran Kim Tuyen	176-10036-10099
Tran Kim Tuyen	176-10036-10103
Tran Kim Tuyen	176-10036-10115
Tran Kim Tuyen	176-10036-10131
Tran Kim Tuyen	176-10036-10149
Tran Kim Tuyen	176-10037-10454
Tran Thien Khiem	176-10036-10149
Tran Van Don	176-10036-10113
Tran Van Don	176-10036-10137
Tran Van Ly	176-10037-10493
Tran Van Minh	176-10036-10149
Trang Van Don	176-10036-10117
Treverton	157-10002-10165
Trevor ARMBRISTER	104-10048-10124
Trevor ARMBRISTER	104-10072-10289
Trevor ARMBRISTER	104-10221-10310
Trial Stratton	104-10114-10152
Trimble, Carl	104-10111-10104
Triplet, Willian S.	104-10111-10104
Triplett	124-10273-10070
Trotter	124-10326-10103
Trotter	124-10326-10104
Trotter	124-90060-10015
Truehart	176-10036-10173
Trujillo	104-10061-10053
Trujillo	104-10186-10088
Trujillo	104-10186-10099
Trujillo	104-10186-10308
Trujillo	104-10263-10111
Trujillo	157-10002-10105
Truong Dinh Cac	176-10036-10078
Tulio Bayer	177-10001-10305
Tulio LEISECA	104-10308-10086
Tulio Prieto	124-10212-10160
Tung	176-10036-10137
Turalin	104-10332-10009
Turner Smith	104-10095-10161
Tweedy	104-10306-10011
Twilley	104-10219-10143
U Nu	104-10119-10040
U. Alexis Johnson	104-10306-10018
UMINARA Shun	104-10064-10012
UMSHAFU/5	104-10234-10155
UNBNAFU/9	104-10234-10155
UNBOX 8	104-10183-10233
UNRUMELE/?	104-10234-10155
UNSHAFT/13	104-10234-10155
UNSHAPU	104-10234-10155
UNSKAPU/23	104-10234-10155
UNSNAFU-19	104-10183-10439
UNSNAFU-9	104-10216-10398
UNSNAFU-9	104-10247-10097
UNSNAFU/19	104-10183-10233
UNSNAFU/9	104-10216-10199
USAPO/5	104-10234-10155
Uhuber	104-10071-10122
Uirera Valdes	104-10179-10027
Uldis JAUNZEMIS	104-10105-10290
Uldis JETFRIES	104-10105-10290
Ullery	104-10178-10334
Ulo TALLEY	104-10105-10290
Umran	177-10002-10096
Une TOYO	104-10171-10020
Unger	104-10306-10011
Uriy DRUSS	104-10173-10097
V. J. DALEY	104-10105-10290
V. P. Keay	124-10326-10098
V. P. Keay	124-10326-10099
V. Rodriguez	104-10185-10202
V.A. STRELTSOVA	104-10413-10306
VADIM V. KOSOLAPOV	124-90155-10008
VALDES	104-10077-10112
VALDES Cardenas, Jesus A.	104-10072-10212
VALDES VALDES, Ramon	104-10181-10152
VALENTIN VASILEVICH BAKULIN	124-10279-10258
VALENTIN VASILYEVICH BAKULIN	104-10215-10018
VALERIY VLADIMIROVICH KOSTIKOV	104-10012-10024
VAN KRAKOV YUGOV	124-90155-10008
VARONA	104-10179-10025
VARONA	104-10227-10150
VARONA	104-10232-10004
VARONA	104-10236-10056
VASCOCELOS TORRES	104-10070-10272
VASLOUCH	104-10173-10104
VASLOUCH-1	104-10516-10195
VASLOUCH-2	104-10516-10195
VAZQUEZ MONTENEGRO, Ramon	104-10181-10152
VEGA	104-10072-10228
VEGA Perez	104-10181-10152
VELDRAKE	104-10077-10087
VELIS, Florencio	104-10072-10212
VENNETTE K FULLER	104-10095-10075
VENNETTE K FULLER	104-10095-10161
VENTURA PUENTE VANEGAS	104-10070-10272
VERA (LNU)	124-90155-10008
VERALL N. ANDREEV	104-10069-10132
VERGES	104-10217-10196
VERS	104-10167-10083
VET JUHILL MORN	104-10183-10262
VETLITSKIY	104-10210-10020
VETLITSKIY	104-10534-10173
VICENTE HERRERO DIAZ	104-10228-10419
VICENTE LOMBARDO TOLEDANO	124-10279-10258
VICENTINA ANTUNA	104-10070-10272
VICTOR	104-10183-10331
VICTOR R. WHITE	104-10121-10191
VILLANUEVA	104-10227-10150
VILLANUEVA	104-10232-10004
VILLANUEVA	104-10232-10019
VILLANUEVA	104-10236-10056
VILLASON	104-10171-10020
VILLIEM	104-10069-10132
VILMA ESPIN	104-10070-10272
VINCENTE	104-10075-10250
VIO L. NEVES	104-10512-10102
VITALE, Guy	104-10130-10485
VLADIMIR D. CHELNOKOV	124-90155-10008
VLADIMIR KUZNETSOV	104-10412-10005
VLADIMIR SERGEYEVICH KUZNETSOV	104-10412-10005
VORITS, Donald George	104-10121-10239
VORK	104-10075-10200
Vadim MEDISH	104-10176-10020
Vaklav Svestka	176-10037-10120
Valentin ARENAS Arminan	124-90041-10023
Valentin Anatoleyevich Belokon	104-10414-10002
Valentin BACALLAO FORTZ	104-10231-10042
Valentin BLANCO	104-10308-10062
Valentin HAHN	104-10176-10020
Valentin PADRON	104-10308-10023
Valentin Sergeyevich Loginov	104-10173-10097
Valentin Sergeyevich Loginov	104-10173-10104
Valentin Valkov	104-10219-10143
Valentin Vasiliyevich ZHAN	104-10176-10015
Valentin Vasilyevich BAKULIN	104-10177-10224
Valentine HAHN	104-10176-10015
Valentine Vasiliyevich KHAN	104-10176-10020
Valenzuela	157-10002-10165
Valeriy Kostikov	104-10332-10023
Valeriy Vladimirovich KOSTIKOV	104-10177-10224
Valeriy Vladimirovich Kostikov	104-10012-10022
Valeriy Vladimirovich Kostikov	104-10431-10091
Van Mook	176-10030-10422
Van Mook	176-10033-10145
Vance	104-10306-10010
Vance	104-10306-10011
Vance	104-10306-10011
Vance	198-10004-10076
Varela	104-10232-10018
Vargas Gomez	104-10103-10112
Varona	157-10014-10109
Vasiliy Vasilievich SOLOKO	104-10172-10279
Vaugh/Luman	104-10100-10192
Vaughn	104-10306-10011
Vaughn Sherman	104-10100-10251
Vector Bellini	104-10079-10391
Velazquez	104-10075-10373
Velma Elizabeth HARRIS	104-10215-10128
Ventura	104-10308-10269
Vera Dunayeva	104-10219-10143
Vergara	124-90138-10007
Vernon J. Goertz	104-10170-10146
Vernon K. Wales	104-10291-10002
Vernon R. Sando	104-10069-10120
Verona	104-10232-10018
Veronika Burchart	104-10209-10018
Verson	104-10170-10112
Viaux	157-10002-10165
Vice President Johnson	104-10217-10000
Vicent Theodore Lee	104-10308-10163
Vicente Benito METEL Hernandez Diz	104-10179-10113
Vicente LOBARDO Talconng	104-10072-10228
Vicente LOMBARDO Toledano	104-10172-10111
Vicente Lombardo Toledano	104-10165-10084
Vicente Lombardo Toledano	104-10187-10030
Vicente Mendez	104-10170-10125
Vicente Socorras	104-10076-10217
Vicento WD	104-10171-10138
Victor Canavati Samur	104-10062-10227
Victor Carlucci	104-10177-10206
Victor J. JIMENEZ MARTINEZ	104-10231-10042
Victor Kamel CUELLAR Carranza	104-10183-10276
Victor Maduel Gutierrez Garvis	104-10187-10030
Victor Manual SANCHEZ Bonilla	104-10183-10276
Victor Manuel GUTIERREZ Garbin	104-10183-10276
Victor Manuel Gutierrez	104-10180-10042
Victor Oelkers	104-10177-10219
Victor Paneque	104-10069-10120
Victor R. White	104-10059-10099
Victor R. White	104-10106-10300
Victor R. White	104-10123-10097
Victor R. White	104-10123-10098
Victor R. White	104-10129-10264
Victor R. White	104-10131-10016
Victor R. White	104-10161-10330
Victor R. White	104-10185-10244
Victor R. White	104-10263-10111
Victor Rico Galan	104-10338-10018
Victor Thomas Vicente	104-10308-10163
Victor White	104-10120-10273
Vidal	104-10174-10037
Villalon	104-10169-10269
Villalon	198-10007-10021
Villiay	104-10298-10184
Vilma MARKWALTER	104-10512-10110
Vince	104-10113-10030
Vincent J. Heyman	104-10120-10276
Vincent LAGO	104-10161-10321
Vincent P. RIZZUTO	104-10079-10391
Vincent S. DALY	104-10105-10290
Vincent, Chester	104-10111-10104
Vincente Toledano	104-10216-10075
Vinson	104-10306-10007
Viola June Cobb	104-10175-10176
Viola June Cobb	104-10248-10203
Virgilio FRAJO Nunez	104-10215-10035
Virgilio RAMIREZ	104-10172-10001
Virginia Gomez Nieto	104-10092-10340
Virginia Jones	180-10143-10100
Virginia Secades	104-10216-10199
Virginia Secades	104-10234-10096
Virginio CUELLAR SOSA	104-10231-10042
Vitaliy Novikov	176-10037-10120
Vittorio Vidali	104-10172-10107
Vivian	104-10185-10230
Viviana Stakon	104-10163-10065
Vivion A. Petrowski	104-10185-10234
Vladimir Agafonovich DOLCOV	104-10173-10104
Vladimir Aleksandrovich ROMANCHENKO	104-10177-10224
Vladimir Ivanovich	104-10177-10224
Vladimir Ivanovich SHFAKEVICH	104-10173-10104
Vladimir Kuznetsov	104-10414-10002
Vladimir Nikolayevich RADVANSKIY	104-10177-10224
Vladimir RODRIGUEZ Lahera	104-10161-10226
Vladimir Rodriguez Lahera	104-10185-10234
Vladislav Sergeyevid MUSIKIN	104-10173-10104
Vo Dong Giang	104-10245-10000
Vo Fors	104-10245-10000
Vo Van Hien	176-10036-10149
Vougba Sherara	104-10527-10424
Vouquin Perez Medrinios	104-10170-10051
Vries	104-10072-10013
Vyacheslav Aleksandrovich YEGOROV	104-10177-10224
Víctor NAVARRO VEGA	104-10231-10042
W. A. Branigan	124-10326-10100
W. BEALE	104-10105-10290
W. C. Herron	104-10178-10130
W. C. Sullivan	124-10273-10104
W. C. Sullivan	124-10326-10103
W. David Slawson	104-10004-10213
W. E. Colby	104-10291-10002
W. F. A. Wendt	198-10004-10207
W. F. A. Wendt	198-10009-10098
W. Henze	104-10178-10096
W. Hood	104-10170-10096
W. INWRIGHT	104-10216-10338
W. K. Jones	198-10008-10119
W. King	104-10529-10182
W. M. Knott	104-10122-10147
W. O. Cregar	124-10273-10104
W. O. Cregar	124-10281-10028
W. S. RENEHAN	104-10130-10381
W. WAINWRIGHT	104-10183-10037
W. WAINWRIGHT	104-10215-10188
W. Wainwright	104-10216-10202
W. Wainwright	104-10234-10088
W. Wendt	198-10007-10022
W. Wendt	198-10008-10119
W.C.	104-10163-10136
W.C. Herron	104-10071-10404
W.S. Rausel	104-10112-10186
WADA Nagahisa	104-10064-10012
WADE E THOMAS	104-10095-10075
WADE E THOMAS	104-10095-10161
WAINWRIGHT	104-10183-10240
WALLACE A. GROWERY	104-10183-10037
WALLACE A. GROWERY	104-10215-10188
WALLENBERG	104-10014-10064
WALLENBERG	104-10172-10255
WALSH	104-10183-10233
WALTER J. KAUFFMAN	124-90092-10016
WALTER JESSELL	124-90092-10016
WAR.REN L DEAN	104-10095-10161
WARKBOLD	104-10308-10054
WARMBOLD	104-10308-10053
WARREN L DEAN	104-10095-10075
WEBB, Daniel D.	104-10111-10044
WEBB, Daniel D.	104-10111-10045
WEBSTER/RIGHT/PK	104-10247-10037
WEIMER, Edwin G	104-10111-10044
WEIMER, Edwin Q.	104-10111-10045
WESLEY PARCELLS	124-90092-10016
WESTON G. PARKER	104-10179-10233
WEYDE	104-10172-10248
WICK	124-10369-10022
WILBERT SALAS	104-10070-10272
WILL, Frederick Thompson	104-10072-10212
WILLARD R HILL	104-10095-10075
WILLIAM B. HOLLOMAN	124-10284-10171
WILLIAM C BRIGHT	104-10095-10075
WILLIAM C BRIGHT	104-10095-10161
WILLIAM CORDOVA CHIRINO	104-10070-10272
WILLIAM D. O'RYAN	104-10216-10202
WILLIAM E RAWLS	104-10095-10075
WILLIAM E RAWLS	104-10095-10161
WILLIAM E. BROOKS	104-10100-10237
WILLIAM E. COLBY	104-10218-10083
WILLIAM HAMILTON MARTIN	124-90155-10008
WILLIAM HERRINGTON	124-10332-10018
WILLIAM JOHN SINS	104-10408-10329
WILLIAM JR MURRAY	104-10095-10161
WILLIAM K. HARVEY	124-90092-10001
WILLIAM K. HARVEY	124-90092-10002
WILLIAM K. HARVEY	124-90092-10016
WILLIAM MURRAY JR	104-10095-10075
WILLIAM PENDLETON CROIX	104-10023-10087
WILLIAM T CARLSON	104-10095-10075
WILLIAM T CARLSON	104-10095-10161
WILLIAM V. BROE	104-10234-10115
WILLIAM V. BROE	104-10234-10124
WINSTON M SCOTT	104-10095-10075
WINSTON M SCOTT	104-10095-10161
WKH	104-10185-10030
WOGAME	104-10225-10035
WUBRINY/1	104-10164-10088
Wade Thomas	104-10248-10203
Wagley	198-10007-10021
Wainwright	104-10216-10199
Wainwright	104-10234-10096
Wainwright	104-10517-10120
Waldemar F. Lee	104-10170-10037
Walker, Fred L.	104-10111-10104
Wall	104-10183-10346
Wallace A. GROWERY	104-10234-10155
Wallace A. Growery	104-10295-10001
Wallace Lampshire	104-10177-10220
Waller	104-10306-10010
Walt MacDonwald	104-10114-10160
Walter Bedell Smith	124-10326-10098
Walter Brayden	104-10173-10130
Walter Brayden	104-10173-10132
Walter D. Newby	104-10304-10000
Walter DWINICA	104-10171-10138
Walter E. Fauntroy	104-10408-10078
Walter E. Szuminski	104-10095-10276
Walter E. Szuminski (alias Taransky)	104-10066-10076
Walter KERASICK	104-10105-10290
Walter KOLA	104-10105-10290
Walter KRUTYHOLOWA	104-10105-10290
Walter KURTZ	104-10105-10290
Walter Kell	104-10005-10321
Walter Kring	104-10302-10020
Walter L. Erhardt	104-10216-10159
Walter P. Haltigan	180-10143-10227
Walter Pforzheimer	104-10105-10277
Walter Pforzheimer	104-10105-10293
Walter Quisbert Barrios	177-10001-10305
Walter R. GASSMANN	104-10172-10279
Walter REY DELGADO	104-10231-10042
Walter Snowden	104-10122-10344
Walter W. CORNBURY	104-10188-10015
Walter Yeagley	104-10122-10344
Walter, Francis E.	104-10172-10112
Walters	104-10306-10011
Wang Yu-ping	104-10302-10020
Wannall	124-10326-10103
Wannall	124-90138-10004
Wannall	124-90140-10012
Ward Allen	104-10306-10018
Ward Greene	104-10107-10135
Ward Greene	104-10107-10137
Ward K. Greene	104-10119-10040
Warmel BLANCO NAVARRO	104-10231-10042
Warner	104-10107-10135
Warner	104-10107-10137
Warner	104-10306-10011
Warren	104-10306-10011
Warren	104-10306-10018
Warren	104-10332-10009
Warren B. Reid	104-10121-10021
Warren Dean	104-10095-10161
Wasilev	104-10012-10035
Wasilev	104-10431-10102
Watson	104-10188-10454
Watson	198-10007-10021
Watson Hwa Shen	104-10105-10290
Watson Hwa Shen LEE	104-10105-10290
Wayne Murphy	104-10101-10239
Wayne Nelson	104-10217-10000
Webster	104-10306-10011
Webster	104-10439-10113
Webster	180-10131-10324
Weed	104-10306-10011
Wendell Johnson	104-10227-10153
Wendell R. Melquist	124-10273-10104
Wendell Ullery	104-10172-10105
Wes Davis	104-10069-10077
Wes Reynolds	104-10130-10472
Wesley Parcells	104-10188-10015
West Parker	104-10100-10251
Wheeler	104-10306-10018
Wheeler	198-10007-10021
Wheeler	202-10002-10124
Wheelon	104-10306-10011
Wheelon	104-10306-10011
White	104-10130-10472
Whitney, Burke	104-10111-10104
Wick	124-10326-10104
Wick	124-90060-10015
Wieland	104-10119-10183
Wikinski	104-10102-10233
Wikinski	104-10103-10103
Wilbur Burton	104-10173-10134
Wilcard Curtis	104-10175-10179
Wilhelm Burchart	104-10209-10018
Wilhelm MENKE	104-10413-10306
Will Kerbe	104-10106-10325
Willard C CURTIS	104-10052-10130
Willard C. CURTIS	104-10074-10413
Willard C. CURTIS	104-10188-10015
Willard C. CURTIS	104-10218-10035
Willard C. Curtis	104-10098-10264
Willard C. Curtis	104-10173-10104
Willard C. Curtis	104-10187-10030
Willard C. Curtis	104-10211-10146
Willem Deurt	104-10101-10239
Willens	104-10306-10011
Williad Hill	104-10095-10161
William (Hillburn)	104-10117-10076
William A. Barron	104-10070-10296
William A. Foyer	104-10177-10220
William A. HOGAN	104-10250-10199
William A. ROSENBAUER	104-10105-10290
William A. SMITH	104-10117-10203
William A. Smith	104-10116-10261
William A. Snyder, Jr.	104-10105-10277
William A. Snyder, Jr.	104-10105-10293
William B. CALDWELL	104-10250-10200
William B. Highton	104-10291-10004
William BLAIR	104-10105-10290
William Bowdler	198-10004-10207
William Boya	157-10004-10095
William Bright	104-10095-10161
William Brown	104-10178-10334
William Buckley	104-10105-10271
William Bundy	104-10306-10018
William C	104-10100-10199
William C. Cramer	104-10170-10125
William C. Cregar	104-10219-10283
William C. Foster	104-10106-10300
William C. Sturbitts	104-10506-10028
William C. Sturbitts	178-10002-10091
William C. Sturbitts	178-10002-10215
William C. Sturbitts	178-10002-10279
William C. Sullivan	104-10226-10001
William Caufield	104-10173-10130
William Crosey	104-10107-10089
William D. PAWLEY	104-10049-10375
William D. PAWLEY	104-10265-10141
William D. Pawley	104-10049-10362
William D. Pawley	104-10265-10118
William David CAREY	104-10105-10290
William David PAPPS	104-10105-10290
William Davidson	104-10064-10012
William E. Brooks	104-10529-10367
William E. Cavan	104-10183-10346
William E. Nelson	104-10012-10078
William E. Nelson	104-10213-10209
William E. Nelson	104-10291-10002
William E. Nelson	104-10406-10136
William F. DEICONS	104-10105-10290
William F. Donnelly	104-10213-10352
William F. Donnelly	104-10408-10078
William F. Rowland	104-10122-10344
William Felder	104-10171-10106
William George Carr	104-10116-10261
William George Carr	104-10117-10203
William Gus	104-10175-10179
William H. Godson	104-10106-10325
William Hamilton MARTIN	104-10176-10015
William Hamilton MARTIN	104-10176-10020
William Hamilton MARTIN	104-10219-10282
William Hamilton MARTIN	104-10219-10283
William Hamilton Martin	104-10219-10154
William Hark HAIF	104-10105-10290
William Harvey	104-10102-10224
William Harvey	104-10103-10079
William Harvey	157-10002-10105
William Harvey	157-10014-10109
William Henry BELT	104-10105-10290
William J. Acom	104-10070-10296
William J. Murphy	104-10215-10200
William James BAUGH	104-10105-10290
William James Patkir	104-10176-10015
William John Sims	104-10016-10021
William Johnson	104-10068-10142
William K. HARVEY	104-10105-10290
William K. Harvey	104-10106-10547
William K. Harvey	104-10219-10283
William K. Harvey	157-10002-10106
William Kenny	124-90110-10072
William Kent	180-10110-10100
William M. Kent	104-10303-10003
William M. Marcy	104-10123-10407
William Miller	104-10122-10344
William Monroe EDWARDS Jr.	104-10105-10290
William Morgan	124-90041-10023
William Morgan	124-90135-10074
William Moses Kunstler	104-10433-10209
William Naylor	104-10169-10139
William Orville Marcell	104-10209-10259
William Orville Munsell	104-10051-10106
William Orville Munsell	104-10132-10092
William Orville Munsell	104-10133-10437
William Orville Munsell	104-10300-10124
William Orville Munsell	104-10418-10378
William Orville Munsell	104-10437-10079
William Pawley	104-10337-10014
William Pendleton Croix	104-10087-10054
William Pettus HOBBY, Jr.	104-10117-10203
William Pettus Hobby, Jr.	104-10116-10261
William R. CARTER	104-10105-10290
William R. Caulfield	104-10194-10024
William R. Christensen	104-10064-10012
William R. Ember	104-10291-10003
William R. Freeman	104-10121-10366
William R. Stegall	104-10170-10146
William Rober Sinclair	180-10143-10227
William Robert Miller	104-10433-10209
William Robertson	104-10122-10147
William Rose	104-10187-10030
William S. Wirald	104-10192-10266
William Shea	104-10173-10130
William Shea	104-10173-10132
William Sing	104-10215-10188
William V. BROE	104-10161-10321
William V. Broe	104-10178-10096
William V. Broe	104-10181-10099
William V. Broe	104-10188-10015
William V. Broe	104-10229-10002
William WALKER	104-10105-10290
William Zebulon Foster	104-10074-10007
William bart LANCASTER	104-10106-10716
Williams	104-10306-10011
Williams Moyers	104-10306-10018
Willian Caufield	104-10173-10132
Willisn Kinander BERGSON	104-10105-10290
Willy	104-10162-10247
Willy Brandt	104-10290-10190
Willy Brandt	104-10302-10030
Wils DIAZ	104-10237-10120
Wilson	104-10306-10011
Wimert	157-10002-10165
Win Scott	104-10306-10020
Win Scott	177-10001-10445
Win Scott	180-10110-10100
Winston M. Scott	104-10095-10161
Winston Scott	104-10095-10161
Winston Scott	104-10171-10220
Wiralda	104-10298-10184
Wise	104-10306-10011
Wise	104-10306-10011
Wisner	104-10306-10011
Won-shin HAN	104-10176-10020
Woodrow C. Olien	104-10172-10041
Woodvent	104-10232-10018
Wu Ching-Hsiang	104-10100-10223
XIO LAYVA FUENTES	104-10100-10411
XPORTELA	104-10234-10088
YAMADA Atsushi	104-10064-10012
YAMADA Munenitsu	104-10064-10012
YAMADA Toshio	104-10064-10012
YAMAGUCHI Kosaku	104-10064-10012
YAMANI SH Eiichi	104-10064-10012
YASUDA Takeshi	104-10064-10012
YATSKOV	104-10173-10097
YIRA CASTRO DE CEPEDA	104-10070-10272
YOSHIDA Kiju	104-10064-10012
YOSHIKAWA Yuichi	104-10064-10012
YOSHINO Gonzaburo	104-10064-10012
YOSHIWARA Koichiro	104-10064-10012
YOUNG	104-10209-10025
YUGOSLAV	104-10180-10162
YURI IVANOVICH NOSENKO	124-90155-10008
Yang (FNU)	176-10036-10078
Yang Ting-Pao	104-10100-10223
Yarmolinsky	198-10007-10022
Yarmolinsky	198-10009-10098
Yatzkov	104-10332-10009
Yelena Lvovna Obyedkova	104-10177-10224
Yerxa	104-10306-10011
Yevgeniy Akbenov	104-10219-10143
Yolanda Steffens de ROJAB	104-10048-10252
Youngblood	104-10130-10472
Yung Koon-Man	104-10169-10282
Yuri Nosenko	104-10332-10023
Yuri Rastvorov	104-10219-10143
Yurily Ivanovich NOSENKO	104-10106-10300
Yurily Ivanovich NOSENKO	104-10106-10312
Yurily Ivanovich NOSENKO	104-10418-10202
Yuriy I. NOSENKO	104-10210-10020
Yuriy Igoryevich Torgov	104-10219-10154
Yuriy Ivanovic NOSENKO	104-10226-10001
Yuriy Ivanovich MOSKALEV	104-10413-10306
Yuriy Ivanovich NOSENKO	104-10534-10173
Yvonne Brathwaite Burke	104-10408-10078
Yvonne JONES	104-10061-10053
ZABOTH	104-10169-10265
ZAKHARW	104-10173-10104
ZORILLO	104-10172-10001
ZROWKA, Peter	104-10111-10044
ZROWKA, Peter	104-10111-10045
Zachary De Caster	104-10179-10195
Zegarald	104-10217-10000
Zenaida Reyes Reyes	104-10230-10153
Zenon Barrientos Manani	177-10001-10305
Zigurds KARKLINS	104-10105-10290
Zigurds KASARIAN	104-10105-10290
Zmesto LLUESMA PARETS	104-10231-10042
Zoila Diaz	104-10170-10051
Zola Marie Flores	104-10117-10075
Zolando OTERO HERNANDEZ	104-10231-10042
Zorin	104-10210-10020
Zorin	104-10534-10173
Zwardo BARISTO VALDE	104-10231-10042
alfred Lopez	104-10177-10219
alicio Diharinto 00:ZALEZ Foreno	104-10183-10276
anderson	104-10290-10046
de Behrenschmidt	104-10217-10000
de Gaulle	104-10306-10016
frain SANCH 2 Sancho	104-10183-10276
from, Ralph	104-10111-10104
ibbons, Ellis	104-10111-10104
kamon CONTE HERNANDEZ	104-10231-10042
lemac, Luther	104-10111-10104
liilario MONTOTO GONZALEZ	104-10231-10042
litchfield, Edward	104-10111-10104
loan toan	104-10072-10013
mundo Rodriguez	104-10245-10000
rico Baker	104-10527-10424
terle	104-10241-10249
von Hassel	104-10306-10018
ΑΝΤΟΝΙΟ MACEO	104-10298-10095
Αλέμιο Μ. CHAVEZ QUERA	104-10231-10042
