filename	title	document_type	classification	security_level	date	origin_agency	sender	recipient	summary
104-10003-10041	Clipping of article "The Kennedy Murder and the Secret Services of the USA"	Routing and Record Sheet	Administrative	SECRET	1964-03-26	WE/4/INT	Arthur P. Iorio	CI Staff Birch O'Neil	Routing sheet regarding an article titled 'The Kennedy Murder and the Secret Services of the USA' from the Italian Communist Party weekly Rinascita, which references rumors suggesting the Agency organized President Kennedy's murder.
104-10004-10143 (C06932208)	DISCUSSION BETWEEN MEMBER SR DIVISION CONCERNING OSWALD'S STAY IN HELSINKI.	Textual Document	JFK	SECRET	1964-06-01	CIA	CIRA/PS	SX-25605	Discussion between a member of the SR Division and CoS Helsinki concerning Oswald's stay in Helsinki, including his contact with the Soviet Consulate there. The document includes information about the timetable of Oswald's stay in Finland in October 1959, travel times, and passenger list retention policies.
104-10004-10143	DISCUSSION between members SR Division, and CoS Helsinki concerning timetable OF OSWALD'S stay in Finland and Helsinki	Memo	Oswald	UNCLASSIFIED	1964-06-01	CIA	Lee H. Wigren, C/SR/CI/R	Record	Memo for the record documenting a discussion between SR Division members and the CoS Helsinki concerning the timetable of Lee Harvey Oswald's stay in Finland and Helsinki in October 1959, including his contact with the Soviet Consulate. The discussion includes details on travel times, consulate hours, and airport passenger list retention policies.
104-10004-10156	MEMO FOR THE RECORD	Memo	Commission	UNCLASSIFIED	1964-06-01	CIA	Unknown	RECORD	Memo for the record regarding Warren Commission inquiry concerning the timetable of Oswald's stay in Finland in October 1959, including his contact with the Soviet Consulate there.
104-10004-10213	Discussion with Warren Commission Staff Member	Memorandum	Commission	SECRET	1964-07-09	CIA	Lee H. Wigren	Record	Memorandum regarding a discussion with Warren Commission staff member W. David Slawson concerning inconsistencies between CIA and State Department information on Soviet emigration policies and the Oswalds' departure from the USSR.
104-10005-10321	KIGREST TRACES JOACHIM JOESTER	Cable	Personnel	SECRET	1964-09-30	CIA	SECRETARTDAT	BONN, FRANKFURT, BERLIN, COPENHAGEN, REYKJAVIK, PARIS, STOCKHOLM DIRECTOR THE HAGUE BRUSSELS	This cable discusses Joachim Joesten, a writer with possible ties to communist organizations and anti-KUBARK sentiments. It requests a thorough check of his background, writings, and possible connections, including his fiancee Anna Schinsky. The matter is of interest to the Warren Commission.
104-10006-10247	Name Check and Consolidation Request for Roman Fedorovich D'EDKOV and Vilasa Nikolaevna D'EDKOV	Name Check and Index Request	Personnel	SECRET	1964-08-10	CIA	(Requesters name)	RID/INDEX	Request to check records for Roman Fedorovich D'EDKOV and Vilasa Nikolaevna D'EDKOV, applicants for entry visas to India, with Roman scheduled to be an English teacher at the Soviet Embassy in New Delhi.
104-10007-10345	Warren Commission Testimony - Selected Excerpts	Dispatch	Administrative	UNCLASSIFIED	1964-12-24	CIA	Chief, CI/R&A	Chiefs of all Stations, Chief, KUDOVE	This dispatch transmits excerpts from Warren Commission testimony to various CIA stations and headquarters divisions, focusing on Presidential protection and interagency cooperation. It instructs officers in senior positions to review the material.
104-10009-10021	Field and HQS Distribution - BD #5847	Distribution List	Administrative	SECRET	1992-10-26	CIA	Unknown	Field and HQS Divisions	This document is a distribution list of field and headquarters divisions.
104-10009-10222	Letter regarding Warren Commission document CD-971	Letter	Liaison	SECRET	1968-11-26		Richard Helms, Director (DCI)		Letter from Richard Helms to Sir Charles C. F. Spry regarding the declassification of Warren Commission document CD-971. Helms mentions that there is no intention to release CD-971 and that Spry's points provide every reason to keep the document out of the public domain.
104-10012-10022	Valeriy Vladimirovich Kostikov Activities	Memo	Soviet	SECRET	1982-05-21	CIA	David H. Blee	Anthony C. M. DeVere	This memo discusses Valeriy Vladimirovich Kostikov's activities, including his tours in Mexico City, attempts to cultivate a U.S. Government employee, handling Lee Harvey Oswald's visa request, and alleged involvement with Central American communist parties. It also mentions his unusual trips to Moscow and Havana, his sudden departure from Mexico, and his reputation as an effective intelligence officer.
104-10012-10024	VALERIY VLADIMIROVICH KOSTIKOV	Memo	Oswald	UNCLASSIFIED	1982-05-10	British Intelligence	A C M de Vere	David	This memo discusses Valeriy Vladimirovich Kostikov, a KGB officer who may have been involved with Lee Harvey Oswald in Mexico City. It requests information on Kostikov's activities in Mexico and Beirut, as well as his potential involvement in recent threats and violence against the Embassy in Beirut.
104-10012-10035	Correspondence regarding Sergyj Czornonoh's claims about Lee Harvey Oswald	Correspondence	Liaison	CONFIDENTIAL	1978-03-30	MI-6	DH Jones for GML Blackburne-Kane	Art Stimson	This document contains correspondence regarding Sergyj Czornonoh's claims about providing information on Lee Harvey Oswald to US officials in 1963 and his allegations of subsequent harassment and drugging.
104-10012-10076	Field Distribution	Field Distribution List	Distribution	Unclassified	Unknown	Unknown	Unknown	Various Divisions and Offices	This document lists the distribution of materials to various divisions and locations, including WH Division, NE Division, BD, EUR Division, FE Division, SB Division, and internal distributions.
104-10012-10078	Letter for Director from Sir Charles Spry (ASIO)	Memorandum	Administrative	SECRET	1968-11-20	Far East Division	Chief Far East Division	Director of Central Intelligence	This document concerns the declassification of Warren Commission document CD-971, which refers to an investigation of anonymous telephone calls to the Canberra Embassy before and after the assassination of President Kennedy. Sir Charles Spry recommends against declassification.
104-10012-10079	Letter re: Declassification of Warren Commission Document CD-071	Letter	Liaison	SECRET	1968-11-26		Richard Helms	Sir Charles C. F. Spry	Letter from Richard Helms to Sir Charles C. F. Spry regarding the declassification of Warren Commission document CD-071.
104-10014-10051	RELEASE OF CLASSIFIED DOCUMENT	Cable	John F. Kennedy Assassination Records Act of 1992	SECRET	1996-02-08	STAFF	C/EUR/NOR	IMMEDIATE DIRECTOR	This document discusses the release of a classified document related to Lee Harvey Oswald. It mentions a fax received that appears incomplete, including a cover sheet, a cable stating "NO TRACES," and the first page of a Director cable requesting traces on Lee Harvey Oswald. The document also discusses the deletion of crypts and informing the ambassador and liaison service chiefs about the release date.
104-10014-10064	KGB Official Nikonov	Cable	Soviet	SECRET	1991-11-20	STAFF	ST PETERSBURG	MOSCOW INFO DIRECTOR	Cable discusses KGB Official Nikonov, grandson of Vyacheslav Molotov, and his new role as Deputy to KGB Director Bakatin. Nikonov reviewed KGB files on Lee Harvey Oswald and found no evidence of Oswald being a KGB agent. Nikonov also inquired into the fate of Raoul Wallenberg.
104-10016-10021	DIR INFO CNBR CITE MELB 2517	Classified Message	Operations	SECRET	1963-12-02	CIA	MELBOURNE	DIRECTOR	Cable regarding preliminary checks on recorded conversations revealing information about a dark blue Buick, license plates, and individuals mentioned in previous communications. Mentions arrangements with PMG Liasion Officer Ted Young to trace further calls.
104-10023-10087	The 201 System	Handbook Annex	Administrative	SECRET	1974-11-15	CIA	ISG	DDO/RMO	This document is Annex B of Chapter III from CSHB 70-1-1, dated November 15, 1974, which details the 201 system used by the Operations Directorate for identifying, controlling, and filing information about persons of interest. It outlines the 201 number, dossier, master record, main index reference, and OI codes. The document also describes procedures for opening, maintaining, purging, charging, restricting, and canceling 201 dossiers, as well as requesting information and machine listings.
104-10048-10124	CIA Special Collection: Report on JMWAVE's Relationship with ANCARBON-1	Dispatch	Operations	SECRET	1964-03-19	CIA	COS, Andrew K. REUTEMAN	Chief, SAS	This dispatch details JMWAVE's relationship with AMCARBON-1, a contact at The Miami Herald, from December 1962 to March 1964. It covers the operational support, intelligence, and propaganda activities involving AMCARBON-1, and requests a 201 number be assigned.
104-10048-10252	Delegates to Youth Festival in Berlin	Report	Liaison	CONFIDENTIAL	1962-01-29	BOGOTA	BOGOTA	Washington, Caracas, Guatemala City, Havana, Quito, Maracaibo, Guayaquil	Report from Bogota regarding delegates to the Youth Festival in Berlin, August-September 1961. Information obtained from a local detective, who received a report from an informant in Paris concerning activities of the Colombian delegation and other countries' delegates. Includes names and comments on delegates from Guatemala, Venezuela, Ecuador, and Cuba.
104-10049-10362	Highlights of Tape-Recorded Conversation in Miami Between Mr. William D. Pawley and an Unidentified Cuban during Period 17-18 October	Memorandum	Cuba	SECRET	1959-10-20	WH/III/CARIB	Martha Tharpe	RECORD	William Pawley discusses with an unidentified Cuban the possibility of U.S. support for anti-Castro groups, their need for moral backing and funds, and the fragmented state of the Cuban resistance.
104-10049-10375	GENERAL- Operational. SPECIFIC PAWLEY Business Interests in the Dominican Republic	Dispatch	Operations	SECRET	1958-06-12	Chief of Station, Ciudad Trujillo	Edward F. STONESET	Chief, WHD	Dispatch regarding William D. PAWLEY's business interests in the Dominican Republic, including mineral exploitation, purchase of Hotel Hamaca, and a concession for Dominican postage stamps managed by Edward P. PAWLEY.
104-10051-10106	THE LEE HARVEY OSWALD CASE #351164	Memorandum	Security	UNCLASSIFIED	1954-01-29	CIA	M. D. Stevens	Files	This memo discusses the involvement of Abram Chayes and Samuel Wise in the Lee Harvey Oswald case, including their roles in Oswald's return to the United States from the Soviet Union, Chayes' security clearance for liaison contact, and Wise's past association with individuals of questionable loyalty.
104-10051-10170	ANNEX B THE 201 SYSTEM	Handbook Annex	Administrative	SECRET	1974-11-15	DDO/RMO		Field Stations and Headquarters desks	This document outlines the 201 system, a method for identifying individuals of interest to the Operations Directorate, controlling information about them, and producing lists based on various categories. It details the 201 number, dossier, master record, OI codes, and procedures for opening, maintaining, and canceling 201 dossiers, including restrictions and information requests.
104-10052-10130	Contact Report/ITAMII-9	Dispatch and Memorandum	Liaison	SECRET	1963-07-31	Chief of Station, Mexico City	Chief of Station, Mexico City	Chief, WHD	Contact reports of meetings with LI TAMIL-9 on 17 and 29 July 1963, including information on Cuban celebrations, embassy employee transactions, and potential recruitment targets.
104-10059-10099	Robert West Pugh Covert Security Approval and Investigation	Memorandum	Security	SECRET	1966-05-27	Office of Security	Deputy Director of Security	DD/S-HB	This collection of documents pertains to the covert security approval and subsequent investigation of Robert West Pugh, who was considered for a position as a First Officer in the Far East under Project HBILKA/JBGREED. The documents detail the initial approval, concerns raised regarding Pugh's past drinking problem and his brother's alleged communist associations, and the eventual cancellation of his employment following his resignation.
104-10059-10188	MEMORANDUM FOR THE RECORD - OSWALD-Nosenko	Memorandum	Oswald	UNCLASSIFIED	1968-07-29	C/CI/RTA	Rocca	THE RECORD	Memorandum regarding aspects of Nosenko's information on the Oswald case, specifically concerning Irina Shurakova's activities and reaction to the Oswald display at a wax museum.
104-10061-10053	Report on Antonio RODRIGUES Echanabal	Report	Liaison	SECRET	1962-02-05	MB	Chief, MB	Chief of Station, Paris	Report on Antonio RODRIGUES Echanabal. Includes biographical information, diplomatic postings, and defection from the Cuban government. Requests debriefing results from French authorities.
104-10062-10227	List of HMYA and MAYA Files Related to Mexican Operations and Individuals	Transmittal Slip/Memo	Mexico	SECRET	1977-06-16	Unspecified	Unspecified	Unspecified	This document contains a list of various HMYA and MAYA files related to different operations, propaganda, correspondence, and individuals in Mexico. It also includes information on projects like LIRULE, LIRAZBIT, and LIVACATE, as well as references to PCM activities, KAPOK receipts, and political actions.
104-10063-10206	WOMUSE: 'Peace' Demonstrations	Dispatch	Operations	CONFIDENTIAL	1967-10-11	Chief of Base, Washington Sac	Chief of Base, Washington Sac	Chief, DO/I	This dispatch concerns the Catholic Association for International Peace (CAIP) and its activities, including 'Peace' Demonstrations and its 40th Annual Conference on 'Selective Conscientious Objection in an Age of Conflict.' Oliver H. CORBUSTON joined CAIP for cover purposes and provided the materials.
104-10064-10012	RYBAT MIPASHA REDTOP - Beheiren and the Four U.S. Navy Deserters	Dispatch	Operations	UNKNOWN	1967-12-06	CIA	Chief of Station, Tokyo	Chief, Sov Bloc Div; Chief, Far East Division; Chief, WOMUSE/ICG	This dispatch from the Chief of Station in Tokyo details the activities of BEHEIREN, a Japanese anti-Vietnam War organization, and its involvement in the defection of four U.S. Navy sailors to the USSR. It outlines the organization's structure, key figures, and connections with Soviet officials and U.S. pacifist groups. The document also discusses BEHEIREN's propaganda efforts and the potential impact of the defection case on the organization's growth and influence.
104-10065-10028	Ramon Joseph ALVAREZ Durant and Project LIEMPTY Operations	Report	Operations	SECRET	1972-06-30	CIA	Unknown	Unknown	This document details the activities of Ramon Joseph ALVAREZ Durant and related personnel involved in Project LIEMPTY, a photo surveillance operation targeting the Soviet Embassy from 1955 to 1972. It outlines ALVAREZ's role as a cutout and photo technician, as well as the involvement of other individuals like Hester ROOS (LIEMPTY-19), Oliver G. SCANTLING (Juan N. FRAIS-RAMIRRZ), and Jorge Barcello VILLAGRAn Alvarez (LIEMPTY-6). The report also describes the setup and function of the various basehouses (LIMITED, LILYRIC, LICALLA) used for surveillance.
104-10066-10010	RELEASE UNDER THE PRESIDENT JOHN F. KENNEDY ASSASSINATION RECORDS ACT OF 1992	Cable	John F. Kennedy Assassination Records Act of 1992	SECRET	1977-11-14	CIA	DIRECTOR	LISBON INFO LONDON MEXICO CITY	This document discusses the U.S. House of Representatives Select Committee on Assassinations' investigation into the assassinations of President Kennedy and Dr. Martin Luther King, focusing on leads in Portugal, the UK, and Mexico related to James Earl Ray. The committee seeks assistance from Portuguese National Police and access to their files. The CIA is cooperating with the committee but prefers overt functions to be handled by LEGATTS or others publicly identifiable.
104-10066-10076	OTS (late TSD) and Jim McCord's Cuban Activities; Summary of STESCALADE - Audio Operation Against the New China News Agency in Havana; RELEASE CONTINGENCY OPLAN 62-2	Memorandum	Operations	SECRET	1960-09-20	CIA	RUDOLPH E. GOMEZ, Acting Chief, WH; RICHARD I. SKINNER	DIRECTOR OF CENTRAL INTELLIGENCE	These documents discuss covert operations related to the New China News Agency in Havana and contingency plans for the release and repatriation of TSD employees arrested in Cuba.
104-10068-10142	ROKETING	Cable	Liaison	SECRET	1963-11-25	CIA	DIRECTOR	STDEY INFO CANBERRA	This cable discusses a telephone conversation regarding a possible Soviet government connection to the assassination and assigns responsibility for contact with a Polish driver to KUBARK.
104-10068-10164	Request permission to train LEGROUP-1	Cable	Operations	SECRET	unknown	CIA	DIR	DESIOCEN	This document discusses training and permission requests related to operations. It references LEGROUP-1, SM Match $23209, and Developer $22669. It involves training INROUP-6 to use Match.
104-10068-10172	FIOPP Seminar in Mexico City; Request for Traces on Cuban Attendees	Cable	Mexico	SECRET	1963-11-13	MEXI	PACY	DDP, CI/OPS, CA 2, CA/PEG, CA/PROP, FI, FI/INT 2, WH 7, SAS 8, WR	Cable discussing the Federacion Interamericana de Organizaciones de Periodistas Profesionales (FIOPP) seminar in Mexico City and requesting traces on attendees from the Colegio Nacional de Periodistas de la Republica de Cuba (in exile).
104-10069-10077	Reported Use of Yacht Potomac by Alpha 66	Memo	Cuba	CONFIDENTIAL	1962-11-27	LAFO	LAFO	UUCG	This memo discusses a report regarding the potential use of the yacht Potomac by the Alpha 66 organization for transporting weapons. An unsolicited phone call to LAFO reported the vessel was taking on a cargo of weapons crated as Argentine beef, and destined to leave soon for Seattle. The informant identified Wes Davis and Cliff Roberts as being on board.
104-10069-10112	Robert Prachett/ Cuban Counterrevolutionary Group, Alpha-66	Memorandum	Cuba	UNCLASSIFIED	1962-08-31	New York Office	Chief, New York Office	Chief, Contact Division	Memorandum from the Chief of the New York Office to the Chief of the Contact Division regarding Robert Prachett, a US citizen with contacts in the Cuban counterrevolutionary group Alpha-66, and his potential use as a source of information.
104-10069-10120	Cuban Refugee Group	Memorandum	Cuba	SECRET SENSITIVE	1962-08-31	Minneapolis Office	Chief, Minneapolis Office	Chief, Contact Division	Memorandum from the Chief of the Minneapolis Office to the Chief of the Contact Division regarding a Cuban refugee group and their activities. The memo discusses providing assistance to the group in exchange for agency control and includes a list of key individuals involved in shuttling supplies and people between Cuba and the US.
104-10069-10132	Specific Information concerning Lam A	Report	Operations	SECRET	1963-07-21	Chief of Station, Viet Nam	Chief of Station, Viet Nam	Chief, FE	This document contains specific information concerning Lam A, including a description of the subject, their activities during the war, and their involvement in various operations.
104-10069-10185	Operational/GYROSE Agreed Activities	Dispatch	Operations	SECRET	1962-07-03	CIA	Chief of Station, JMWAVE	Chief, Task Force W	This dispatch discusses agreed activities between JMWAVE and ACSI, including refugee referral procedures, infiltration operations, and coordination of resources like W/T assets and secret writing. It also highlights concerns about cooperation from Lt. Col. Causes and potential issues at the Opa Locka center.
104-10069-10260	Information Council of the Americas (INCA) and Truth Tapes Program	Memo	Operations	UNCLASSIFIED	1965-05-05	CIA	Chief, New Orleans Office	Chief, Contact Division; Att'n: Nonsov Bloc Area	This memo discusses the Information Council of the Americas (INCA) and its Truth Tapes program aimed at combating Communist penetration in Latin America. It details interactions with Edward Scannell Butler, INCA's Executive Vice President, and explores the potential of INCA's correspondence files as a source of information on radio broadcasting stations in Latin America. The memo also seeks input on additional topics for INCA's questionnaire to gather technical information about the stations.
104-10069-10359	Current Address of Maurice Halperin	Routing and Record Sheet	Cuba	SECRET	1962-12-27	CIA	Chief, Contact Division (Support) Stuntz	TFW	This document discusses the current address of Maurice Halperin, who is believed to be living in Havana, Cuba. The information was obtained from a source who received a Christmas card from Halperin. The document highlights Halperin's past activities and associations.
104-10070-10079	Review and Analysis of AMFAUNA Operation	Dispatch	Cuba	SECRET	1962-07-11	JMWAVE	Chief of Station, JMWAVE	Chief, Task Force W	This dispatch discusses the AMFAUNA operation, focusing on AMFAUNA-1, a Cuban national recruited and trained in the United States who returned to Cuba to serve as a resident agent in Havana. The document details his operational methods, security precautions, communications, finances, sub-agents, background, motivation, and previous history of the operation from January 1961 to April 1962.
104-10070-10272	International Institute for Peace	Report	Liaison	SECRET	1961-08-06	Israeli Liaison		MAKI leaders in ISRAEL	This document is a report from an Israeli liaison detailing Latin American public figures who signed an appeal to convene the Latin-American Conference for National Sovereignty, Economic Emancipation, and Peace in Mexico in March 1961. It lists signatories from Argentina, Brazil, Chile, Colombia, Cuba, Honduras, Mexico, Peru, Puerto Rico, and Salvador.
104-10070-10296	Case 9145: Research Institute of America and Covert Operations	Memorandum/Dispatch/Cable/Report	Operations	SECRET	1952-01-18	CIA	Lea, Ashcraft, Support (Coleman), Support (Travis), McCann, Millard	Ashcraft, Travis, Lea, Connor	This collection of documents pertains to Case 9145, involving the Research Institute of America and Leo Cherne's cooperation with the CIA to provide cover for agents. The documents detail arrangements for meetings, background information on William J. Acom, and the extent of Cherne's involvement in backstopping the cover story.
104-10071-10060	WOMUSE: "Peace" Demonstrations	Dispatch	Operations	SECRET	1967-10-11	CIA	Chief of Base, Washington	Chief, DO/I	This document discusses 'Peace' Demonstrations and the Catholic Association for International Peace (CAIP). It includes information on literature mailed by CAIP to its members concerning "Negotiation Now!" and its 40th Annual Conference, which is themed "Selective Conscientious Objection in an Age of Conflict."
104-10071-10122	Transmittal of Reports	Dispatch	Operations	SECRET	1955-05-14	CIA	Senior Representative, New Delhi	Chief, FORA	This dispatch contains reports and notes from TERLAUP regarding operational and intelligence matters. It also discusses the preliminary debriefing of THERIAULT, including financial arrangements, the possibility of developing an interest in Krishna Menon, and an invitation to visit the U.S. Additionally, it includes general comments on the Ford Foundation's work in India, Evelyn Hersey's role, and the Delhi Training and Orientation Centre. The dispatch also touches on Communist organization of domestic workers in New Delhi and the State Department's policy on visits to China.
104-10071-10139	Information Concerning Suspect in Martin Luther King Jr. Assassination	Message	Cable	SECRET	1968-04-18	CIA	Director	Asuncion, Bangkok, Barcelona, Beirut, Berlin, Bern, Bogota, Brasilia, Brussels, Buenos Aires, Caracas, Copenhagen, Frankfurt, Geneva, Georgetown, Guatemala City, Guayaquil, The Hague, Hamburg, Helsinki, Hong Kong, Kingston, La Paz, Lima, London, Madrid, Managua, Montevideo, New Delhi, Lisbon, Manila, Munich, Oslo, Panama City, Paris, Port Au Prince, Port of Spain, Porto Alegre, Quito, Recife, Rawalpindi, Rio de Janeiro, Rome, San Jose, Santo Domingo, San Salvador, Santiago, Santiago de los Caballeros, São Paulo, Stockholm, Tegucigalpa, Tokyo, Vienna, Zurich	This cable discusses information furnished by LNERGO concerning the suspected assassin of Martin Luther King, Jr., Eric Starvo Galt, and requests addressees to determine if Galt is or has been in their area.
104-10071-10239	Case Rundown and Incidents	Memo	Security	Unclassified	1960-04-18	CIA		British Intelligence	This memo discusses a case rundown prepared in SR/3/FI for discussions with the British in 1960 regarding an unstable American woman correspondent in Brussels who revealed anti-Soviet sympathies and later visited the subject in Moscow after being warned to avoid him.
104-10071-10404	Identification of James Earl Ray as Accused Assassin	Message Form	Liaison	SECRET	1968-04-19		CIOP/DC	DCI, DIDCI, DOP, AODD, CS/RF c/EUR, C/WH, CIFE	This document identifies James Earl Ray as the accused assassin, providing his physical description, aliases, criminal record, and details of his escape from Missouri State Penitentiary.
104-10072-10001	Field Information Report: Guatemalan Exile Activities	Report	Operations	SECRET	1956-02-01	Unspecified	San Jose, Costa Rica	Washington	This document is a field information report from San Jose, Costa Rica, dated February 1, 1956, concerning Guatemalan exile activities. It includes a translated letter from Col. Carlos PAZ Tejada to Col. Francisco COSENZA Galvez, discussing a failed revolt, political relationships, and future plans.
104-10072-10013	Clog & Singer, Boviot Bacar Shat	Report	Operations	SECRET	1961-12-14	CENTRAL INTELLIGENCE AGENCY	FI/SIG and SR/6	STATE ARMY NAVY	Report on Clog & Singer, Boviot Bacar Shat, discussing their activities and connections, including involvement in festivals and research work, as well as their political views and associations with various individuals and organizations.
104-10072-10034	Information Concerning Suspected Assassin of Martin Luther King, Jr.	Cable	Operations	SECRET	1968-04-18	CIOP/DO	DIRECTOR	ASUNCION, BANGKOK, BARCELONA, BEIRUT, BERLIN, BERN, BOGOTA, CARACAS, BRASILIA, BRUSSELS, BUENOS AIRES, COXNEXOONS COPENHAGEN, FRANKFURT, GENEVA, GEORGETOWN, GUATEMALA CITY, GUAYAQUIL, THE HAGUE, HAMBURG, HELSINKI, HONG KONG, KINGSTON, LA PAZ, LIMA, LONDON, MADRID, MANAGUA, MONTEVIDEOS, NEW DELHI, LISBON, MANILA, MUNICH, OSLO, PANAMA CITY PARIS PORT AU PRINCE, PORT OF SPAIN, PORTO ALEGRE, QUITO, RECIFE, RAWALPINDI, RIO DE JANERIO, ROME, SAN JOSE, SANTO DOMINGO, SAN SALVADOR, SANTIAGO, SANTIAGO DE LOS CABALLEROS, SAO PAULO, STOCKHOLM, TEGUCIGALPA, TOKYO, VIENNA, ZURICH	Cable regarding information furnished by LNERGO concerning suspected assassin of Martin Luther King, Jr. - Eric Starvo Galt, alias Harvey Lowmyer, alias John Willard.
104-10072-10212	List of Names, Green List Numbers and 201 Numbers	List	Cuba	SECRET	1962-04-04		CIA /S/ A. J., Amorf		This document is a list of names with associated 'Green List Numbers' and '201 Numbers'. It includes names such as FERNANDEZ Coto, Milagros; MR LAS CASAS Alfonso, Crecten Leovor; MEMEZ Gonzalez, Jorge Joss; and many others. The document also notes it is a '2025 RELEASE UNDER THE PRESIDENT JOHN F. KENNEDY ASSASSINATION RECORDS ACT OF 1992' and includes a 'POA CANCELLED' notice dated '4/4/62'.
104-10072-10227	Transmittal of Contact Reports for First Two Meetings with AMCLOCK/1	Dispatch and Contact Reports	Cuba	SECRET/RYBAT	1967-10-13	AIPO/COS, JMWAVE	Howard G. FIGALAN	Chief, WH/Cuba; COS, JMWAVE; Chief, DOD; Chief of Base, New York	This document includes a dispatch regarding contact reports from Peter J. DI GERVENO concerning his meetings with AMCLOCK/1 in September 1967. The reports detail AMCLOCK/1's activities, observations, and intelligence production, including his views on the PBRUMEN government and security matters.
104-10072-10228	Contact Report/ LITAMIL-9	Dispatch	Mexico	SECRET	1963-05-21	Chief of Station, Mexico City	Chief of Station, Mexico City	Chief, SAS; Chief of Base, Merida; Chief of Station, WAVE; Chief, WHD	Contact reports from Mexico City regarding LITAMIL-9's interactions and information obtained in May 1963. Includes details on Cuban Embassy personnel, potential security risks, and political observations.
104-10072-10289	Special Activities Report on JMWAVE'S Relationship with AMCARBON-1	Dispatch	Operations	SECRET	1964-04-02	Chief, Special Affairs Staff	Chief, Special Affairs Staff	Chief of Station, JMWAVE	Special Activities Report on JMWAVE's relationship with AMCARBON-1, detailing operational support tasks, intelligence furnished, and use as a propaganda outlet.
104-10073-10061	Report of Conditions in El Salvador	Report	Cuba	CONFIDENTIAL	1962-06-07	CENTRAL INTELLIGENCE AGENCY	Jose Julio Fernandez Coclerres	Revolutionary Council of Cuba	Report of Conditions of the Country Inhabited by a Special Representative of the Cuban National Revolutionary Council
104-10073-10074	AMCUTLER-1 Progress Report for November and December 1962	Dispatch	Operations	SECRET	1963-01-09	JMWAVE	Chief of Station, JMWAVE	Chief, Task Force W	Progress report for AMCUTLER-1 operation in November and December 1962, detailing support for AMTAUNA, development of KUTUBE operations, potential courier channels, and information on individuals related to Cuba.
104-10073-10101	Debriefing of AMFAUNA-14	Dispatch	Cuba	SECRET	1963-12-09	CIA	Chief of Station, JMWAVE	Chief, Special Affairs Staff	This dispatch details the debriefing of AMFAUNA-14, a KUBARK agent, following her detention and interrogation by the DSE (Cuban State Security Department) in November-December 1963. It covers her arrest, conditions of detention, the DSE officers involved, and the information she provided, including details of her contacts, Luis Braulio VILLAR Negret and Angel BRINGAS, and her relationship with AMFAUNA-1. The dispatch also contains the station's comments and cross-references.
104-10073-10113	LING Lindsey, WEINER Heins Theotor	Memo	Cuba	UNCLASSIFIED	1961-03-02	Deputy Director, plang		Director of Special Investigation, Inspector Genere, USAP	This memo discusses Lindsey LING and Heinz Theodor WEINER. LING was contacted in Santa Maria, the Azores, by Eloy GUTIERREZ Manoyo and Rafael HERNANDEZ, both Cuban nationals. LING managed a Chinese restaurant in Madrid owned by an unidentified Chinese national who supplied clothing to US personnel. WEINER was arrested in the Azores on suspicion of espionage and was reportedly in Bermuda.
104-10073-10133	Information Report on Castro Agents in the US	Information Report	Cuba	CONFIDENTIAL	1961-06-01	Army	Army representative assigned to the office of preparation	STATE, ARMY, NAVY, AIR, FBI	Report discussing Castro agents in the US attempting to determine military training camp locations and operations. Includes names of suspected individuals such as Mowerco Nunez and Angel Banos.
104-10074-10007	Information on William Z. Foster and French Communist Party	Letter	Liaison	UNCLASSIFIED	1952-12-08	Unspecified	Unnamed Official	J. Edgar Hoover	This document is a letter from an unnamed official to J. Edgar Hoover regarding information on policy matters discussed by William Z. Foster and members of the French Communist Party in Paris. The letter summarizes actions taken by the organization on Foster's trip, including alerting stations on his itinerary and reporting on his meetings with Thorez and Duclos. The letter also mentions information from H.I.6, Section 7 regarding topics discussed at a meeting.
104-10074-10413	Report on Jose Xavier CORTES Hernandez	Report	Mexico	SECRET	1960-12-15	CIA	Mexico City	Headquarters, EMB, PAO, NA, AA, INS, LA, JIPUCK	Report regarding Jose Xavier CORTES Hernandez and his interactions with the Cuban Embassy in Mexico City.
104-10075-10042	Cable regarding individuals Luis (Goicochea), Israel (Garcia), Carlos (Diago), Manuel (Garcia) Suarez, and Juan (Mulatt) Sanchez	Cable	Cuba	SECRET	1963-11-29		JMWAVE	DIRECTOR	This cable references individuals identified as Luis (Goicochea), Israel (Garcia), Carlos (Diago), Manuel (Garcia) Suarez, and Juan (Mulatt) Sanchez. It also mentions a reference cable WAVE 6123 and discusses typic Antrunk Antrunk.
104-10075-10099	SIGHTING OF TANKS WITH TWIN CANNONS IN THE AREA OF HABANA	Report	Cuba	SECRET	1963-11-27	Central Intelligence Agency	DIRECTOR	DDP, ADDP, S90 6, DODS, CA 2, CA/PEG, CA/PROP, CI/OPS, C/FIC 2, FI/INFO/I/INT 6, SAS 12, 50/1, WH 8, AD/CI 2, AD/ME/VR	Report on the sighting of tanks with twin cannons in the area of Habana on 23 November 1963.
104-10075-10200	DIR CITE WAVE 8097 - Intelligence Operations in Cuba and Latin America	Cable	Cuba	SECRET	1963-11-23	JAMAVE	JAMAVE	DIRECTON	This cable from JAMAVE to DIRECTON discusses various intelligence operations and requests information on individuals and activities related to Cuba and Latin America, including arms shipments, chartered flights, and personnel lists. It also provides clarifications on the identities of code names used in the message.
104-10075-10203	RYPAT TYPIC COMMO PETGOS AMAT HENA	Cable	Cuba	SECRET	1963-05-27	JAMWAVE	DIRECTOR, JAMWAVE	DDP, ADDP, D/OC 2/VR	This cable discusses the recruitment and training of agents in a network, mentioning individuals like Oreste Tamayo, Rolando Reyes, Medara Silva, and Roberto Legon. It expresses concerns about the thoroughness of background checks and the need for comprehensive training before assigning operational tasks. It also requests more information about a contact named Rene in Victoria.
104-10075-10225	DIP CITE WAVE 8225	Cable	Operations	SECRET	1963-11-15	CIA	C/SAS 5	DIRECTOR	This cable discusses various operations and individuals, including Teodoro, Arle, Doctor Jiveres, and others involved in KARAT ONE and TWO. It also mentions data on individuals like David, Jose Te Frana Carmona, and Esteban Suarez Rojas, along with locations and potential dangers related to revealing information. The cable references previous messages and includes WAVE comments on the operations.
104-10075-10232	104-10076-10232 2025 RELEASE UNDER THE PRESIDENT JOHN F. KENNEDY ASSASSINATION RECORDS ACT OF 1992	Cable	Operations	SECRET	1963-11-28	CIA	JAJAVE	DIRECTOR	This cable discusses agent messages, potential reassignment of LUCY (ESTER ARANGO), reporting on military preparations on the north coast, and potential wiretaps.
104-10075-10250	53 IN 6947S: Platypic.ayshatter - AMSTASH-1 Communication	Cable	Operations	SECRET	1963-11-27	WAVE	DIRECTOR	C/SAS 5	Cable details communication with AMSTASH-1 regarding exfiltration instructions, financial requests, and intelligence reports. It mentions Juan Bautista (Gonzalez) Francisco, Mexico, and possible embassy channels.
104-10075-10365	Exfiltration of AMFAUNA-25 from Cuba	Cable	Cuba	SECRET	1963-12-01	JWAVE	JWAVE	DIRECTOR	This cable discusses the potential exfiltration of AMFAUNA-25 from Cuba, in light of recent developments involving other AMFAUNA assets and the potential arrest of ANCUTLER-2. It proposes a plan to arrange a legal departure for AMFAUNA-25 under the guise of discussing Cuban insurance problems in London, involving Peter Minet of Minet Co London. The cable emphasizes the need for speed and coordination with SMOTH (likely a code name for an organization or individual) to ensure the success of the operation.
104-10075-10373	ITHWAVE 2395 OTIC ATHENA PETSOS COMMO	Message	Cuba	SECRET	1965	UMWAVE	C/SAS: 5	DIRECTOR	This document contains translated messages regarding potential recruits and intelligence gathering in Cuba, including biographical data, recommendations for action agents, and details about sabotage objectives and target locations.
104-10076-10000	Classified Message Regarding Agent ASG and Related Operations	Cable	Operations	SECRET	1963-12-03	CIA	JONAVE	DIRECTOR	This cable discusses an agent ASG's message regarding the retrieval of a pouch, the potential exfiltration of 'IMINA SILIO', and a pick-up from 'MANOLO (DIEGO)' in Mexico. It also includes information for the Director only, identifying individuals like EMILIO as EXILIO CARBO, TONY as ARCANOE-3, JUDE as ARRIPE-2, and MANOLO (DIEGO) as a relative of ASGIPE-1.
104-10076-10058	MADR (RFG DIR MEXI CITE WAVE 8525	Cable	Mexico	SECRET	1963-12-05	CIA	WAVE 8525	DOP, CI, CI/OPS, CI/OA, FI, SAS, VR	This document is a cable concerning individuals ODON (ALVAREZ) DE LA CAMPA, GILBERTO (LIWAY) RODRIGUEZ, (ALDO (VERA) SERAFIN), and (MANOLO (UZIEL).
104-10076-10116	Cable regarding shipment of envelopes to Copal Caples, Florida	Cable	Cuba	SECRET	2025	JMWAVE	JMWAVE	DIRECTOR	This document discusses the shipment of envelopes to a specific address in Copal Caples, Florida, and mentions difficulties in sending them through a classified pouch until December 13.
104-10076-10153	1104-10076-10153	Cable	John F. Kennedy Assassination Records Act	SECRET	1963-12-07		Unknown	DIA	This document discusses individuals PERGREN AMSTONE, THEMISTOCLES APOSPOROS, and GARCIA ROSELL. It includes references to DDP, CI, CI/CA, SAS 8, VR, and mentions a communication on 7 DEC 63 IN 75579, and DIA CITE WAVE 8542.
104-10076-10217	DIR CITE WAVE 8724	Cable	Cuba	SECRET	1963-12-09	JMWAVE	JMWAVE	DIRECTOR	This cable discusses the transfer of items through Enrique (Vicente Socorras) and the Japanese Embassy. It mentions the receipt of Magnum pistols without bullets and radios, requesting information on the radios' range and the filters for the pistols. It references RYBAT, ANTURVY, SAGTEL, WAVE 8724, WAVE 8694, and ANTURVY-1.
104-10076-10229	WAVE 8740: Agent Communication and Russian Ship Information	Cable	Cuba	SECRET	1963-12-09	JMWAVE	JMWAVE	DIRECTOR	This cable discusses planned communications with an agent, including sending supplies and money, and requests information on a Russian ship arriving in Havana.
104-10076-10277	DIR CITE WAVE 8883	Cable	Cuba	SECRET	1963-02-08	ACTION, C/SAS 5	DIR	INFO DOP, ADDP, RI/AN DUMMY, D/OC 2, VR	This document is a SECRET cable discussing individuals and operations related to Cuba, including names like OTTO, AQUILES, Doctor Jimenes (AURELIO MARTINEZ), JOSE CAMPOS PEREZ, and AGUILA. It mentions activities on LIBERTAD 12 and CAYO LEVISA, along with concerns about security and communication. The cable also refers to previous communications (WAVE 8699, WAVE 8780) and mentions NAV comments on individuals related to ANCLATTER-5 and KMARTINEZ.
104-10076-10295	BOUTING	Cable	Cuba	SECRET	1963-12-11	JWAVE	JWAVE	DIRECTOR	Cable discusses the sequestration of information regarding Carlos (Evans) Roman and Mariano Virgilio de la Caridad (Ramirez) Alarcon.
104-10076-10371	Travel of Soviets from Batabano to Isla de Pinos, Cargo Traffic Between Isla de Pinos and Batabano	Telegram	Cuba	SECRET	1963-12-12	CIA	UMWAVE	DOP, OOP, SOD 6, CA 2, CA/PEG, CA/PROP, CI/OPS, FI, FI/D, FI/INTI, SR 7, WH 7, DD/1, AD/CI 2, AD/NE, AD/RR 36/NR/	This telegram discusses the travel of Soviets from Batabano to Isla de Pinos, as well as cargo traffic between the two locations. It details specific instances of trucks and ferries being used to transport personnel and goods.
104-10076-10372	TRUCK TRAFFIC AND TUBE-LIKE OBJECTS SEEN ENTERING TORRENS BASE	Cable	Cuba	SECRET	1963-12-12	CIA	UMWAVE	DIRECTOR	Cable discusses truck traffic and tube-like objects seen entering Torrens base in Cuba between October 9 and November 7, 1963. Source reports trucks covered with canvas traveling towards Torrens, the former reformatory on the Wajay Highway southwest of Habana. Tube-like objects protruding from trucks observed on October 11.
104-10076-10374	ZAVE 9926 RYSST TYPIC YOBITE AMWORLD	Cable	Cuba	SECRET	1962-08-06	JMWAVE	JMWAVE	DIRECTOR	Cable discusses individuals and operations related to ANYUM in Cuba, including potential cut-outs for intelligence operations. Mentions individuals like MARIA TERESA (SACRE) ABIRAFHED, CARLOS (CUPANCA) GARCIA, DR FRANCISCO (RENE DE LA MUERTA) AQUIAR, and DR MARIO ENRIQUE (YAPTIVEZ) DELGADO.
104-10076-10375	ARRESTS AND MILITIA VIGILANCE IN THE NORTHERN COASTAL AREA	Cable	Cuba	SECRET	1963-12-12	CENTRAL INTELLIGENCE AGENCY	JMWAVE	DIRECTOR	Reports arrests and increased militia vigilance in the northern coastal area of Matanzas Province, Cuba, as of December 1963.
104-10076-10400	Classified Message Regarding Cuban Boat Armaments and Personnel	Cable	Cuba	SECRET	1963-12-12	CIA	UMWAVE	Director	This document discusses the potential arming of Cuban Komar and P-6 class boats and requests information on individuals and communication capabilities. It also mentions financial transactions and requests file checks on individuals.
104-10076-10416	Inquiry Regarding PCSA Validity After Name Change	Cable	Security	SECRET	1963-12-13		JAMINE	DIRECTOR	Cable regarding PCSA validity for subject Emma Harris (formerly Ora Ercuns), now known as Exma Harris Johnson. Asks for advice on whether the original PCSA is still valid and indicates that there should be no traces on the new name.
104-10076-10442	Request for POAS and Traces on Individuals in Cuba	Cable	Cuba	SECRET	1963-12-13	WAVE	JA/WAVE	DIRECTOR	This cable requests POAS (Proof of Activity/Source) and traces on several individuals in Cuba, including doctors, lawyers, and former officials, some with ties to the Cuban government. It also mentions a general staff officer in the Cuban army who fought with Fidel Castro.
104-10077-10067	Contract Renewal for Frank A. Johnson	Cable	Personnel	SECRET	1963-11-21	CIA	DIRECTOR	JHNAVE	This cable discusses the renewal of Frank A. Johnson's contract, which expired on October 28, 1963. It requests information regarding the original contract terms and headquarters payroll details.
104-10077-10076	FRANKFURT INFO WAVE	Cable	Administrative	UNCLASSIFIED	1963-11-21	CIA	DIRECTOR	FRAN INFO WAVE	Cable regarding missing HRE MISS (JOAN GRASSIE) package sent from Washington to Frankfurt via WAVE. Request to trace the package.
104-10077-10087	HQS REQUEST WELDRAKE'S COMMENTS ON SUBJ OF REP A	Cable	Operations	SECRET	1963-11-22	CIA	HQS	MADR	Cable discusses WELDRAKE's comments on a subject related to REP A, traces for ALFONSO ASELJON CONDES, and possible utilization by MADR station. Mentions contact with OAS Spain and offer of services to KUBARK.
104-10077-10112	104-10077-10112 2025 RELEASE UNDER THE PRESIDENT JOHN F. KENNEDY ASSASSINATION RECORDS ACT OF 1992	Cable	Mexico	SECRET	1963-11-23	CIA	WH/S/Mexico	LOOP CI/OA, SAS 8, VR	Cable discusses traces of GARCIA and VALDES. Suggests MEXI Principal Agent Asset handle lead.
104-10077-10136	ODACID SENT OM-99 TO HEPINCH MEXI ON 3 SEPT 63 AUTHORIZING VISAS	Cable	Security	UNCLASSIFIED	1963-11-26	CIA	ODACID	HEPINCH	Cable regarding visa authorization for the wife and daughter of Alejandro Riera Arencibia, an FM asset, with a reference to coordination with the State Department.
104-10077-10153	DIR 85387: ZEPRIMA Program Review	Cable	Cuba	SECRET	1963-11-29	Director	Director	Various	This cable discusses the ZEPRIMA program, which aimed to recruit Cuban technicians from Western Europe. The review of the program showed it didn't achieve significant results due to the failure of Cuban technicians to recruit. It also addresses the recruitment process and the use of ZAPELLAS.
104-10077-10266	MR. JOSEPH F. PEARSON CLEARED FOR TYPE A CONTRACT EMPLOYMENT	Cable	Personnel	SECRET	1963-12-04		SAS/PERSONNEL	M. DIRECTOR	This cable discusses the clearance for Type A contract employment of Mr. Joseph F. Pearson.
104-10077-10285	MR. GREER P. HANVEY CLEARED PER REF REQUEST.	Cable	Personnel	SECRET	1963-12-05	SAS	SAS/PERSONNEL	DIRECTOR	Cable regarding clearance of Mr. Greer P. Hanvey and amendment to permit use of subject WAVE area as Maritime c/0.
104-10077-10296	ROSA DIR 78231 (MONT) 16-24 CITE CAR 87291	Cable	Operations	SECRET	1963-12-25	WE/UP	WAVE DIRECTOR	ROSA	Cable discussing recruitment of drug dips by WAVE, requests review of the scope and purpose. Mentions POA request for wives of dips and other potential ops.
104-10077-10356	TIMEDIATE WAVE	Cable	Operations	SECRET	1963-12-10	JMWAVE	C/SAS/MOR/FI	FORECTOR	This cable discusses caching and making dead drops in light of AMMEE-1 GEDER DSE surveillance and concerns regarding AMSTEE-2 and ANTAURA-147 KEYWAY.
104-10077-10369	DEPERCEN	Cable	Cuba	SECRET	1963-12-10		OR: LABUZZETTI/dk		Cable discusses identities of ODON ALVAREZ DELALA CAMPA, JOSE LUIS GONZALEZ GALLARRETTA, GILBERTO LIWAY RODRIGUES, and ROGELIO IGLESIAS PATINO.
104-10077-10382	DIR 86425: HIDALK/2 (MIGALE/2) Visit to JENTOMS	Cable	Operations	SECRET	1963-12-10	CIA	DIRECTOR	JEWAVE, MAVE	Cable regarding the planned visit of HIDALK/2 (MIGALE/2) to JENTOMS in February 1964. Discusses arrangements for the visit and related personal matters.
104-10078-10014	DIRECTOR CABLE RE TRAVEL TO SAO PAULO.	PAPER	JFK	SECRET	1963-12-14	CIA	DIRECTOR	JMWAVE	Director Cable regarding travel to Sao Paulo, concerned with briefing and training of BETIDE.
104-10078-10020	Requested PCSA/CSA for Frank M. VARREN, Jr., Sea Dads Industries, Miami to backstop WAVE cover corp.	Cable	Security	CLASSIFIED	1963-12-16	CIA	DIRECTOR	JHAVE	This cable discusses a Personnel Security Clearance Approval (PCSA) granted for Frank M. VARREN, Jr. of Sea Dads Industries, Miami to support WAVE cover corporation.
104-10079-10391	HANDWRITTEN LIST ENTITLED "ASSETS KNOWN".	PAPER	JFK	UNCLASSIFIED	1900-01-01	CIA			This document is a handwritten list entitled 'ASSETS KNOWN'. It is a two-page document that has been released in part, with deletions.
104-10087-10054	The 201 System	Handbook Excerpt	Administrative	SECRET	1974-11-15	CIA	Information Services Group (ISG)	DDO/RMO	This document describes the 201 system, which is a method for identifying persons of specific interest to the Operations Directorate and for recording and filing information about them.
104-10088-10070	COVERT APPROVALS AND RELATED MATTERS	Instruction	Security	SECRET	1958-07-17	CIA	Deputy Director (Plans)	Clandestine Services	This document outlines the functions of headquarters components regarding covert approvals and related matters, including operational and security approvals, proprietary approvals, liaison with US officials, and special services.
104-10088-10074	The 201 System	Handbook	Administrative	SECRET	1974-11-15	CIA	Unknown	Various	This document describes the 201 system, which is a method for identifying persons of specific interest to the Operations Directorate, controlling and filing pertinent information, and producing lists of 201 personalities according to various categories. It covers the 201 number, dossier, master record, maintenance procedures, dossier charges, restricted dossiers, information requests, cancellation, and machine listings.
104-10092-10202	MEXI 6338: VISA REQUEST FOR SILVIA ANNA	Cable	Mexico	SECRET	1963-09-11	CIA	MEXICO CITY	DIRECTOR	This cable from Mexico City requests a priority visa for Silvia Anna processed by October 1st, noting the unlikelihood of the cable reaching Patana before October 7th.
104-10092-10267	MEXI 6385: DTDORIC HBEPITOME	Cable	Mexico	SECRET	1963-10-03	CIA	MEXICO CITY	DIRECTOR	Cable discusses DTDORIC HBEPITOME, references MEXI 6384, and identifies individuals: A, ALFONSO DIBILDOX, B, CNE, C, FUSA.
104-10092-10340	MEXI 6445: LOIMOD OVE 24.06 - Investigation of Hector Rafael Lapa Vazquez	Cable	Mexico	SECRET	1964-09-20	MEXICO CITY	MEXICO CITY	DIRECTOR	Cable from Mexico City regarding Hector Rafael Lapa Vazquez, a Mexican citizen with ties to U.S. nationals and suspected Soviet intelligence officers. Request for traces and initiation of POA on Lapa. Details Lapa's interactions with Soviet officials and his potential utilization as an asset.
104-10093-10010	PBRIUMEN HTBASTE - Possible Defection of Cuban Delegation Member	Cable	Cuba	SECRET	1963-10-15	CIA	MEXICO CITY	DIRECTOR	Cable regarding L[TAMIL-3]'s encounter with Antonio de Souza Carbajal in New York and a possible defection offer.
104-10093-10065	104-10000-10065 2025 RELEASE UNDER THE PRESIDENT JOHN F. KENNEDY ASSASSINATION RECORDS ACT OF 1992	Cable	Cuba	SECRET	1963-10-23	CIA	MEXICO CITY	DIRECTOR	Cable from Mexico City regarding Benito Ruiz Gorilo, a former VP of Travel Caribbean Area and Cuban delegate to the ASTA convention in Mexico City. Request for traces and POA. Subject has access to internal and external travel info and claims valuable information stored in the National Post Office. He has also assisted anti-Castro persons by forging visas. He cooperated with the CIA in Havana in 1959 and appears cooperative now.
104-10093-10109	REQUEST TRACES AND POA JORGE ANTONIO ABASOLO GARCIA	Cable	Cuba	SECRET	1963-08-21	DUNECTOR	OM MEXICO CITY	DIR INFOWAVE MNTY	Cable regarding JORGE ANTONIO ABASOLO GARCIA, a Cuban industrial engineer, his connections to Ernesto "Che" Guevara, and potential defection. Also mentions his brother GUSTAVO ABASOLO and their correspondence through diplomatic channels.
104-10093-10266	MEXI 6761: Developments regarding subject's plans and communication channels	Cable	Mexico	SECRET	unknown	CIA	MEXICO CITY	WH 6	Cable discusses the subject's contact with Ernesto "Che" Guevara, motivation for leaving Cuba, pouch communication system, and instructions to influence the subject to stay in place with financial aid.
104-10093-10279	MEXI 6772: CARLOS CRUZ MORALES, PRESIDENTE FEDERACION UNIVERSITARIO DE SOCIEDADES ESTUDIANTILES (FUSA)	Cable	Mexico	SECRET	1963-11-12	CIA	MEXICO CITY	DIRECTOR	Cable from Mexico City regarding CARLOS CRUZ MORALES, PRESIDENTE FEDERACION UNIVERSITARIO DE SOCIEDADES ESTUDIANTILES (FUSA).
104-10095-10075	President John F. Kennedy Assassination Records Act of 1992 - Database Entries	List	Mexico	Unclassified	1992	CIA	N/A	N/A	This document contains entries from a database related to the President John F. Kennedy assassination records. Each entry includes a serial number, date, category, time, year, and name, along with a location.
104-10095-10161	Personnel Records for Covert Operations	Personnel Records	Operations	SECRET	1949-1971	CIA	Various senders within the CIA	Various recipients within the CIA	This document contains personnel records related to covert operations, support assets, and liaison activities, primarily focusing on Cuba and Soviet targets, with names, dates, and locations.
104-10095-10276	Summary of STESCALADE - Audio Operation Against the New China News Agency in Havana	Memorandum	Cuba	SECRET	1960-09-20	Central Intelligence Agency	Rudolph E. Gomez, Acting Chief, WH	Director of Central Intelligence	This memorandum details an audio operation, STESCALADE, against the New China News Agency in Havana. It covers the installation of surveillance equipment, the apprehension of technicians by Cuban authorities, and subsequent actions taken by the Agency.
104-10097-10069	MISS NORMA VALVERDE VARIG FLT CANCELLED AT MEXICO CITY	Cable	Mexico	SECRET	1963-12-07	CIA	MEXICO CITY	DIRECTOR	This cable discusses Miss Norma Valverde's flight cancellation and subsequent travel arrangements via Aerolineas Panama. It includes routing information and dissemination restrictions.
104-10097-10077	REQUEST PRITY POA TO INCLUDE COMMO TRAINING FOR MARTA (VALDES) IERNANDEZ	Cable	Cuba	SECRET	1963-12-09	LOVECEN C	HEXI 7300	DIR ILFO	This cable requests training for Marta (Valdes) Iernandez, an employee of the Ministry of Health and Welfare in Havana, who recently completed studies in Mexico under the World Health Organization. No traces were found in Mexico.
104-10097-10170	Cables Regarding Letter Drop and Jerzy Plebanski's Travel to Dallas	Cable	Mexico	SECRET	Unknown	Unknown	Mexico City	Director	Two cables from Mexico City. The first discusses letters addressed to Angel Guadalupe Rivera and a request for a letter drop FORTI CRYSTAL-1. The second cable mentions Jerzy Plebanski attending a symposium in Dallas on gravitational collapse and related topics. It also references MEXI 7218 and PBSWING as a source. A review of Gobernacion file reveals Plebanski granted permission to leave Mexico for conferences in the U.S.
104-10097-10360	KAPOK PERUMEN	Cable	Cuba	SECRET	2025	DIRECTOR	DIRECTOR	C/WH.5	This cable discusses a potential asset (SUBJ) who has access to significant plans and activities within the Ministry of Industries and is frequently consulted by Ernesto "Che" Guevara. The asset is considered a highly qualified engineer and could provide valuable information. The cable also mentions the need for secure communication channels and cautions against using the asset for contact with individuals trusted by Guevara but not by the agency.
104-10098-10072	LIENVOY-8	Dispatch	Administrative	SECRET	1963-10-31	WN Division	Chief, WN Division	Chief of Station, Mexico City	This dispatch concerns LIENVOY-8, a source who caused a security problem in 1960. Headquarters requests an update on his current status and reliability, including whether he has been terminated or is still being used.
104-10098-10264	FEQ Part I - Alfonso Dibtido Torres	Dispatch	Operations	SECRET	1963-11-13	CIA	Chief of Station, Mexico City	Chief, WE Division	This dispatch concerns Alfonso Dibtido Torres and requests Provisional Operational Approval along with a 201 number. It also mentions that the Subject's cryptonym, assigned 15 October 1965 by the Station, follows under separate cover.
104-10098-10328	MEXI 7416	Cable	Mexico	SECRET	1963-12-17	CIA	Director	TEGU	This cable discusses a request from [S/] for 190 dollars in view of his wife's visit to Mexico City for Christmas. It also mentions [S/]'s living situation, his connection to a PCM member named Eliodorina Garcia, and upcoming meetings.
104-10098-10380	MEXI 7458: WELCOME HOS C/O. PLS PROVIDE IDEN AND ETA SO CAM HEET AIRPORT.	Cable	Mexico	SECRET	1963-12-20	CIA	Mexico City	Director	This cable from Mexico City to the Director discusses the arrival of a staffer, identified as Richardson, and requests their identification and estimated time of arrival (ETA) for airport pickup.
104-10098-10391	MEXI 7479	Cable	Mexico	SECRET	2022-05-20	Unspecified	CHET	EE 6, C1/CA, CCS 3	This document is a classified message from MEXICO CITY, referencing individuals AR. GEORGE STEENS and operations related to CADALETRACE, CKASSAY, and LPSHRINK. It includes identifiers MEXI 7479 and MEXI 7403 (IN 85185).
104-10098-10401	EFFORTS OF CUBAN GOVERNMENT TO INITIATE COMMERCIAL BARTER WITH WEST EUROPEAN COUNTRIES	Telegram Information Report	Cuba	SECRET	1963-12-20	Central Intelligence Agency	MEXICO CITY	DIRECTOR	Cuban government efforts to initiate commercial barter with Western European countries, including negotiations for debt payments and offers to sell tobacco at discount prices. Cuba seeks fertilizer, transportation, and chemical products in exchange for sugar, anticipating a bumper crop in 1964.
104-10098-10404	Classified Message on Soviet Presence and Cuban Military Activities	Message	Cuba	SECRET	1962-12-24	CIA	NICO CITY	DIRECTOR	This document contains information regarding Soviet technicians in Cuba, Cuban military activities, and the general attitude towards the Soviet presence.
104-10100-10034	Discontinuation of Intensive Search for ZRPRIMA Candidates	Cable	Cuba	SECRET	1963-11-21	CIA Director	Director	Various CIA Stations and Bases	This cable discusses the conclusion of a review of the ZRPRIMA program, which aimed to recruit Cuban technicians. The review found the program unsuccessful due to various factors, including the Cuban government's lack of enthusiasm and bureaucratic issues. The cable advises stations to discontinue intensive searches for ZRPRIMA candidates but remain alert for opportunities to place agents in Cuba.
104-10100-10065	104-10100-10065: KUDESK ZROCKAN 5974	Cable	Mexico	SECRET	1963-03-02	CIA	DIRECTOR	MEXICO CITY	Cable regarding RUPEK DUDIN and ARLETTE FRANCOISE HEZARIFEND.
104-10100-10086	DESIGNET Travel to PERUMEN; Contact Arrangements in Mexico City	Cable	Operations	SECRET	1963-09-30	CIA	DIRECTOR	MEXICO-ROME HAVE	Cable discussing the travel plans of DESIGNET, a former long-term resident of PERUMEN, who will be traveling on business. The cable outlines contact arrangements in Mexico City and provides details about DESIGNET's itinerary, including planned visits to Switzerland and Madrid before arriving in PERUMEN.
104-10100-10087	DIR 72347: IDEN A [GIULIO MONDELLO] AND IDEN B [NERIOLO (LINOTYPE) FIRM, TURIN]	Cable	Mexico	SECRET	1963-09-30	CIA	DIRECTOR	MEXICO ROME	Cable discussing individuals IDEN A [GIULIO MONDELLO] and IDEN B [NERIOLO (LINOTYPE) FIRM, TURIN] and their connections to Cuba and Italy.
104-10100-10090	MEXICO CITY 1 OCT 452	Cable	Mexico	SECRET	1963-10-01	DIA	JESIAVE	DIRECTOR	This cable discusses JOSE LUIS (ZALA) and his possible connection to 201-338838, who is registered with AFOZEER Service.
104-10100-10152	104-10100-10152 2025 RELEASE UNDER THE PRESIDENT JOHN F. KENNEDY ASSASSINATION RECORDS ACT OF 1992	Record	John F. Kennedy Assassination Records Act	Unclassified	1963-10-08		C/CA/DS	CIA	This document contains information related to Manuel Aragon, CA/35, and PARIS/L/PIPIT. It also mentions MEDURIC EXPITODE and IDSA A (ALFONSO BIBILIOX) FRADIOMERE OLE. The document includes references to DELTASINS OFFICES and COORDINATION OFFICERS, and indicates a return to CIA for background use only.
104-10100-10157	DIR 14184 TYPIC AMLONG	Cable	Mexico	SECRET	1963-10-08	CIA		PRITY MEXI	This cable discusses an individual named Alfredo Davins and refers to TYPIC AMLONG and RONIS.
104-10100-10185	Letter to AMSOUR-2 Being Pouched MEXI	Cable	Mexico	SECRET	1963-11-01	SIG CEN	HUS	DIR	Cable discusses pouching a letter to AMSOUR-2 via Mexico for mailing to Juan Gomez Blanco in Peru.
104-10100-10192	HURRICANE FLORA DAMAGE TO CUBA AND SABOTAGE OPS	Cable	Cuba	SECRET	1963-10-11	CIA	DIRECTOR	HAMBURG, FRANKFURT, HAGUE, MADRID, PARIS, LONGI	This cable discusses the impact of Hurricane Flora on Cuba and its potential effect on sabotage operations against Cuban shipping. It instructs a temporary halt to these operations to reassess the situation.
104-10100-10199	Director cable regarding Liang Szu Ch'Eng and contact establishment	Classified Message	Mexico	SECRET	1963-10-12	CIA	DIRECTOR	MEXICO CEY	This document discusses Liang Szu Ch'eng, a member of the CCP, and plans to establish contact with him through BEFLATE 1. It details BEFLATE 1's arrival in Mexico and instructions for contacting him.
104-10100-10200	CLASSIFIED MESSAGE	Cable	Mexico	CLASSIFIED	1964-02-06	CI	MEXI	DEPARTMENT INTERNATIONAL RELATIONS	This cable discusses information related to Richard Walker, University of South Carolina, and mentions individuals such as Lloyd George and Steve Kisha.
104-10100-10223	Chicom Delegation in Mexico and Rio de Janeiro	Cable	Mexico	SECRET	1963-10-16	Director	DIRECTOR	RIOD, MEXI	This cable discusses a group of Chinese architects traveling from Mexico to Rio de Janeiro and efforts to assess and potentially debrief or defect members of the group. It details contacts made with Yang Ting-Pao and Liang Szu-Cheng, and mentions an upcoming meeting between Wu Ching-Hsiang and his U.S. citizen brother.
104-10100-10237	WH/LOG 7282: Cartridge Delivery to Corpus Christi	Cable	Mexico	SECRET	1963-10-16	WH/LOG	WILLIAM E. BROOKS, CHIEF, WH SUPPORT	DIRECTOR	This document discusses the delivery of cartridges to Corpus Christi on October 1st, with a cargo reference number. It also requests advice on a related matter (Rean 559-5-64).
104-10100-10239	MEXICO JMWAVE	Cable	Mexico	SECRET	1963-10-18	CIA	SAS/BOB	C/OPO, CI/PA, FI, NE 4, WH	Cable regarding Michel Chidiac, Lebanese Charge in Havana, and his recent travel.
104-10100-10247	104-10100-10247 RELEASE UNDER THE PRESIDENT JOHN F. KENNEDY ASSASSINATION RECORDS ACT OF 1992	Cable	Mexico	Unclassified	1963-10-21	CIA	WH/3/Mexico	Station	Cable regarding Ash & Company and Overseas Riralty Survey Associates in Mexico City.
104-10100-10251	Castro Reveals Alleged CIA Sabotage Attempt	Cable	Cuba	SECRET	1962-10-22	CIA	C/SAS	Director	Cable discusses Castro's claim that the CIA attempted to sabotage a Cuban merchant ship in Genoa, Italy, with a defective bomb.
104-10100-10319	RYBAT	Cable	Mexico	SECRET	1963-10-30	CIA	ACVI/3	ICO CITY	Cable discusses HDOS's efforts to impact Hotels Internacional and the possibility of PASSON AB PUEREL becoming a director for Mexico and Central America. It also mentions a search for suitable GRICA to fill a cover post.
104-10100-10357	Message to ANQUAR 1 regarding contact with Matthew E. Ontrich	Cable	Operations	SECRET	1963-11-16	CIA	SAB/EOD	ANQUAR 1	This cable relays instructions to ANQUAR 1 regarding contact with "David Baas" (Matthew E. Ontrich), arranging a leave of absence, establishing contact with Luis Casas Campa, and providing a secure communication channel.
104-10100-10394	BRIDA MEXICO CITY	Cable	Mexico	UNCLASSIFIED	1963-11-06	SAS/BOB	C/VED, AC/WB/3	CEF, ADDP, C/CI, C/SAS S, VR Y	This cable discusses ODCOIL Mexico taking the lead on Milton Lywn, avoiding KUBARK involvement. It also mentions Ernesto Abreu Gomez as a target for PERUKEN operations and informal discussions with him on the Lynn case. The cable also references a U.S. citizen LINK who told Merida police chief of a drugs case and Merida's desire to develop Chief ABRES for PEROMEN ops.
104-10100-10396	Funding for Guanabara Chemical Workers Federation Elections	Cable	Operations	Unclassified	1963-02-06	CIA	MEXICO CITY, DOLORS CITY, AND WE INDICATED	DIRECTOR	Cable discusses funding for labor elections in Guanabara and potential conflict among democratic groups.
104-10100-10411	RE PARA THREE & REF A LAQUEL PEDROSA BE LEIVA	Cable	Cuba	UNCLASSIFIED	3/20/1963	CIA	AC/BAB/CI	SAS/SOB	This cable discusses Pedroga as a possible lead to Eryva. It mentions Pedroga's connection to Lifanil, her possible identity as the wife of Xio Layva Fuentes, and her potential as a recruitment/defection target. It also notes negative traces on Pedroga and requests further action.
104-10100-10419	Office Hours and Monitoring Instructions	Cable	Administrative	UNCLASSIFIED	2025	Unknown	Unknown	Various Stations	This document pertains to office hours and monitoring frequencies for various stations, with the approval of the Chief Mission and COS. It includes instructions for stations with and without SELCAL monitors, and mentions residence capability during a closure period.
104-10100-10424	Frank Pilgrin, Manchester Guardian, Cuban Anniversary Celebrations	Cable	Cuba	SECRET	1963-01-01	SBC	EMOTH	KUBARK	Journalist Frank Pilgrin of the Manchester Guardian plans to attend Cuban anniversary celebrations. PLAFS to leave Cuba first week of January via Cubana to Mexico. EMOTH has requested KUBARK not attempt contact. KUBARK will receive debriefing results, if any, from SEOTH.
104-10101-10054	BONE PRIORITY 136022	Cable	Mexico	UNCLASSIFIED	2025	CIA	Station	DEVISTA-1	This document discusses potential contacts in SALY (likely a code name for a location) and DEVISTA-1 (possibly an individual or operation). It instructs the station to pass specific names to DEVISTA-1 if PCI doesn't provide contacts in SALY. Mentions possible communist connections.
104-10101-10109	MEXICO CITY - Information on Individuals	Dispatch	Mexico	UNCLASSIFIED	2025	CIA	DESMOND FITZGERALD	G.L.	This document lists three individuals: FERNANDO PALENZUKIA VAQUET, MARIA FRANCISCA CRESPO FALCON, and HOWARD ANDERSON, along with their personal information such as date and place of birth, physical attributes, passport number, and address. The document also mentions operational details and codes.
104-10101-10124	Cable Regarding GRACE HOLMES	Cable	Mexico	SECRET	1963-12-02	COSAS	DIRECTOR	MEXI, BOGO, LIMA, GUAT, WAVE	Cable discusses GRACE HOLMES and references Mexico City, Bogota, Lima, and Guatemala.
104-10101-10129	104-10101-10129 2025 RELEASE UNDER THE PRESIDENT JOHN F. KENNEDY ASSASSINATION RECORDS ACT OF 1992	Cable	John F. Kennedy Assassination Records Act of 1992	CONF	2025	CIA	STUAR	DIRECTOR	This cable discusses IMA NR. KANSAHI WATANABE and KENNETH K. SUZUKI of Trans Pacific Commerce Consultants.
104-10101-10134	Regarding Latin American Study Seminar tactics.	Cable	Mexico	SECRET	1963-12-05	DIRECTOR	DIRECTOR	PARIS/LCPIPTI	This cable discusses the Latin American Study Seminar (LASS) tactics and the possibility of holding the seminar at an unfriendly site. It also outlines conditions for inviting LASS and potential issues to consider.
104-10101-10135	Identities of Donald Emerson and Raul Avila	Cable	Mexico	SECRET	1963-12-05	CIA	DIRECTOR	PARIS/LOFTMEXICO CITY	Cable discusses identities of Donald Emerson and Raul Avila, both secretaries in COSSC and COSEC respectively. Mentions HERPITONE.
104-10101-10175	Instructions for Anti-Castro Activities	Cable	Cuba	CONF	2025	DIR	DIRECTOR	MONT GUAT BOGO SDOM	This cable outlines suggested activities to influence public opinion and local governments in favor of a firm stance against Castro's regime, emphasizing the issue before the OAS, the theme of 'no coexistence with Castro,' and the portrayal of Cuba as an exporter of crime rather than revolution.
104-10101-10198	MEXI	Cable	Mexico	SECRET	2025-MM-DD	Director	Director	Unknown	This cable discusses potential meetings with CTBAN, LIFEAT coverage, tracing subjects, renewing post boxes, and sending a telegram to Manuel Vega y Socio.
104-10101-10215	CHKIST BIRTHDAY CELEBRATION SURVEILLANCE	Cable	Soviet	SECRET	1963-12-18	DIRECTOR	DIRECTOR	ALL COS, &COB	This cable discusses KGB residencies celebrating the anniversary of the Soviet State Security Organization and suggests surveillance and liaison services.
104-10101-10227	DIR 89778: Evidence of Castro Financing	Cable	Cuba	CONFIDENTIAL	1963-12-17	Director	DIRECTOR	PRIORITY ROME	This cable discusses surfacing evidence of Castro's financing of terrorist and pro-Cuban acts.
104-10101-10239	Student Protests in Moscow over Alleged Killing of Ghanaian Student	Cable	Soviet	SECRET	1963-12-19	Director	DIRECTOR	DIR	Cable discusses the reaction to the alleged killing of a Ghanaian student in Moscow and suggests using the incident to highlight racist attitudes in the Soviet Union and to undermine Soviet influence in Africa.
104-10101-10247	MEXICO CITY	Cable	Mexico	ROUTINE	1963-12-19	CIA	DIR	HQS	This cable discusses the completion of SAMBORA LEGEND and the application for a Mexican visitor's visa by SUBJECT HMM 12212.
104-10101-10256	Message Regarding PETRY and OTTA Activities	Cable	Operations	SECRET	1963	CIA	Unknown	Unknown	This document discusses the activities of PETRY and OTTA, including their assigned routing indicators and handling of KUBARK traffic. It also mentions the handling procedures and authentication protocols.
104-10102-10224	Operational Plan for Continuing Operations Against Cuba	Memorandum	Cuba	SECRET	1962-11-27	CIA	William K. Harvey, Chief, Task Force W	Director of Central Intelligence	Operational plan for continuing operations against Cuba, including intelligence gathering, potential actions to weaken the Castro regime, economic warfare, and political and psychological warfare.
104-10102-10233	SMEDIFY Information Concerning Tad SZULC (201-050539)	Dispatch	Personnel	SECRET/NOFORN	1962-06-20	Central Intelligence Agency (CIA)	Chief of Station, Rio de Janeiro	Chief, WHD; Chief, EE	This dispatch concerns SMEDIFY information regarding Tad SZULC (201-050539) and includes information on Ignacy SACHS, a cousin of SZULC who worked for the Polish Embassy.
104-10102-10237	Operational/TYPIC/AMTRUNK Project AMTRUNK Operational Review	Dispatch	Operations	SECRET	1963-04-15	JMWAVE Station	Chief of Station, JMWAVE	Chief, Special Affairs Staff	Operational review and progress report on Project AMTRUNK, including strengths, weaknesses, and recommendations for continuation or termination.
104-10103-10038	Howard Hunt	Memorandum	Administrative	SECRET	1974-02-27	Office of Finance	Director of Finance	Inspector General	The Director of Finance reports on a search of records to determine if any payment was made to Howard Hunt for approximately $30,000 that required no accounting. The office searched expense runs, Madrid Station, JMWAVE, and FR/Washington Office accountings, Mr. Hunt's travel claims, and Mr. Hunt's advance account. No operational expenditures were found except for $1,600 approved for write-off by Desmond Fitzgerald without further accounting.
104-10103-10079	Operational Plan for Continuing Operations Against Cuba	Memorandum	Cuba	SECRET	1962-11-27	CIA	William K. Harvey, Chief, Task Force W	Director of Central Intelligence (DCI)	Draft Memorandum to the DCI from William Harvey, dated 27 November 1962, outlining an operational plan for continuing operations against Cuba.
104-10103-10103	SMEDIFY Information Concerning Tadeusz SZULC	Dispatch	Operations	SECRET	1962-06-20	CIA	Chief, WHD; Chief, EE	Chief of Station, Rio de Janeiro	This dispatch discusses Tadeusz SZULC, including information from SMEDICEVA's traces and Ignacy SACHS's activities. It details SZULC's past pro-communist activities, his relationship with SACHS, and his efforts to gain employment in American press circles. The document also includes information on SACHS's roles and activities, as well as SZULC's contacts and reports to the Polish Legation.
104-10103-10112	Project AMTRUNK Operational Review	Dispatch	Operations	SECRET	1963-03-31	JMWAVE Station	Chief of Station, JMWAVE	Chief, Special Affairs Staff; Chief of Station, JMWAVE	This dispatch outlines an operational review and progress report on Project AMTRUNK, a covert operation aimed at overthrowing the Cuban government. It details the strengths and weaknesses of the operation, including concerns about agent control, security risks, and potential conflicts with other operations. The JMWAVE Station recommends termination of the project, pending Headquarters' decision.
104-10104-10094	Estimate of Damage Which Could Accrue to CIA Miami Through Prosecution of the Rolando Masferrer Haitian Invasion Group	Memorandum	Cuba	Unclassified	1967-02-24	CIA	Unknown	Unknown	This memo discusses the potential damage to CIA Miami from the prosecution of the Rolando Masferrer Haitian invasion group. It highlights risks from publicity, potential actions by the University of Miami, and the possibility of the defense involving CIA Miami in the case.
104-10104-10172	Contact Report - IDEN A	Dispatch	Operations	SECRET	1965-05-19	JMWAVE	Chief of Station, JMWAVE	Chief, WH	This dispatch from the Chief of Station, JMWAVE, concerns IDEN A (Alfred J. Moran), a wealthy New Orleans businessman used by JMWAVE for cover operations and funding. It details his involvement with YOCOUGH, other JMWAVE assets, and requests a 201 number be assigned to him.
104-10104-10262	Memorandum on James Garrison's Activities	Memorandum	Liaison	SECRET	1967-12-20	EURBC	E/BC	Office of General Counsel	MI-5 has provided information on Jim Garrison's activities to the FBI via a report on Americans in correspondence with the Bertrand Russell Peace Foundation. The foundation appears to be trying to persuade Garrison to write an article about the Kennedy assassination.
104-10104-10271	JMWAVE COVER FACILITY	Report	Operations	SECRET	1967-03-06	JMWAVE	Unknown	Unknown	This document describes two JMWAVE cover facilities: Ace Marine Survey, Inc. and Ceres Enterprises, Inc. Ace Marine Survey is used to provide cover for a maritime vessel, the M/V SONORA. Ceres Enterprises provided cover for maritime vessels, the M/V BARB and the M/V JADE, but was deactivated due to a security breach.
104-10105-10271	Manuscript and Galley Proof of Undercover: Memoirs of an American Agent by E. Howard Hunt	Memorandum	Administrative	CONFIDENTIAL	1974-09-19	CIA	Seymour R. Bolten	John Morrison	This memorandum outlines proposed security deletions and revisions to E. Howard Hunt's manuscript, "Undercover: Memoirs of an American Agent." It identifies specific passages that could compromise classified information, sources, methods, or liaison relationships, recommending their deletion or revision.
104-10105-10277	Meeting with E. Howard Hunt Re His Memoirs, "Undercover"	Memorandum	Administrative	SECRET	1974-09-30	CIA	John D. Morrison, Jr., Acting General Counsel	Acting DDO, SAB/DDO, DC/CI Staff, O/Security, Asst. to DCI, Mr. Walter Pforzheimer, C/CCS	This memorandum details a meeting between CIA representatives and E. Howard Hunt regarding his memoirs, 'Undercover.' The meeting focused on reviewing the manuscript for classified information and potentially sensitive content. Agreed changes were made to several items, and other concerns were discussed with Hunt and his lawyers.
104-10105-10290 (C06932214)	Mr. E. Howard Hunt Alias Birth Certificate	Memorandum	JFK Assassination	SECRET	1973-11-02	CIA	Chief, Cover & Commercial Staff	Acting General Counsel	This document discusses Mr. E. Howard Hunt's alias birth certificate and related matters.
104-10105-10290	Personnel List	List	Personnel	UNCLASSIFIED			John F. Kennedy Assassination Records Act	Various	This document contains lists of names and associated numbers, potentially related to personnel or contact information.
104-10105-10293	Meeting with E. Howard Hunt Re His Memoirs, "Undercover"	Memorandum	Administrative	SECRET	1974-09-30	CIA	John D. Morrison, Jr., Acting General Counsel	Acting DDO	Memorandum for the record regarding a meeting with E. Howard Hunt concerning his memoirs, 'Undercover'. The meeting involved discussions and agreed-upon changes to classified and unclassified items in the manuscript, including those related to a fabricated Shanghai post, the Guatemalan Embassy in Mexico City, and a CIA-Uruguayan telephone monitoring operation.
104-10106-10300	Yurily Ivanovich NOSENKO	Memorandum	Personnel	SECRET	1964-04-03	CIA	General Counsel	Director of Security	This document contains information about Yurily Ivanovich NOSENKO, a Soviet KGB officer who defected in 1964. It details his identification, background, approval for confinement, results of the case, termination status, and comments regarding his confinement and activities.
104-10106-10312	Yurily Ivanovich NOSENKO	Report	Security	SECRET	1964-1969		Director of Security	DDCI	This document summarizes the case of Yurily Ivanovich NOSENKO, a Soviet KGB officer who defected in 1964 and was subsequently involuntarily confined in the U.S. by the Agency. It details his identification, background, approval for confinement, results of the case, termination status, comments, and file locations.
104-10106-10325	Herbert Itkin File	Memorandum	Administrative	SECRET	1977-11-01	CIA	William H. Godson, CI/R&A/O	Chief, Counterintelligence Staff	This document pertains to the Herbert Itkin file, focusing on his involvement as an informant and the subsequent legal and security implications for the CIA, particularly concerning agent Bernard E. MONCURE. It also touches on Itkin's connections with Mafia syndicates and labor unions and his efforts to involve CIA in a custody battle.
104-10106-10547	HARVEY, WILLIAM K.	Memo	Security	CONFIDENTIAL	1963-04-10	Security Division, Federal Aviation Agency	Nicholas R. Zubon, Chief, Building Security Branch, Office of Security	Mr. Charles F. Niles	This memo from the CIA Security Division to the Federal Aviation Agency requests that the FAA files reflect that William K. Harvey, an employee of the CIA, was issued FAA Credential Number 4883 on January 2, 1963. The memo authorizes the release of this information to verify the credential's authenticity.
104-10106-10716	SCHLUMBERGER WELL SURVEYING CORPORATION	Memorandum	Security	Unclassified	1967-12-12	CIA	N/A	N/A	This memo discusses Schlumberger Well Surveying Corporation and its connections to individuals and entities of interest to the CIA and FBI. It addresses allegations of CIA involvement in the Houma munitions bunker burglary and provides information on various Schlumberger employees and their associations, including potential Soviet contacts and security concerns.
104-10107-10085	The Itkin Case	Memorandum	Personnel	Unclassified	1969-02-05		Chief, CCS/GLOBE	Office of the General Counsel	This memorandum discusses the relationship between Thomas Lee Roberts and Itkin, specifically regarding a proposal from the Conestoga Group and Roberts' financial involvement with a law firm.
104-10107-10087	MEMORANDUM FOR THE RECORD	Memorandum	Administrative	Background Use Only	1969-03-04		LAWRENCE R. HOUSTON, General Counsel	THE RECORD	Memorandum regarding the identification of 'T' and 'H' mentioned in a 1955 memorandum. 'T' is identified as Juan Trippe and 'H' as General Hardin, who was being placed with Pan Am for operational reasons. The document also clarifies that General Hardin is not synonymous with Philip Harbin.
104-10107-10089	MR. HERBERT ITKIN	TELEPOUCH	Liaison	SECRET	1973-11-16	CIA	CHIEF, EAST ASIA DIVISION	CHIEF OF BASE, MELBOURNE; CHIEF OF STATION, CANBERRA	This document discusses a request from Australian Justice A.R. Moffitt for information on Herbert Itkin, whom he described as a former CIA and FBI employee, in relation to an inquiry into organized crime. The CIA's Office of General Counsel (OGC) provided Moffitt with copies of three affidavits relevant to Itkin's affiliation with the CIA, stating that Itkin furnished information to the CIA over many years but did not collect information for them in England.
104-10107-10135	Herbert Itkin	Memorandum	Security	Unclassified	1969-01-31	CIA	John K. Greaney, Assistant General Counsel	C/CI/R&A	This memorandum discusses the ramifications of a confrontation with the New York FBI office regarding Herbert Itkin and seeks additional information on Thomas L. Roberts and Robert Delson. It covers Roberts' affiliations with the FBI, CIA, and Itkin, including his operational use by the CIA and his contacts with Itkin in Geneva. The memo also addresses potential legal issues for Roberts and Delson, including possible prosecution and concerns about their affiliations.
104-10107-10137	MEMORANDUM FOR THE RECORD SUBJECT: Herbert Itkin	Memorandum	Administrative	SECRET	1969-01-31	CIA	JOHN K. GREANEY, Assistant General Counsel	FOR THE RECORD	This memorandum discusses a meeting held to discuss the ramifications of a confrontation with the New York FBI office regarding Herbert Itkin. It also discusses Thomas L. Roberts' affiliation with the FBI, CIA, and Itkin, as well as Robert Delson's potential use in Projects DTPILLAR and WUBRINY.
104-10107-10180	Request for Services of Collins Modem Field Service Engineer	Memorandum	Administrative	Unclassified	1967-02-01	Office of Communications	John W. Coffey, Director of Communications	Director of Logistics	This memorandum requests the services of a Collins Modem Field Service Engineer to assist with the installation and testing of two Collins Radio Company Model TE-216D-160 High Frequency Data Modems. The Office of Communications intends to test the feasibility of transmitting Secure (encrypted) Voice over a narrow band, high frequency, radio circuit and determine their suitability for high speed data transmission.
104-10108-10026	Request for Photo of 'Bums in Police Custody'	Memo	Commission	UNCLASSIFIED	1964-03-24		Salked	DCI	Memo regarding a request for a photo of 'bums in police custody' related to the assassination. Discusses contacting Newsweek through various channels to obtain the photo, but notes difficulties due to lack of credit and lack of plausible reason for a 'State' person to request it.
104-10110-10095	TRAVEL BRIEFING DATA	Travel Briefing Data	Administrative	ADMINISTRATIVE - INTERNAL USE ONLY	1974-06-30	WH	SECURITY OFFICER	N/A	Travel briefing data for Charlotte Bustos-Videla, departing June 30, 1974, to Trinidad. Includes security and travel precautions.
104-10110-10242	Manuel F. ARTIME Buesa #210 838 - Audio Surveillance Operation	Memorandum	Operations	SECRET	1963-07-18	SAS	Ramon R. Hart	Chief, Support Branch	This memo discusses the planned audio surveillance of Manuel F. ARTIME Buesa and Rafael Aurelio QUINTERO Ibarbia at a safehouse in Bethesda, Maryland. It details the installation of microphones and a telephone tap, the cover story for the installation, and logistical considerations for servicing the equipment.
104-10110-10243	Manuel F. ARTIME Buesa Audio Surveillance	Memorandum	Operations	SECRET	1963-07-18	CIA	Mr. Ramon R. Hart	Chief, Support Branch	Memorandum regarding audio surveillance of Manuel F. ARTIME Buesa at a safehouse in Bethesda, Maryland. The memo details the plan to install microphones and a telephone tap in the house to monitor conversations between ARTIME and Rafael Aurelio QUINTERO Ibarbia. It also discusses the cover story to be used during the installation and the servicing of the recording equipment.
104-10110-10245	Manuel F. ARTIME Buesa	Memorandum	Cuba	SECRET	1963-07-01	CIA	Mr. Ramon R. Hart	Chief, Support Branch	This memorandum details a covert operation to conduct audio surveillance on Manuel F. ARTIME Buesa, a leader of the Cuban Exile Group, during his visit to Washington, D.C. The operation involves installing microphones in a safehouse where Artime will be billeted and monitored. The memo outlines the logistical challenges, equipment procurement, and coordination with various CIA departments to ensure the surveillance is technically feasible and discreet.
104-10110-10328	NOTIFICATION OF ESTABLISHMENT OF MILITARY COVER BACKSTOP	Memo	Administrative	SECRET	1962-08-07	Chief Operating Component	Chief Operating Component	Chief Records and Services Division	Notification of Establishment of Military Cover Backstop for (INCE: TORING), File No. 5190, 10 Card No. B165617, effective 7 August 1962. Establishes military cover backstop at U.S. Army Element, Joint Operations Group (8739)32. Includes instructions for blocking records, submitting forms for changes or transfers, and ensuring Army W-2 issuance.
104-10110-10340	NOTIFICATION OF ESTABLISHMENT OF MILITARY COVER BACKSTOP	Notification	Administrative	SECRET	1962-08	U.S. Army		Chief, Records and Services Division	Notification of establishment of military cover backstop for U.S. Army Joint Operations Group (8739) in August 1962, outlining procedures for record management, W-2 issuance, and cover changes.
104-10110-10433	Live address established for Gladys G. DANBRUNT at Cheverly, Maryland	Report	Cuba	UNCLASSIFIED	1961-05-23	CIA		CIA	Report detailing the establishment of a live address for Gladys G. DANBRUNT at 5611 Jason Street, Cheverly, Maryland. The householder and family members were briefed to accept communications for Mrs. DANBRUNT and to handle inquiries in a specific manner. The report also mentions a Western Union telegram sent to Eustace DANBRUNT in Cuba and efforts to notify the local Post Offices.
104-10110-10568	Hargrave Secret Service Cover Potential	Memo	Liaison	SECRET	1963-12-23	Contact Division, Support Branch	Chief, Contact Division, Support Branch	Chief, Chicago Field Office	This memo discusses the potential of Hargrave Secret Service as a cover. It includes information from Chicago Field Office files, local FBI contacts, and Richard Cain of the Cook County Sheriff's Office. The memo suggests Cover may want to reconsider using Hargrave due to concerns about discretion and business practices.
104-10111-10044	OPERATIONS FAMILIARIZATION COURSE #24 SEMINAR ROOM ROSTER	Seminar Room Roster	Personnel	SECRET	1964-09-09		COS/150	ODTR	Roster of participants in Operations Familiarization Course #24, listing names and badge numbers for Seminar Rooms D and F.
104-10111-10045	Operations Familiarization Course #24 Roster	Roster	Personnel	SECRET	2025		Unknown	Staff	This document is a roster for Operations Familiarization Course #24, listing student names, grades, ages, components, and experience.
104-10111-10079	Mrs. Christ Information Briefing	Memo	Cuba	Background Use Only	1961-08-14	CIA	N/A	N/A	This memo details information shared with Mrs. Christ regarding her husband's arrest in Cuba, his role in audio surveillance, and efforts for his release. It outlines what she knows about the situation, including her husband's clandestine work, the involvement of other individuals, and the risks associated with disclosing information to the Cuban government. It also specifies what information should not be discussed with her.
104-10111-10086	NOTIFICATION OF ESTABLISHMENT OF MILITARY COVER BACKSTOP	Memo	Administrative	SECRET	1964-01-09	Records and Services Division	Chief, Operating Component: ORD, DD/SET	Chief, Records and Services Division	Notification of establishment of military cover backstop for David P. Christ, effective EOD (End of Day). Includes instructions for updating records and W-2 forms.
104-10111-10094	Personnel File Excerpt	Report	Personnel	SECRET	1961	CIA		Security	This document discusses an individual's employment history with the CIA, including assignments in Panama, Washington D.C., Havana, and Guatemala. It also mentions security concerns related to alleged affairs in Cuba and a relationship with an individual wanted by the FBI.
104-10111-10104	Personnel List 2025 RELEASE UNDER THE PRESIDENT JOHN F. KENNEDY ASSASSINATION RECORDS ACT OF 1992	List	Personnel	Unclassified	2025	CIA	N/A	N/A	This document appears to be a list of names and dates, possibly related to personnel records.
104-10112-10148	Reassignment of Lucien Conein to Caracas, Venezuela	Memorandum	Personnel	SECRET	1965-03-04	CIA	Desmond FitzGerald, Chief, Western Hemisphere Division	Chief, Personnel Security Division	Request for clearance for Lucien Conein's reassignment to Caracas, Venezuela under AID cover.
104-10112-10186	NOTIFICATION OF ESTABLISHMENT OF MILITARY COVER BACKSTOP	Notification	Personnel	SECRET	1963-10-02	Records and Services Division	CHIEF, MILITARY COVER	CHIEF, RECORDS AND SERVICES DIVISION	Notification of the establishment of a military cover backstop for Hose L. BOTEL, ID CARD NO. 3676, effective October 2, 1963. The document outlines procedures for maintaining and updating the cover, including submitting forms for changes and transfers of responsibility. It also provides a cover history.
104-10112-10204	NOTIFICATION OF ESTABLISHMENT OF MILITARY COVER BACKSTOP	Memo	Administrative	SECRET	1963-05-14	Records and Services Division	Unknown	Chief, Records and Services Division	Notification of Establishment of Military Cover Backstop for US. Army Element, Joint Operations Group, effective DOD. Instructions include submitting forms for changes, ascertaining Army W-2 issuance, and transferring cover responsibility.
104-10112-10450	CROZIER, R. L.	Memorandum	Security	SECRET	1959-12-24	Office of Security	A/Chief, SB/2	Chief, IB/3	Memorandum regarding the Office of Security's decision not to grant a request for R. L. Crozier's utilization in a staff capacity due to security and cover considerations related to his assignment in Mexico as a Career Agent.
104-10113-10030	Lucien E. Conein Travel and Personnel Records	Transmittal Slip, Overseas Processing Sheet, Travel Order, Request for Personnel Action	Administrative	SECRET	1954-05-25	CIA	Vince	Mr Swendiman	This document contains a transmittal slip, overseas processing sheets, travel orders, and a request for personnel action related to Lucien E. Conein. The documents detail his travel plans to Saigon, Athens, and Frankfurt, security clearances, and reassignment within the agency.
104-10113-10181	Request for Personal History Statements for Security Checks	Memo	Security	UNCLASSIFIED	1947-08-05		Chief, Security Branch, OS		This memo from the Chief of the Security Branch requests Personal History Statements for QUINE, HESY and BIMIOTY for security checks.
104-10113-10249	Submittal of (Blasemura) Ordinary Passport in Alias for Use by AEAL-1 - AB Case No. 6937	Memorandum	Operations	UNCLASSIFIED	1963-04-12	AD/AB	Patrick J. Pales, DD/23	Unknown	This memorandum discusses the transmittal of an alias passport for AEAL-1 (AB Case No. 6937) and provides instructions for its use, visa application, and validation, including coordination with various offices and individuals.
104-10114-10042	Operational Clearance for Agent in Costa Rica	Memorandum	Security	SECRET	1954-10-15	Special Security Division	Chief, Special Security Division	Chief, Special Security Division	Memorandum from the Chief of Special Security Division regarding an Operational Clearance for an agent in Costa Rica, referencing a request from July 21, 1954. Includes attached information and requests notification of the decision. Notes that no field investigation was conducted due to the subject residing outside the US since at least 1945.
104-10114-10152	Report on Court Wood's activities and plans to travel to Cuba	Memo	Cuba	UNCLASSIFIED	1961-03-18	WH/4/Security	Trial Stratton	Mr. Jack Kennedy	Trial Stratton reports on conversations with Court Wood, who is planning to travel to Cuba and is involved with the '26th of July Movement.' Wood is described as an extreme leftist with communist sympathies.
104-10114-10160	Report on Court Wood's Pro-Castro Activities	Memo	Cuba	UNCLASSIFIED	1961-05-08	WH/L/Security	Michael Stratton	Mr. Jack Kennedy	Michael Stratton writes to Mr. Jack Kennedy regarding Court Wood's involvement in the Fair Play for Cuba Committee and seeks guidance on his relationship with Court and his father.
104-10114-10161	FAIR PLAY FOR CUBA COMMITTEE	Memo	Cuba	UNCLASSIFIED	1961-02-01	WH/4/Registry	Michael Stratton	C/EAB/OS	Michael Stratton reports on his contact with Court Wood, a student with pro-Castro sentiments who visited Cuba under the sponsorship of the FAIR PLAY FOR CUBA COMMITTEE. Stratton was advised to continue the relationship and keep the office informed.
104-10114-10162	COURT FOSTER WOOD INTERNAL SECURITY - CUBA	Memorandum and Report	Security	SECRET	1961-10-07	Central Intelligence Agency	R. L. Bannerman, Acting Director of Security	Federal Bureau of Investigation	This document discusses Court Foster Wood and his association with Michael Weimer Stratton. It details Stratton's knowledge of Wood's activities, including his interest in Cuba and association with individuals considered 'beatnik types.' The memo requests the FBI to provide any additional information concerning Court Foster Wood and his association with Michael Weimer Stratton.
104-10114-10163	Approvals Memo di 7/6/61 concerning Michael Stratton	Memo	Cuba	UNCLASSIFIED	1961-07-06			CPI/FPCC	Memos concerning Michael Stratton and the Fair Play for Cuba Committee. Information is derived from photographs and ABL. Duplicated information in memos of 3/8/61, 3/18/61, and 10/17/61.
104-10115-10074	BATISTA, Laureano	Memorandum	Cuba	SECRET	1967-12-13	CIA	Secretary for Military Affairs, Executive Committee, Movimiento Democrats Cristiano	Major General Bela K. KIRALY	This memo discusses Laureano Batista's alleged connection to Rudolph Richard Davis, including providing men for a lumber business and his prior CIA operational approval as a PP agent in Havana, Cuba. It also mentions Batista's role in the Movimiento Democratica Cristiano (MDC) and their offer to assist the Hungarian Freedom Fighters Federation.
104-10116-10261	December 1967 RAMPARTS Article Entitled "The CIA's Brown and Root Dimensions!"	Memorandum	Security	SECRET	1967-12-20	CIA	Unknown	Chief, LEOR/SRE	This memorandum discusses various individuals and organizations with connections to the CIA, including Brown and Root, the Brown Foundation, the Vernon Fund, American Friends of the Middle East, the San Jacinto Fund, the M. D. Anderson Foundation, and the Marshall Foundation. It also details security clearances and approvals for individuals associated with these entities, as well as concerns about potential exposure of Agency operations.
104-10117-10075	Supplemental Personal History Statement for Daniel Flores	Supplemental Personal History Statement	Personnel	UNCLASSIFIED	1967-03-29	Headquarters	Daniel Flores	Headquarters	This document is a Supplemental Personal History Statement for Daniel Flores, providing details about his personal history, family, residences, and personal declarations.
104-10117-10076	PERSONAL HISTORY STATEMENT - (Appendix I)	Personal History Statement	Personnel	UNCLASSIFIED	1961-09-06		OPSERTOB		This document is a Personal History Statement, containing information about Daniel Flores's personal and professional background. It includes details about his education, language abilities, geographic knowledge, employment history, and military service.
104-10117-10203	December 1967 RAMPARTS Article Entitled "The CIA's Brown and Root Dimensions!"	Memorandum	Security	SECRET	1967-12-20	CIA	Sarah K. Hall	Chief, LEOD/SRE	This memorandum discusses the CIA's relationship with various organizations and individuals, including Brown and Root, Inc., the Brown Foundation, the Vernon Fund, and others, in light of a December 1967 RAMPARTS article entitled 'The CIA's Brown and Root Dimensions!' It details covert security approvals, funding mechanisms, and concerns about exposure of Agency operations.
104-10117-10296	Gregory, Peter Paul	Memo	Administrative	Unclear	1965-09-16	FBI	Headquarters	Special Agent in Charge, DFO	This document pertains to an investigation of Gregory, Peter Paul. It outlines instructions for conducting NAC's (National Agency Checks) and field investigations, and includes information on distribution and attachments such as bio data and control cards.
104-10119-10040	Herbert Itkin/Mario Brod et. al.	Memorandum	Security	SECRET	1968-11-22	CIA	Ward K. Greene, SA/EPD	Director of Security	This memorandum discusses Herbert Itkin and Mario Brod, focusing on Itkin's alleged contacts with the CIA and Allen Dulles. It outlines an investigation into Itkin's claims of providing information to the CIA, his contacts with Philip Harbin, and a possible meeting with Allen Dulles. The memo also includes information on Itkin's past associations and his connections to a lawyer with contacts at the United Nations.
104-10119-10183	Notes and References on Operations and Personnel	Memo	Administrative	Background Use Only	1967-04-00	CIA	Unknown	CIA	This document contains notes and references to various individuals, operations, and locations. It includes mentions of personnel like JAMES NOEL, TRAGY BARNES, Jake (Esterline), FRANK HUNT, DROLLER (aka, Binder), KNIGHT (HOBBING), Ernest SPARKS, and Earl Williamson. It also references operations involving Fechargers, propaganda efforts, and potential assassination plots. Locations mentioned include Coral Gables. The document spans multiple pages and includes file numbers.
104-10119-10220	LOPEZ, Henry P. (201-253203)	Memorandum	Personnel	SECRET	1968-06-27	CI/OA	Richard F. Long	C/CI/OA	This memorandum provides information on Henry P. Lopez (201-253203) in response to a previous request. It details his activities in Mexico City as an asset of Station Mexico City, his subsequent relocation to New York City, and his employment as a legal consultant to WUSALINE, a WOPLAY proprietary company.
104-10119-10225	REQUEST FOR INVESTIGATION AND/OR NAME CHECK	Memo	Security	SECRET	1965-01-29	CI/Operational Approval and Support Division	Chief, CI/Operational Approval LICONIC	Deputy Director Security, IOS PROJECT	Request for investigation and name check related to 201-22203, including OS Indices and FBI checks. Results from various agencies are documented, with some positive results from 260-W reports.
104-10119-10247	Memic 16 Dec 1968 regarding informations furnished by Isonge Winters #55769 RETURN TO CIA Background Use Only	Memo	Personnel	UNCLASSIFIED	1968-12-16	CIA	Unknown	CIA	This memo discusses information furnished by Isonge Winters regarding Aline Mosby, Priscilla Johnson, and unauthorized disclosures of classified information. It also details the subject's itinerary on his return trip to the United States.
104-10119-10338	Security Concurrence for John F. Rittenhouse Assignment to Mexico City	Memorandum	Security	SECRET	1950-12-07	CIA	Chief, Overseas Branch, Employees Division, SSS	Chief, Special Security Branch	Security concurrence for converting John F. Rittenhouse's status from OPC Staff Employee to UPC Staff Agent for assignment to Mexico City as a GS-13 Intelligence Officer.
104-10119-10339	John F. Rittenhouse (Pseudo - OPC) #23500	Memorandum	Personnel	SECRET	1950-11-28	Overseas Branch	Chief, Overseas Branch	Chief, Special Security Branch	Request for concurrence in the conversion of John F. Rittenhouse's status from OPC Staff Employee to OPC Staff Agent, to be assigned to Mexico City as a GS-13 Intelligence Officer under Department of State Deep Cover.
104-10120-10271	REQUEST FOR DOMESTIC COVER LIST ENTRY OR CHANGE	Request Form	Security	SECRET	1960-09-21		SSD/OS	DCB/CCG	Request to include or change information on the Domestic Cover List for Calvin W. Hicks, to provide Subject with an organizational affiliation other than CIA.
104-10120-10273	HITCH, Cal William (A)	Memorandum	Security	UNCLASSIFIED	1961-05-18	Office of Security	Deputy Director of Security	Chief, WE Division	Memorandum from the Deputy Director of Security confirming security approval for the issuance of documentation in the alias "HITCH, Cal William (A)" for an operational assignment in Florida.
104-10120-10274	REQUEST FOR PERSONNEL ACTION (43133)	Form	Personnel	UNCLASSIFIED	2025-01-01	US Government	Unknown	Personnel Department	Request for Personnel Action form, possibly related to personnel assignments and details.
104-10120-10275	Establishment of Official Cover Backstop for Calvin W. HICKS	Memorandum	Administrative	SECRET	1960-09-29		Joseph M. Adams, Chief, Official Cover & Liaison, CCD Branch, CCG	Chief, NE	This memo details the establishment of official cover backstopping for Calvin W. Hicks, utilizing the U.S. Army Staff Group. It outlines procedures for notification when the cover is no longer needed, coordination for changes in Hicks' status, and handling of his Unit ID card.
104-10120-10276	Request for Official Documentation	Memorandum	Security	Unclassified	1963-05-08	Office of Security/OSD	Vincent J. Heyman, Chief, SAS/Support	Chief, Technical Services Division	Request for official documentation (U.S. Army Investigator Credential and Civilian Identification Card) for SAS employee under alias Balmes N. HIDALGO, Jr. (Bernard Forman HILLARY) for use in the Southeastern U.S. and possibly Latin America.
104-10120-10290	NOTIFICATION OF ESTABLISHMENT OF MILITARY COVER BACKSTOP	Notification	Administrative	SECRET	1964-04-05		James A. Franklin, CHIEF, MILITARY COVER, CCO	CHIEF, RECORDS AND SERVICES DIVISION	Notification of establishment of military cover backstop for Palmes N. Jr., Chief, Operating Component, SAS. Request for Cover, 9 April 1964. Army Element, (Joint Operations Group) NA. Temporarily for ____ days, effective or Continuing, effective EOD. SUBMIT FORM 642 TO CHANGE LIMITATION CATEGORY TO 3. ASCERTAIN THAT ARMY W-2 BEING ISSUED. SUBMIT FORM 1322 FOR ANY CHANGE AFFECTING THIS COVER. SUBMIT FORM 1323 FOR TRANSFERRING COVER RESPONSIBILITY.
104-10120-10297	HILLARY, Bernard N. #65.077	Memorandum	Security	SECRET	1962-08-15		Jeremiah J. Mullane Jr., Chief, WH Security	Chief, TSD	Memorandum regarding alias documentation for Bernard N. Hillary, requesting new documentation with a Virginia address.
104-10120-10301	Hidalgo, Balines N. Jr.	Memorandum	Security	UNCLASSIFIED	1960-12-02		C'Shen 03	De/PSD	Memorandum regarding security approval and certification for Balines N. Hidalgo Jr. for a TOY (Temporary Duty) assignment to San Salvador.
104-10120-10319	John F. RITTENHOUSE (Pseudo - OPC)	Memorandum	Security	UNCLASSIFIED	1950-12-14		Chief, Overseas Branch	Chief, Special Security Branch	Cancellation of security clearance for John F. Rittenhouse, who is being integrated into the Department of the Army as a semi-covert employee.
104-10120-10373	COVER, NONOFFICIAL - GENERAL (Proposal for A&E Assessment of Potential REDSKIN Agent Candidates)	Memorandum	Personnel	Unclassified	1961-02-28	SB/2 Desk	Chief, SB/2 Desk	SSD #95018	This memorandum discusses the plan to use EMPLOYMENT SERVICE COMPANY in Pittsburgh for initial A&E assessment of REDSKIN agent candidates, as well as the logistics of training and assessing these agents outside of Washington, D.C.
104-10120-10378	COVER, NONOFFICIAL - GENERAL (Proposal for A&E Assessment of Potential REDSKIN Agent Candidates)	Memorandum	Personnel	UNCLASSIFIED	1961-02-20	CIA	Chief, SB/2 Desk		This memorandum discusses a proposal for A&E assessment of potential REDSKIN Agent candidates using nonofficial cover and the establishment of notional cover for the program. It also details credit checks conducted on staff A&E members.
104-10120-10381	Personnel List for AEROOT and CAMBARO Projects	List	John F. Kennedy Assassination Records Act of 1992	SECRET	1962-07-26		SEUALIT		This document lists personnel associated with the AEROOT and CAMBARO projects, including their names and functions.
104-10120-10502	Indices Search Request	Indices Search Request	Administrative	SECRET	1963-01				This document is an indices search request form, likely used to search for information related to specific individuals or topics within a larger collection of documents. It includes fields for names, file numbers, and analysis of search results.
104-10120-10657	CROSS REFERENCE FOR PERS. SD FILES	Cross Reference	Personnel	CONFIDENTIAL	1960-08-02		FE/tubss	CIA	Cross-reference file linking multiple individuals and their associated file numbers, possibly related to an investigation.
104-10121-10021	Removals of CIA Building Passes	Memorandum	Security	Unclassified	1958-12-16		Deputy/CDC	Chief, Physical Security	Memorandum requesting the removal of CIA building passes for members of the Inter-agency Defector Committee, including Army and Air Force personnel. Notes addition of specific buildings to certain passes.
104-10121-10091	Travel Briefing Data	Travel Briefing Data	Security	SECRET	1987-06-28	Security	Security Officer	Subject File	This document contains travel briefing data for an individual with file number 70418, rank GS-15, and TCS status. The briefing covers various aspects such as previous travel, security regulations, travel precautions, personal affairs, personal conduct, association with foreigners, hostile audio surveillance, cover problems, and responsibility abroad. The briefing was conducted on 6/28/87 by a security officer.
104-10121-10174	RYBAT FJDUST - CJ MIL/1 - Damage Report	Dispatch	Security	SECRET	1965-02-22	CIA	Chief, WOBONE 13-7	Chief, Far East Division; Chief, WOBONE 13-7; Chief of Station, Vientiane	This dispatch discusses Barry CYFRAIL/1 (201-845063), who is currently residing in Pottstown, Pennsylvania. It also mentions that CYFRAIL/1 was introduced to several WOFIRM personnel and individuals who worked upcountry in Laos. Additionally, the dispatch notes that FRONL/1 was observed visiting IDEN A, and the organization's Vientiane office is under investigation.
104-10121-10191	ACCOMMODATION ADDRESSES	Memorandum	Security	SECRET	1961-11-17	CIA	Deputy Director of Security (Investigations and Support)	Chief, WH Division	This memo confirms the cancellation of accommodation addresses for several individuals, including Andrew L. Jackoldow, David S. Morales, and others.
104-10121-10239	Personnel Information for Sara Sioux (Barnes) Gray and Related Individuals	Memo	Personnel	SECRET	1962-09		SKII:lls/SOCHET	CIA	Personnel records and employment details for Sara Sioux (Barnes) Gray and related individuals, including spouses, sons, and supervisors. Mentions dates of entry on duty (EOD) and security flags.
104-10121-10263	KOPLES, David S.	Memorandum	Personnel	SECRET	1960-10-24	WH/4/SO	Joseph F. Langan, Chief, WH/4/So	Office of Security, Support Branch	Memorandum from Joseph F. Langan to the Office of Security regarding backstopped residence addresses for David S. Koples in Washington, D.C. and Los Angeles areas.
104-10121-10304	Interview Processing Sheet for David S. Morales	Interview Processing Sheet	Security	Background Use Only	1955-11-28	CIA	R. Benne	VYH	Interview processing sheet for David S. Morales (#39418) prior to overseas travel to Moscow, covering security regulations, travel precautions, cover story, personal affairs, correspondence, and conduct. Includes polygraph and CLC dates and remarks on briefings and debriefings.
104-10121-10366	REQUEST FOR APPROVAL OR INVESTIGATIVE ACTION RE: Robert A. Maheu	Request for Approval or Investigative Action	Security	SECRET	1959-10-07	CIA	NE/2/Jordan	CI/Operational Approval and Support Division, Security Support Division/Office of Security	Request for covert security approval for Robert A. Maheu, who may be employed by the King of Jordan for public relations in the U.S.
104-10122-10135	List of Names	List	John F. Kennedy Assassination Records Act of 1992	SECRET	1963-06-04				List of names with corresponding numbers under the President John F. Kennedy Assassination Records Act of 1992.
104-10122-10147	Return of Alien Affairs Staff	Memo	Administrative	SECRET	1964-11-24	OS/AAS	W. M. Knott	None	This memo details the planned return of several individuals (AAC-1130 through AAC-1148, excluding AAC-1142 and AAC-1143) to the U.S. around December 5, 1964, via an Agency C-118 aircraft. It outlines coordination with Customs and I&NS regarding the arrival and transfer of the individuals and the cargo on board.
104-10122-10307	MORGAN, Edward P.	Memorandum	Security	UNCLASSIFIED	1967-05-04	FBI	Charles W. Kane	Director of Security	This memorandum from Charles W. Kane to the Director of Security concerns Edward P. Morgan. It details Kane's limited association with Morgan through the Society of Former Agents of the FBI, relays hearsay information about Morgan's career and alleged issues with J. Edgar Hoover, and suggests individuals who might have more knowledge of Morgan.
104-10122-10344	MAHEU, Robert A.	Memo	Security	SECRET	1966-06-07	Office of Security	Office of Security	EYES ONLY	This memo discusses Robert A. Maheu's use by the Office of Security and DD/P on sensitive assignments, as well as his potential connection to Senate Subcommittee investigations into wiretapping activities, specifically related to his involvement in the Onassis/Niarchus feud and possible exposure of Agency involvement.
104-10123-10097	O'CONNELL, James P. #66483	Memorandum	Security	SECRET	1962-06-29	Deputy Director of Security (Investigations and Operational Support)		Chief, Technical Services Division	This memo concerns James P. O'Connell and the return of his alias documentation issued by the Technical Services Division. The documentation is no longer needed and should be destroyed. Appreciation is conveyed for the handling of the matter.
104-10123-10098	OLDS, James Paul (A)	Memorandum	Security	UNCLASSIFIED	1962-04-09		Deputy Director of Security	Chief, Technical Services Division	This memo confirms a request to prepare alias documentation for James Paul Olds, including a California Driver's License, Social Security card, Reserve Officers Association identity card, and an insurance identity card.
104-10123-10160	COVERT SITE Apartment 423 Warwick Apartments 3051 Idaho Avenue, N.W. Washington, D.C.	Memorandum	Security	UNCLASSIFIED	1961-01-19	Cover Support Desk	Robert J. Leonard	Chief, Cover Support Desk	Memorandum regarding security approval for the use of Apartment 423, Warwick Apartments as a covert site to house a contract Agent, EE PC/173 (172341).
104-10123-10219	Key Assignments, Office of Security	Memorandum	Security	UNCLASSIFIED	1965-02-19	Office of Security	Howard J. Osborn, Director of Security	Deputy Director for Support	This memorandum submits proposed key assignments in the Office of Security for your information and approval.
104-10123-10220	Security Indoctrination and Secrecy Agreement BYEMAN Control System, BYECOM Approval	Agreement	Security	SECRET	1963-06-19		Director of Central Intelligence	N/A	This document is a Security Indoctrination and Secrecy Agreement for the BYEMAN Control System, signed by Ernest M. Kropff on June 19, 1963. It outlines the security restrictions, responsibilities, and penalties for violations of the BYEMAN Control System.
104-10123-10223	Mr. O'Connell's Clearance Status and Travel Itinerary	Cable	Administrative	SECRET	1963-04-05	SEAC INFO DIR (SING)	FJDUST	Appropriate Stations	Cable regarding the clearance status of Mr. O'Connell and his travel itinerary.
104-10123-10407	Honor Recommendation for JAMES W. MCCORD, JR.	Memorandum	ADMINISTRATIVE	SECRET	1966-08-04		Executive Secretary/HMAB, Director of Security, Deputy Director of Security, Acting Director of Security, Deputy Director for Support, Head of Career Service, Deputy Director of Operating Component, Deputy Director of Career Service.		Recommendation for an Honor and Merit Award for James W. McCord, Jr. for his work on improving the Agency's Audio-countermeasures Program.
104-10123-10421	McCORD, James W., Jr. Personnel Record	Record	Personnel	UNCLASSIFIED	2025-11-22	CIA	CIA	N/A	Personnel record for James W. McCord, Jr., including his date of birth, family information, assignments, education, hobbies, and permanent address.
104-10124-10037	REPORT OF HONOR AWARDS BOARD	Report	Administrative	UNCLASSIFIED	1959-03-02		Honor Awards Board	Director of Central Intelligence	Report of Honor Awards Board convened pursuant to regulations R 20-635 and AFR 20-635, considering a recommendation for an award.
104-10124-10149	Identi-kit SO 9-527	Memorandum	Security	UNCLASSIFIED	1960-03-21	TSD/Security	Chief, TSD/Security	Security Staff, Office of Logistics	This memorandum discusses the U.S. Intelligence's investment in the Identi-kit project and the potential disclosure of classified information. It also mentions the involvement of Chief Hugh C. MCDONALD, Townsend Corporation, and Courtney OWENS.
104-10128-10300	STRATTON, Michael Weimer	Memo	Liaison	SECRET	1961-02-01		Kammer		This memo discusses the coordination of Michael Weimer Stratton's operational use within the US by WH/4/Propaganda with Mr. McCORD of SRS. It addresses the implications of a CI operation within the US by the Agency and the possibility that Stratton might come to the attention of the FBI through association with Court WOOK. Mr. McCORD suggests not informing the FBI at this time but will review the case in a month.
104-10129-10002	Personal History Statement	Personal History Statement	Personnel	Unclassified	1961-08-31	Unknown	Unknown	Unknown	This is a Personal History Statement for Emilio Americo Rodriguez, dated August 31, 1961. It includes personal data, citizenship information, education history, employment history, military service information, financial status and marital status.
104-10129-10027	Request for PCS Overseas Evaluation - Joseph S. Piccolo	Form	Personnel	SECRET	1968-09-27		Roy W. Forslund, Requesting Official, Chief, Personnel Security Division		Request for Permanent Change of Station (PCS) overseas evaluation for Joseph S. Piccolo, an Ops Off stationed in Managua, Nicaragua, to a new position as Ops Off at a proposed station with military cover. Subject is returning short of tour for assignment JMCOBRA.
104-10129-10033	Request for Personnel Action - Joseph S. Cecolo	Personnel Transfer Request	Personnel	SECRET	1967-12-20	DDP/WH/1	John F. Conroy	Overseas Candidate Review Panel	Request for lateral transfer of Joseph S. Cecolo to Mexico City and then Managua, Nicaragua as an Operations Officer.
104-10129-10034	RELEASE UNDER THE PRESIDENT JOHN F. KENNEDY ASSASSINATION RECORDS ACT OF 1992	Memo	Administrative	SECRET	2025-01-11	DDS/IOS	ADDS/IOS	OSD	This document appears to be a memo concerning the release of information under the President John F. Kennedy Assassination Records Act of 1992, with instructions for handling and distribution within the CIA. It includes references to photographs and various departments/offices.
104-10129-10264	201-274330	Memorandum	Security	Unspecified	1965-01-15	Office of Security	Victor R. White, Deputy Director of Security (IOS)	Chief, CI/OA	This memorandum discusses a security investigation related to Subject 201-274330 for use as a PA-PROP Asset in Miami under Project JMATE. The case is closed pending further notification.
104-10129-10438	TRAVEL BRIEFING DATA	Form	Administrative	SECRET	1987-09-15	DDP/WH	SECURITY OFFICER	N/A	Travel briefing data for Joseph Piccolo Jr. departing on 9/15/87 to Mexico City, Mexico. Includes details on cover, previous travel, security approvals, emergency contacts, security regulations, travel precautions, and personal affairs.
104-10129-10439	REASSIGNMENT PROCESSING	Form	Administrative	CONFIDENTIAL	1965-08	Unknown	Unknown	Unknown	Reassignment processing form for Joseph Piccolo Jr. regarding his assignment to Mexico City, Mexico.
104-10130-10215	TARASOFF, Anna	Memorandum	Security	SECRET	1960-10-13	Office of Security	Mr. Robert J. Leonard	Chief, Cover Support Desk	A meeting was held regarding Anna Tarasoff's father's potential visit to the Russian Embassy to obtain a visa. It was decided not to brief him in advance and to provide an army cover for Anna Tarasoff.
104-10130-10305	REINVESTIGATION ACTION	Form	Administrative	CONFIDENTIAL	1966-09-09		C/TRS, CLEARANCE BRANCH	Chief, Transaction Review Section, Clearance Branch	This is a Reinvestigation Action form for TARASOFF BORIS DIMITRI, file number 104 887, dated 9 Sept 1966. The file has been reviewed in connection with the reinvestigation program and no action has been taken because of investigation within last five years. The case has been pended to 1 Sept 1968 and is to be forwarded to the Chief, Transaction Review Section, Clearance Branch, upon subject's return from overseas or any change in current status.
104-10130-10339	Memorandum for the File	Memorandum	Soviet	CONFIDENTIAL	1962-02-13		R. C. Svendiman		Memorandum regarding Boris Tarasoff being selected as an interpreter for a Soviet Delegation under State Department cover. No security objection was interposed.
104-10130-10343	Travel Order for Boris D. Tarasoff	Travel Order	Administrative	SECRET	1960-07-05	CIA	J. C. King	Boris D. Tarasoff	Travel order for Boris D. Tarasoff to travel from Washington, D.C. to Mexico City for TOY replacement duties.
104-10130-10344	TRAVEL BRIEFING	Travel Briefing	Personnel	SECRET	1960-08-13	CIA	Thomas L. Claft	Boris D. Tarasoff	This document is a travel briefing for Boris D. Tarasoff, an employee of the FDD/00 office, for a trip to Mexico City in August 1960. The briefing covers topics such as security regulations, travel precautions, personal conduct, and cover.
104-10130-10356	Serasoft, Bares Dimitri # 104027	Memo	Personnel	UNCLASSIFIED	2025-01-01		Unknown	Topside	Memo regarding Jarima WE, Dr. and his processing. Advised that a review of the subject's file indicated no reason why subject should not be processed. But because of the subject's background, the final decision would be made Topside.
104-10130-10381	Mr. Boris D. TARASOFF, PCS Security Clearance	Memorandum	Security	SECRET	1963-05-28	CIA	W. S. RENEHAN, WH/Pers	The Record	Memorandum regarding Mr. Boris D. TARASOFF's PCS security clearance for Mexico City, noting that he and his family are known to be CIA and known by USSR representatives.
104-10130-10472	The Wackenhut Corporation	Memorandum	Security	SECRET	1963-03-26	Central Cover Staff, Nonofficial Cover Branch	Chief, Central Cover Staff, Nonofficial Cover Branch	Office of Security (Attn: Mr. Bannerman)	This memorandum discusses The Wackenhut Corporation and its potential for cover support. It details a meeting between a CIA representative and George Wackenhut, President of the company, along with Wes Reynolds. The memorandum outlines Wackenhut's services, international expansion plans, and potential applications to Agency problems.
104-10130-10485	Request for Cover Considerations - Guy Vitale Retirement Medallion	Speed Letter	Personnel	UNCLASSIFIED	1969-02-26		Christos S. Gikas, Acting Chief, Employee Activity Branch	Chief, Central Cover Staff	This speed letter requests a check of records for cover considerations regarding the release of a retirement medallion to Guy Vitale of DDP/WH. The reply indicates no cover objections.
104-10131-10010	INFORMATION FOR THE SECURITY FILE / Foreign Intelligence Officers (in Liaison with CIA in the United States)	Memorandum	Security	SECRET	1965-07-01	Interrogation Research Division	Chief, Interrogation Research Division	Chief, Personnel Security Division	This document contains information for the security file of Harold Francis Swenson and details foreign intelligence officers in liaison with the CIA in the United States.
104-10131-10014	REQUEST FOR PERSONNEL ACTION	Personnel Action Request	Personnel	SECRET	1962-10-29	DDP	LOUIS W. ARMSTRONG, C/TFM/Pers.	Office of Personnel	Personnel action request for Harold F. Swenson, reassigning him from Buenos Aires to an unspecified location, effective date to be determined.
104-10131-10016	SWENSON, Harold F. #73086	Memorandum	Security	UNCLASSIFIED	1962-11-06		Deputy Director of Security (Investigations and Operational Support) and Chief, TFW/Support (HOWARD J. PRESTON) and Authentication Branch) /SD/2, Mr. Kuhnke;FOR THE DIRECTOR OF SECURITY: DDS/IOS ADDS/IOS ASST/IOS C/ID C/OSD cc: TFW/Security CISED KUHNKE/efb Victor R. White HOWARD J. PRESTON, Chief, TFW/Support, Authentication Branch) /SD/2, Mr. Kuhnke Authentication Branch) /SD/2, Mr. Kuhnke FOR THE DIRECTOR OF SECURITY: DDS/IOS ADDS/IOS ASST/IOS C/ID C/OSD cc: TFW/Security CISED KUHNKE/efb Authentication Branch) /SD/2, Mr. Kuhnke Deputy Director of Security (Investigations and Operational Support) and Chief, TFW/Support (HOWARD J. PRESTON); FOR THE DIRECTOR OF SECURITY: DDS/IOS ADDS/IOS ASST/IOS C/ID C/OSD cc: TFW/Security CISED KUHNKE/efb; Deputy Director of Security (Investigations and Operational Support); Chief, TFW/Support (HOWARD J. PRESTON) Authentication Branch) /SD/2, Mr. KuhnkeFOR THE DIRECTOR OF SECURITY: DDS/IOS ADDS/IOS ASST/IOS C/ID C/OSD cc: TFW/Security CISED KUHNKE/efb Authentication Branch) /SD/2, Mr. KuhnkeDeputy Director of Security (Investigations and Operational Support); Chief, TFW/Support (HOWARD J. PRESTON); FOR THE DIRECTOR OF SECURITY: DDS/IOS ADDS/IOS ASST/IOS C/ID C/OSD cc: TFW/Security CISED KUHNKE/efb; Authentication Branch) /SD/2, Mr. Kuhnke		This memorandum discusses alias documentation for Harold F. Swenson, including a request for a backstopped driver's license and other supporting documentation. It involves actions to procure a backstopped alias New York State Driver's License and the issuance of requested documentation to TTW/Support.
104-10131-10028	NOTIFICATION OF CANCELLATION SUBJECT OF MILITARY COVER BACKSTOP	Memo	Personnel	SECRET	1975-07-20	CHIEF OPERATING COMPONENT	CHIEF OPERATING COMPONENT	CHIEF PERSONNEL OPERATIONS DIVISION	Notification of Cancellation of Military Cover Backstop
104-10131-10099	MICHIRICH, Alfonso Rudolph CA/ID/3	Memorandum	Mexico	UNCLASSIFIED	1962-03-29	Headquarters	BYRNEXpe	Special Agent in Charge, Washington Field Office	Memorandum regarding Alfonso Rudolph MICHIRICH, a subject of covert interest, including investigation assignments, known locations, and character references.
104-10131-10111	NOTIFICATION OF ESTABLISHMENT OF MILITARY COVER BACKSTOP	Form	Personnel	SECRET	Unknown	CIA	Unknown	CHIEF, PERSONNEL OPERATIONS DIVISION; CHIEF, OPERATING COMPONENT	This document pertains to the establishment of a military cover backstop for an individual. It includes instructions for blocking records, ensuring Army W-2 issuance, submitting forms for changes affecting the cover, and transferring cover responsibility.
104-10132-10092	THE LEE HARVEY OSWALD CASE #351164	Memo	Oswald	SECRET	1964-01-29	BLS	M. D. Stevens	Files (BLS)	This memo discusses the involvement of Abram Chayes and Samuel Wise in Lee Harvey Oswald's return to the United States from the Soviet Union. It also details security clearances, investigations, and associations of both individuals.
104-10133-10437	THE LEE HARVEY OSWALD CASE #351164	Memorandum	Oswald	SECRET	1964-01-29	FBI	M. D. Stevens	Files	This memo discusses Abram Chayes and Samuel Wise's involvement in Lee Harvey Oswald's return to the United States from the Soviet Union. It also details their backgrounds and connections to other individuals and organizations.
104-10143-10088	The 201 System	Manual	Operations	SECRET	1974-11-15	DDO	DDO/RMO	DDO components	This document outlines the 201 system, which is a method for identifying individuals of interest to the Operations Directorate, controlling and filing pertinent information about them, and producing lists of 201 personalities according to various categories.
104-10147-10304	US House of Representatives Select Committee on Assassinations Investigation	Cable	Operations	SECRET	1977-11-14	CIA	DIRECTOR	LISBON, LONDON, MEXICO CITY	The US House of Representatives Select Committee on Assassinations is investigating the circumstances surrounding the assassinations of President Kennedy and Dr. Martin Luther King. They intend to pursue leads in Portugal, UK, and Mexico relating to James Earl Ray. The committee wants to establish a cordial relationship with Portuguese National Police and hopes to enlist their assistance.
104-10160-10207	Recontact of Oliverio A. TOMEU Vasallo	Contact Report	Cuba	SECRET	1964-06-15	Unspecified	C. Paul Plumb, Jr.	Unspecified	Report on the recontact of Oliverio Antonio TOMEU Vasallo, who provided additional details on Carlos and Ana Gloria de VARONA and identified Osiel GONZALEZ and "COCO" as possible leads to Jose LLANUSA Sobel.
104-10161-10001	NOTIFICATION OF ESTABLISHMENT OF MILITARY COVER BACKSTOP	Form	Administrative	SECRET	109709	Records and Services Division		Chief, Records and Services Division; Chief, Operating Component	Notification of establishment of military cover backstop for an individual, including instructions for handling records and changes to cover.
104-10161-10115	NOTIFICATION OF CANCELLATION OF MILITARY COVER BACKSTOP	Memo	Personnel	SECRET	1963-06-11		CHIEF, MILITARY COVER, CCS	CHIEF, PERSONNEL OPERATIONS DIVISION; CHIEF, OPERATING COMPONENT	Notification of cancellation of military cover backstop for Joseph S. PICCOLO, effective 11 June 1963. Directs the return of all military documentation and submission of Form 642 to change limitation category.
104-10161-10144	PICCOLO, Joseph S. GS-7, WH - Cover Debriefing	Memorandum	Personnel	SECRET	1961-09-28	CIA	Chief, Military Cover Branch, CCG	Chief, Records and Services Division, Office of Personnel	Memorandum regarding the cover debriefing of Joseph S. Piccolo, who resigned from the Agency on 4 October 1961. Details his employment history, cover assignments in Mexico and Headquarters, and instructions for disclosing his employment. Includes his forwarding address and new employment information.
104-10161-10154	NOTIFICATION OF ESTABLISHMENT OF OFFICIAL COVER BACKSTOP	Memo	Administrative	SECRET	1961-08-15		C. T. Dollar, Chief, Military Cover, CCG	Mr. Herbert V. Juml	Notification of Establishment of Official Cover Backstop for Joseph E. Piccolo, utilized in U.S. Army Records Analysis. Requests notification when the cover arrangement is no longer required and ensures the subject employee receives an Army W-2 Form for tax purposes.
104-10161-10193	TRAVEL PROCESSING SHEET for Teddik Piccilly	Travel Processing Sheet	Security	SECRET	1959-12-06	H.H.	Security Officer	N/A	This is a travel processing sheet for Teddik Piccilly, detailing security checks, polygraph results, and briefings prior to departure to Mexico City in 1959. It covers knowledge of security regulations, travel precautions, cover story, dependents briefing, personal affairs, correspondence, conduct, and audio-surveillance matters.
104-10161-10226	Vladimir RODRIGUEZ Lahera	Memorandum	Cuba	SECRET	1964-08-17	Western Hemisphere Division	Desmond FitzGerald, Chief, Western Hemisphere Division	Chief, OSD/OS	Memorandum regarding Vladimir RODRIGUEZ Lahera, a WHD asset residing in Silver Spring, MD. Requests investigation into a phone call made by the subject to a number in New York.
104-10161-10321	Washington Contact Information	List	Administrative	UNCLASSIFIED	1963-11-22	CIA	Unknown	Various	This document appears to be a list of names, phone numbers, and office locations for individuals in the Washington D.C. area, possibly related to government or intelligence work. It includes contact information for people with various roles, such as those in the Lean Office, and mentions locations like Jorge Washington Park Way and Roslyn, VA.
104-10161-10330	Peter J. DICERVINO	Memorandum	Security	SECRET	1967-06-15	Deputy Director of Security	Victor R. White, Deputy Director of Security	Chief, Central Cover Staff	Memorandum regarding establishment of non-official cover for Peter J. DICERVINO's assignment to Madrid, Spain. Security files contain no record of declaration or compromise to foreign Governments or intelligence/security services.
104-10161-10331	Peter J. DiGervino (p)	Memorandum	Security	SECRET	1967-06-12	CCS/NC	Thomas K. Strange, Chief, CCS/NC	Deputy Director of Security, Investigation and Operational Support	This memo requests information regarding Peter J. DiGervino's security status for a proposed assignment in Madrid, Spain.
104-10162-10014	Operational/REDCAP - Ivan Gavrilevich ALFEROV	Routing and Record Sheet	Administrative	SECRET	1958-10-21	CIA	Chief, Western Hemisphere Division	Chief of Station, Buenos Aires	This document is a routing and record sheet from the Western Hemisphere Division concerning Ivan Gavrilevich ALFEROV, who requested an Argentine visa for temporary duty at the Soviet Embassy. It includes routing information, document numbers, and distribution details.
104-10162-10017	Traces on STOLIAKOV and ALFIRIEV	Cable	Operations	SECRET	1958-09-26	CIA	DIRECTOR	BUENOS AIRES	Cable regarding traces on STOLIAKOV and ALFIRIEV. Concerned BIOGENESIS is traces on STOLYAROV and ALFIROV.
104-10162-10107	Transmittal of Documentation for use of Manuel Artime y Buesa	Memorandum	Cuba	SECRET	1961-01-10	TSD/IB	CHIEF, TSD/IB	Chief, WH/4	This document confirms the transmittal of Cuban documentation for Manuel Artime y Buesa, including passport, exit permit, and vaccination certificate. It details the U.S. non-immigrant visa, its validity, and the plan for Artime's 'black' departure from the U.S., with instructions for returning the documentation to TSD/IB after use.
104-10162-10108	RECEIPT FOR AUTHENTICATION MATERIALS	Receipt	Cuba	SECRET	1961-01-09	TSD/IB	Unknown	TSD/IB	This document is a receipt for authentication materials related to Javier Alvares de la Torre, including his Cuban passport, exit permit, and vaccination certificate. The passport contains a U.S. non-immigrant visa. The recipient acknowledges receiving the materials from TSD/IB.
104-10162-10120	RESPONSE TO GREEN LIST REQUEST NO 108574	Form	Cuba	SECRET	1961-01-30	CIA	WE/L	FI/D	Response to Green List request concerning Santiago Alvarez Fernandez, including aliases, birth date, citizenship, present activity, occupational specialties, military service, past occupations, description, family members, and other significant data.
104-10162-10121	REQUEST FOR APPROVAL OR INVESTIGATIVE ACTION	Form	Security	SECRET	1963-01-30	Security Support Division/Office of Security	Margaret Mosa	CI/Operational Approval and Support Division	Request for approval or investigative action related to Santiago ALVAREZ Fernandes and project PM Trainees in Cuba. Mentions security checks and list statuses.
104-10162-10247	CI Suspect: Irving AMRON	Memorandum	Personnel	SECRET	1964-10-22	CIA	P Lepusta	C/SR/CI/I	This memorandum details an interview with Irving Amron, a potential candidate for a Russian language linguist position. The interview covers Amron's background, including his family history, time spent in the USSR, education, and employment history. The interviewer expresses concerns about Amron's candor and possible connections to the KGB.
104-10163-10019	MEMORANDUM OF CONTACT: Jose Antonio CASAS Rodriguez	Memorandum of Contact	Cuba	SECRET	1963-05-16	CIA	Galen Peary, SAS/CI	C/SAS/CI	This memorandum details a contact with Jose Antonio CASAS Rodriguez regarding his knowledge of the Cuban situation and personalities, potential recruitment of Cuban officials, and operational proposals.
104-10163-10065	Former Contactee and Potential Agents	Memo	Operations	SECRET	1960	CIA	Unknown	Nicaragua desk (Mr. Rental)	This document contains information on several individuals, including Adolfo SAN FELAYO, Ramon UiATEGUI Lezara, Bernard L. Barker, and Manolo VEGA Abril, who have worked with or are of interest to the agency. It details their backgrounds, skills, and potential value to the agency's operations, particularly in Latin America and Cuba.
104-10163-10136	Former Contacte Vivana Itakon	Routing Slip/Memo	Personnel	SECRET	1980-05-12	CENTRAL INTELLIGENCE AGENCY		JAS/ESAC, JAS/Div/Taske, I. Kanzell, AMCLATTER/I	The document discusses several individuals, including Adolfo SAN FELAYO, Ramon USATEGUI Lazara, Herbert L. Barker, and Manolo VEGA Abril, assessing their value as potential agents or contacts for the CIA. It also mentions their backgrounds, skills, and loyalty.
104-10164-10032	Mollie BLOCK; Morris BLOCK	Memo	Security	SECRET	1959-02-10	CIA	ME/2 MARION E. LINDE	Federal Bureau of Investigation	This memo details information received from the Dutch Internal Security Service (BVD) regarding Mollie BLOCK and Morris BLOCK's travel and intentions to settle in Moscow.
104-10164-10050	FBI Documents on MIRR and Cuban Exile Activities	FBI Documents	Cuba	CONFIDENTIAL	1967-1968	FBI	FBI	Various	Documents related to MIRR, Cuban exiles, and Orlando Bosch Avila, including bombing activities and investigations.
104-10164-10085	DOCUMENT TRANSFER AND CROSS REFERENCE - CROWDER, EDWARD/JR.	Cross Reference	Administrative	SECRET	1962-03-23			CIA	Document transfer and cross reference for Edward Crowder Jr., indicating derogatory information held by the Panamanian Dept of National Investigations.
104-10164-10088	CONTACT REPORT	Contact Report	Operations	Unclassified	1963-05-09	CIA	C. FRANK STONE ITI, Chief DO/CORO	Q subject	This contact report details a conversation with WUBRINY/1 regarding various operations including a tire recap plant in Greece, difficulties with WUBRINY/4, pumice operations in Martinique, and an encounter with M. Charles and George de Mohrenschildt who discussed the situation in Haiti.
104-10165-10004	Report on Robin Moore and Blue Hole as a Potential Base of Operations	Report	Operations	UNCLASSIFIED	1964-06-20	CIA	Jack Reed	CIA	Report on Robin Moore and Blue Hole as a potential base of operations for activities related to Cuba, including personnel landing. Discusses Moore's background, site evaluation, and operational considerations. Mentions potential resources and contacts in Jamaica.
104-10165-10077	CHAYES, ABRAM DCS FILE	File	Administrative	CONFIDENTIAL	1978-04	CIA	Ruth Elliff, Acting Chief, USSR-EE Collection Group	DDO/ISS/IP/EIS	This file contains documents related to Abram Chayes, including memoranda, lists of attendees at the Pugwash Conference in Munich, Germany in August 1977, and process sheets for DCD collections.
104-10165-10084	Security Checks and Information on Rogelio Wenceslav Cisneros Diaz	Memorandum	Security	CONFIDENTIAL	1967-12-22	Central Intelligence Agency (CIA)	Chief, MIAMI FIELD OFFICE; Office of Security	Director, Domestic Contact Service	This document contains various memoranda and reports related to security checks and information on Rogelio Wenceslav Cisneros Diaz, including travel history, residences, employment, and affiliations.
104-10165-10169	Immediate SDOM INFO IMMEDIATE DIR SNDRCITE WAVE 5413	Cable	Cuba	SECRET	1962-10-16	CIA	WAVE	DIR	This document discusses the procurement of a DC-3 type aircraft for a group of stranded newsmen, code-named AMCORE-2, in SDOM (Santo Domingo). It outlines the plan to arrange a charter through KUBARK proprietary and potentially involve Mackey Airlines. The document also mentions providing cover stories and financial arrangements for the charter.
104-10166-10068	INTEL/TYPIC - AMCORE 2 Production	Dispatch	Operations	CONFIDENTIAL	1963-08-24	CIA	Chief of Station, JHVAVE	Chief, Special Affairs Staff	Dispatch regarding AMCORE-2 production and deployment sketch of battalion defensive positions obtained from Agent 1995.
104-10166-10079	Letters Received by AMCORE-2	Dispatch	Operations	SECRET	1963-02-21	CIA	Chief, Special Affairs Staff	Chief of Station, JIGAVE	This dispatch from February 21, 1963, discusses the potential for establishing contact with AMCORE-2's source to enhance the usefulness of diverted items and possibly eliminate AMCORE-2's role. It requests JIGAVE to identify AMCORE-2's source and explore contact methods.
104-10166-10158	Thomas E. Davis Security and Operational Status	Memorandum	Security	SECRET	1951-12-21	CIA	Chief, CI/Operational Approval and Support Division	Chief, CI/Operational Approval and Support Division	These documents relate to the operational status and biographical data of Thomas E. Davis, including security checks, employment history, neighborhood investigation, and requests for operational clearance. The documents indicate interest in Davis for mapping work and operational use, with checks conducted by various agencies, including the FBI. Also included are biographical notes of James S. Ovens, the Director, Ohio State University Research Foundation, for operational clearance.
104-10166-10262	SAUREL, Jean K.	Memo	Liaison	SECRET	1965-02-02	Central Intelligence Agency	Deputy Director for Plans	Director, Federal Bureau of Investigation	This memo discusses Jean K. Saurel and his alleged connections to the Ton Ton Macoutes and President Duvalier, as well as his acquaintance with George and Jeane De Mohrenschildt. It also requests that the information not be disseminated further without prior approval from the CIA.
104-10167-10083	Conversations with REICHHARDT, 8, 9, 16, 17 September 1959	Memorandum	Cuba	SECRET	1959-09-22	DIA	T. J. Flores	RECORD	Memorandum detailing conversations with REICHHARDT concerning various intelligence matters related to Cuba, including immigration status, potential double agents, and Cuban Air Force activities.
104-10167-10127	Report of Contact with DCHAR on 13 August 1957	Dispatch	Cuba	SECRET	1957-08-15	CIA	KU (KARINZY)	Tier, Diven	Report of Contact with DCHAR on 13 August 1957, discussing fund-raising efforts, potential contacts with Julio Lobo, establishment of a propaganda program, and information on Soviet presence and Communist activities within the Cuban armed forces.
104-10167-10190	Operational Report for November and December 1963 for Identity	Dispatch	Operations	SECRET	1964-01-21	CIA	BANH JHPALM/Operational	Chief, Western Haishore Division; Chief, Special Affairs Staff; Chief of Station, JMAVE AKR	This dispatch discusses the operational developments of Identity, a JHPALM asset, including training sessions, contacts, and intelligence reports provided. It also covers future plans for Identity and mentions several individuals and locations.
104-10167-10297	Operational Delivery of Material to Subjects	Dispatch	Cuba	SECRET	1959-06-16	COS, San Salvador	COS, San Salvador	Chief	Dispatch from COS, San Salvador, requesting delivery of materials to subjects in reference to operational matters.
104-10167-10366	ATTEMPT OF ANTONIO VARONA, OF CUBAN REVOLUTIONARY COUNCIL, TO OBTAIN SUPPORT OF PRESIDENT CHIARI OF PANAMA IN ACTION TO OVERTHROW CASTRO REGIME	Telegram Information Report	Cuba	SECRET	1962-08-24	CENTRAL INTELLIGENCE AGENCY	C/TFWIntel	TFW/R2 TFW PA-PROP 2 WH/PACY 1 TFW/INT 2 TFW/WAVE 1 WH/3/CR 1 TFW/FI 2 TFW/SI1 1 WH/3/P2 1 TFW/CI 2 1 TFW/PM1OS/SSD/Bauman	Antonio Varona of the Cuban Revolutionary Council seeks support from President Chiari of Panama to overthrow the Castro regime, but Panama denies the request to establish a training base for Cuban exiles.
104-10167-10375	Transmittal of Memorandum of Oral Commitment for Alberto PONZOA y Alvarez	Dispatch	Cuba	SECRET	1961-08-10	CIA	Chief of Base, JMWAVE	Chief, Nestern Hemisphere Division	Transmittal of Memorandum of Oral Commitment for Alberto PONZOA y Alvarez. Subject was a contact of the Havana Station and made sea rendezvous operations. He now wishes to disassociate himself completely from any Cuban political group and desires to place himself under KUBARK control. It is proposed to use Subject as a small boat captain in maritime operations.
104-10169-10017	Report on Anti-Castro Activities in Cuba	Report	Cuba	Unclassified	1962-03-31	CIA	Operational/GYROSE	Chief, Tack Force/W; Chief of Station, JAVE	This document discusses Alberto Mariano Parojon Cerconas's involvement with anti-Castro groups EAC, FAL, and Vortice Tres in Cuba during 1962. It includes details about the organizations' activities, contacts, and needs.
104-10169-10135	Pseudonym/Cryptonym Assignment Form	Form	Administrative	SECRET	195-02-21		CIA	CIA	This document appears to be a form related to the assignment of pseudonyms and cryptonyms for individuals or projects. It includes details such as aliases assigned, project descriptions (ALLADIE), status of personnel (staff employees), and mentions individuals like N. Parrisson. It also references previous pseudonyms or cryptonyms assigned (SEAR) and contains instructions for handling and distribution of the document within the CIA.
104-10169-10139	Handling of a Soviet Defector	Dispatch/Memo	Administrative	SECRET	1962-01-31	Chief of Station, Germany	Chief of Station, Germany	Chief, E; Chief, SH	This document discusses the handling of a Soviet defector, ABLADLE, including challenges, retrospective analysis, findings, and areas of study for Headquarters. It covers the defector's evacuation, the unique factors of the case, and recommendations for improving future operations.
104-10169-10265	Plans to Establish Secure Communication Between WAVE and A-3 Groups	Classified Message	Cuba	SECRET	1961-02-15	CIA	WAVE	BELL	This message discusses plans to establish secure communication between WAVE and A-3 groups, including dispatching AMJAVA-4 by BLACK for infiltration into Cuba.
104-10169-10269	MAVANA Cable on Airdrop Map and Arms Request	Cable	Cuba	SECRET	1963-12-23	DIR	FRITY WAVE INFO PRITY DIR	JMZIP AVT	Cable regarding airdrop map to Miami for 'Clarence' and requests for arms and ammunition.
104-10169-10271	PAITY DIR INFO PRITY MASH CITEHAVA 6905	Cable	Cuba	Unclassified	1960-11-15	CIA	UMNET JMCLEAR	HIFO HAVA	This cable discusses a drop of weapons to anti-Castro forces in Cuba. It mentions that some of the weapons were recovered by the GOC (Government of Cuba), while the remainder is believed to be in the hands of anti-Castro forces. The cable also references successful drops to Evelio Duque forces by AKHAWK using a Cessna aircraft.
104-10169-10282	File Content List of File No. 201-0191098	File Content List	FBI	SECRET	1955-1973	FBI	Deputy Director for Plans	Director Federal Bureau of Investigation	This document is a file content list for file number 201-0191098, which pertains to Susan Heiligman Frank. The list includes various documents, their dates, symbols and numbers, types, and subjects related to Richard Cyril Frank, Yung Koon-Man, Ivan Gerald Shapiro, Frederick Vanderbilt Field, and others. The list also includes references to internal security matters and China.
104-10170-10015	Letter regarding financial aid for families of political prisoners	Letter	Cuba	Unclassified	1962-11-23	Unknown	Unknown	Unknown	This letter discusses the financial situation and needs of individuals and families associated with political prisoners in Cuba. It details the distribution of funds, difficulties in obtaining food, and other challenges faced by those affected.
104-10170-10036	SJAN 0835: Potential Channel Between Artecona and PBRUMEN	Cable	Cuba	SECRET	1962-11-08	SAN JUAN	SAN JUAN	DIRECTOR	Cable discusses a potential channel between JOSE ARTECONA and PBRUMEN through IDEN B using a "diplomatic pouch" for messages and small arms. IDEN A suggests ARTECONA present his request to his KUBARK contact in Miami.
104-10170-10037	SJAN 0836 WAVE INFO DIR HAGU	Cable	Cuba	SECRET	1962-11-08	CIA	SAN JUAN	DIRECTOR	This cable discusses Collin E. Ostrander, a USIA representative in San Juan, and Waldemar F. Lee, the Netherlands Consul in San Juan, referencing previous communication SJAN BS35.
104-10170-10051	AMSPELL Progress Report for September 1962	Progress Report	CIA	SECRET	1962-10-09	CIA	Chief of Station, JMWAVE	Chief, Task Force W	This document is an AMSPELL progress report for September 1962, detailing AMHINT and AMDARB activities. It includes information on intelligence production, support for AMSPELL, and diplomatic pouches intercepted by AMBLEAK-1, revealing operational planning.
104-10170-10059	DOMINICAN CACHING OPERATIONS	Cable	Operations	SECRET	1964-08-04	CIA	SUPERATAEM-1	DIR WAVE INFO PACY LANT	This document discusses Dominican support of Cuban exiles.
104-10170-10064	TYPIC/ANSPELL/Operational AMSPELL Tour of Latin America	Dispatch	Operations	SECRET	1964-07-24	JMWAVE/C	Chief of Station, JMWAVE/C	Deputy Chief, WH/SA	This dispatch discusses the AMSPELL exhibit tour of Latin America from February to June 1964. The tour aimed to showcase the dangers and weaknesses of Castro-Communism. While the exhibit achieved excellent results in Guayaquil and La Paz, it was only moderately successful overall, failing in Quito, Santiago, and Montevideo. The dispatch evaluates the tour's effectiveness, highlighting organizational difficulties and the team's inexperience. It includes details on publicity, attendance, and challenges faced in various cities.
104-10170-10091	Plans and Activities of the Directorio Revolucionario	Field Information Report	Cuba	SECRET	1957-03-11	CIA	HAVA	Washington	This report details the plans and activities of the Directorio Revolucionario, a Cuban student organization, including their efforts to plan an uprising against the government and their contacts with various factions.
104-10170-10096	Classified Message Regarding DIVOUR/AMBARH	Classified Message	Operations	SECRET	1963-06-12	CIA	DIRECTOR	SEE BELOW	This is a classified message regarding DIVOUR/AMBARH and related individuals such as LUIS FERNANDEZ ROCHA SODRIGUEZ, HANUEL SALVAT-COQUE, FELIX GUILLERMO OTHON PACHO, and FERNANDO GARCIA-CHALON CHACON.
104-10170-10112	Cables Regarding Carlos Prio Socarras' Financial Activities and Cuban Political Involvement	Cable	Cuba	SECRET	1953-09-22	CIA	Chief, Contact Division	Chief, New Orleans Office	These cables discuss Carlos Prio Socarras' financial activities and potential involvement in Cuban political matters, including suspicions of funding revolutionary activities and currency exchanges.
104-10170-10121	AMSPELL Progress Reports and Related Dispatches	Dispatch	Operations	SECRET	1966-10-20	JMWAVE	Chief of Station, JMWAVE	Chief, WH	These documents detail the activities, funding, and future plans of AMSPELL, an organization involved in propaganda and political action related to Cuba and Latin America. Key activities include disseminating printed and radio propaganda, corresponding with student groups, and campaigning for the release of political prisoners.
104-10170-10125	Alpha 66 Doings in Los Angeles as of September 1970	Routing and Record Sheet, Notices, Propaganda, Interview, Article	Cuba	CONFIDENTIAL	1970-09-29	Los Angeles Office, Domestic Contact Service	Chief, Los Angeles Office, Operational Support Staff	DCS Message Center	This document contains information on Alpha 66 activities in Los Angeles as of September 1970, including notices of meetings, propaganda, a history of Alpha 66, a picture of Vicente Mendez, a tape of a meeting/interview with Los Angeles leader Miguel Talleda, and a press interview with Andreas Nazario Sargent, Alpha 66 Secretary General in the US. It also includes articles and propaganda related to Alpha 66 activities and their impact on Cuba.
104-10170-10145	Ramparts: John Garrett UNDERHILL Jr., Samuel George CUMMINGS, and INTERARMCO	Memorandum	Operations	SECRET	1967-07-19	CIA	Unknown	Unknown	This memorandum discusses Ramparts magazine's claims about John Garrett Underhill Jr., Samuel George Cummings, and Interarmco's alleged involvement in a CIA gun-running, narcotics, and political intrigue racket related to the Kennedy assassination. It includes information about Underhill's background, his reported concerns about a CIA clique, and the circumstances surrounding his death. The memo also provides details about Cummings' history with the CIA, his role with Interarmco, and his contacts with other intelligence agencies. The document also mentions that these individuals and Interarmco have not been prominently featured in the Garrison investigation.
104-10170-10146	Garrison Investigation: Emilio SANTANA Galindo	Memorandum	Personnel	SECRET	1967-07-09	CIA	AC/R/COG	DC/CI/R&A	This memorandum discusses the Garrison Investigation of Emilio Santana Galindo, who was recruited by the Agency in October 1962 and participated in an infiltration operation in May 1963. The memo lists staff and agent personnel who had contact with Galindo.
104-10171-10003	Operatlona 'GYROSE/KUDESK/KUWOLF7PÅ G-2 Penetration Action Against AMSPELL Organization and Other Groups in PBRUMEN	Dispatch	Operations	UNCLASSIFIED	1963-01-22	Task Force W	Chief, Task Force W	Chief of Station, JMWAVE	This dispatch from Chief, Task Force W to Chief of Station, JMWAVE, discusses G-2 penetration action against the AMSPELL organization and other groups in PBRUMEN. It details meetings, plans, and individuals involved in the operation, including Jorge MEDINA Bringuier, AEDO, and AMHINT-33. The dispatch also mentions concerns about G-2 infiltration and potential contacts with anti-Castro groups.
104-10171-10013	Operational-Transmittal of CA Reports	Dispatch	Cuba	SECRET	1962-04-16	CIA	Chief, Task Force W	Chief of Station, JM/AVE	This dispatch contains CA reports (numbers 134 through 149, and 156) and an index. The reports relate to various individuals, including Jose Antonio Sacens, and cover topics such as DRE activities in Santiago, Cuba, potential military installations, and foreign instructors at the University of Oriente.
104-10171-10018	Activity of Directorio Revolucionario Estudiantil (DRE) and Cuban Military Observations	Report	Cuba	UNCLASSIFIED	1962-03-15	CIA	Unknown	Unknown	This document details the activities of the Directorio Revolucionario Estudiantil (DRE), a student resistance organization in Habana, including its leadership, propaganda efforts, and fundraising activities. It also mentions bombings at the University of Habana and the fortification of the Alturas del Bosque area by the Cuban government. Additionally, it discusses the limited number of Cuban air force jets observed in the air.
104-10171-10020	JMZIP/KUTUBE/KUDES/KUSODA DRS Internal Codes/Sources and Companion	Dispatch	Operations	SECRET	1962-01-24	Chief of Base, JMBAR	Chief of Base, JMBAR	Chief of Station, JHNAVE UFG	This dispatch contains information about JMZIP/KUTUBE/KUDES/KUSODA, DRS Internal Codes/Sources and Companions. It includes details on DRE representatives, their aliases, dates of birth, and activities in Cuba, as well as information on G-2 agents and militia battalions in Caibarien, Las Villas. The document also provides details on communication codes, frequencies, and code names to be used by the DRE, along with locations for delivering arms and equipment.
104-10171-10021	Herrrutibeascon	Dispatch	Cuba	SECRET	1962-01-02	CIA	Chief of Station, JHWAVE	Chief, MF Division	Dispatch regarding Herrrutibeascon, a young Cuban named Land who talked to Identity 1, and Jose Maria Lasa rutibeasoon's meeting with Identity 1 and Identity 2. Subject wanted to get his father into this country with assurance of support.
104-10171-10033	Activities of the DRE (Directorio Revolucionario Estudiantil)	Memo	Cuba	SECRET	1962-07-20	CIA	Neil T. PICKWORTH	Chief of Station, JMWAVE; Chief, Task Force W	This memo discusses the activities of the Directorio Revolucionario Estudiantil (DRE) in Cuba, including information about arms shipments and planned sabotage activities against the Castro regime.
104-10171-10034	CITCUBA	Report	Cuba	SECRET	1962-07-16	CIA	Chief of Station, GYROSE/Operational	PM, KUTUBE	Report on Juan Rodriguez Jobolca's interview, detailing his involvement with the DRF and DRE, and information about Salvador Jomolca, a guerrilla leader in Las Villas Province.
104-10171-10039	Operational/GYROSE, KUCAGE/AMHINT. Debriefing of PBRUMEN Legal Travelers for PW Aspects	Dispatch	Cuba	SECRET	1962-05-30	CIA	Chief, Task Force W	Chief of Station, JUWAVE	This dispatch discusses the debriefing of PBRUMEN Legal Travelers for PW Aspects. It covers topics such as reception of radio programs in Cuba, opinions on anti-Castro propaganda, and internal organization of the DRE.
104-10171-10044	GYROSE/Operational-Transmittal of CAC Reports and Related Intelligence	Dispatch and Attachment	Cuba	SECRET	1962-05-02	CIA	Chief, Task Force W	Chief of Station, JMWAVE	This document includes a dispatch from Chief, Task Force W to Chief of Station, JMWAVE, regarding the transmittal of fourteen CIA reports and an index. The attachment includes an index of CIA reports with subjects ranging from the Office of the Secretary of the Presidency to lists of Cubans entering the U.S. with false visas. Another attachment details an interview with Ignacio Pla Martinez, a member of the DRE and FUAC, regarding anti-communist activities. A third document refers to the liquidation of the resistance in Sagua la Grande.
104-10171-10047	WEB/PBRUEN - Resistance Activity in Cuba	Dispatch	Cuba	UNCLASSIFIED	1962-08-31	CIA	Chief, Task Force	Acting Chief, WE; Chief of Station, Madrid	This dispatch details information provided by Francisco Luis Rodrigues Gonzales, a Cuban refugee, regarding resistance activity in Cuba. It includes details about the Revolutionary Student Directorate, sabotage activities, and a planned insurrection in the Sierra Maestra area. It also mentions the capture and imprisonment of group members, including two Americans from Guantanamo Naval Base.
104-10171-10093	MEXI 7200: PO Box Acquisition for Cuban Agents	Cable	Mexico	SECRET	1961-01-27	CIA	MEXICO CITY	BELL	This cable discusses obtaining post office boxes in Mexico City for use by agents being dispatched to Cuba. It includes a specific PO Box address and mentions the effort to acquire additional boxes.
104-10171-10095	MEXI 7184	Cable	Mexico	SECRET	1961-01-25	CIA	MEXICO CITY	BELL	This cable lists three addresses in Mexico City: Armando B. Sanchez, Berta A. Martinez, and Antonio Busto. These addresses are requested by HQS as accommodation addresses in the MEXI area for use by S/ agents.
104-10171-10097	Accommodation Addresses Needed in Mexico for Agents Dispatched to Cuba	Cable	Mexico	SECRET	1963-01-26	CIA	POCO CITY	SELL	This cable discusses accommodation addresses in the Mexico area needed for use by S/M agents being dispatched to Cuba before February 1st. It mentions Faurelio A. Martinez and provides an address in Mexico City.
104-10171-10106	MEXI 6502: Problem of Roberto de Varona and AMHAWK's involvement in Cuban exile training.	Cable	Mexico	SECRET	1960-10-06	CIA	MEXICO CITY	DIRECTOR	This cable discusses the problem of Roberto de Varona, who is independently recruiting and training Cubans for a planned invasion of Cuba, possibly in November or December. AMHAWK is said to be involved. The station is considering having a Gobernacion agent advise Roberto to leave the country.
104-10171-10136	Suspicious Concerning Possible Crotrioto Mission in US for Salvador Rodriguez Santena	Report	Cuba	SECRET	2025	CIA	SNUC	POL	Report regarding a suspicious Crotioto Mission in the US for Salvador Rodriguez Santena, involving the International Rescue Committee and Charles Sternberg.
104-10171-10138	Dispatches on Frits (aka Fred) SNSCI, Refugee Programs, and Operational Matters	Dispatch	Operations	SECRET	1957-01-08	Chief of Station, Paris	Chief of Station, Paris	Chief, 43	This document contains dispatches regarding Frits (aka Fred) SNSCI, his background, activities, and potential connections to the 'Rota Kapello' network. It also includes information on various international organizations assisting stateless refugees and reports passed to Brazilian authorities concerning Russian immigrants.
104-10171-10220	Conversation between President Lopez Mateos of Mexico and Mr. Winston Scott, Chief of Station, Mexico	Memorandum	Cuba	UNCLASSIFIED	1960-06-09	CIA	J. C. King, Chief, Western Hemisphere Division	Acting Director of Central Intelligence	This memorandum discusses a conversation between President Lopez Mateos of Mexico and Mr. Winston Scott, Chief of Station, Mexico, regarding President Lopez Mateos's relationship with the United States and his stance on inviting Fidel Castro to Mexico. It also mentions CIA intentions to overthrow Castro and suggests informing President Eisenhower of Lopez Mateos's views.
104-10172-10001	Gold Shipments Report	Report	Operations	UNCLASSIFIED	1950-07-10	G-2	Howard H. Antell	Wash, Nord, Kana, Files	This document reports on gold smuggling activities involving a B-26 airplane and its crew in Panama during May-July 1950. It details the plane's movements, the individuals involved, and the suspicions surrounding the cargo. The report also mentions the dismissal of the head of Tocumen Airport and the potential involvement of President ARIAS's nephew.
104-10172-10041	Cuban Economic Crisis	Report	Cuba	CONFIDENTIAL	1959-08-21	Unknown	Habana	Headquarters	This document details the Cuban economic crisis in August 1959, citing concerns over agrarian reforms, government subsidies, and potential financial reliance on the Soviet Union. It includes information sourced from a Cuban government official and another source connected to the Banco Industrial de Cuba.
104-10172-10059	INFILTRATION VIA GHA JEAN III	Cable	Cuba	ROUTINE	1951-03-23	WAVE	WAVE	BELL	This cable discusses the infiltration of several individuals via GHA JEAN III, including ALCO VERA SERAFIT, BRAIDIO CONTRERA, ANGEL POSADA GUTIERREZ, RINALDO HERNANDEZ BLANCO, RAFAEL GARCIA AUDIO, EZNIGNO PEREZ, PEDRO SERCIO CUELLAR ALONSO, and JOSE FERNANDEZ SADUE. It requests approval to run OPN JEAN 111.
104-10172-10062	Cable regarding TEJANA departure for Operation JEAN	Cable	Operations	SECRET	1961-02-24	CIA	JMJAVE	BELL	This cable details the planned departure of TEJANA from Key West on February 25th, 1961, for Operation JEAN, carrying cargo and four trainees: Emilio Martinez alias Ernesto Guerra Vidal, Oliverio Toneu alias Antonio Del Monte Caballero, Rafael Alvarez Fernandez-Garrido alias Maximo Alonso Bermudez, and Carlos Poveda alias Calixto Bergnes Braudet.
104-10172-10105	GUITART CAIPIZANO, AGUSTINN, DR.	Memorandum/Instruction Sheet/Work Record	Administrative	SECRET	1963-06-18	CIA	CHIEF, CI/OPERATIONAL APPROVAL AND SUPPORT DIVISION; Deputy Director of Security	Chief, SAS/OS; Deputy Director of Security	These documents pertain to the operational approval and investigation of Agustin Guitart Campuzano, including requests for information, name checks, and coordination with other agencies like the FBI.
104-10172-10107	HSCA 44.40 VOL II; DERIN Maurice Hyman; American Communists in Mexico and Their Contacts; Noah SEBORER and Family	Report	Security	SECRET	1955-09-22	FBI	DIRECTOR	MEXI ROUTINE	This file contains information on James A. PERRY, Maurice Hyman HALPERIN, American Communists in Mexico, and Noah SEBORER. It includes details about their activities, contacts, and investigations.
104-10172-10111	HALPERIN, MAURICE HYMAN	File	Assassination Records	SECRET	1961-10-20	CIA	Chief of Station, Mexico City	Chief, WH Division	This file contains material reviewed at CIA Headquarters by House Select Committee on Assassinations staff members regarding Maurice Hyman Halperin. It includes FBI and State Department reports and telegrams, as well as a document transfer and cross-reference sheet, a routing and record sheet, and a dispatch from the Chief of Station, Mexico City concerning a booklet written by Halperin.
104-10172-10112	HALPERIN MAURICE HYMAN	Document Collection	Cuba	SECRET	1962-01-01	FBI/CIA	DIRECTOR	YEURB	This document is a collection of documents related to Maurice Hyman Halperin. It includes FBI files, outgoing messages from the CIA, newspaper articles, and an alumni magazine article. The documents cover the period from 1962 to 1976 and discuss Halperin's alleged involvement with Soviet espionage, his work for the Soviet government, and his academic career.
104-10172-10133	104-10172-10133 2025 RELEASE UNDER THE PRESIDENT JOHN F. KENNEDY ASSASSINATION RECORDS ACT OF 1992	Cable	Operations	SECRET	1963-01-16	JMWAVE	JMWAVE	DIRECTOR	Cable discusses a RADOP candidate provided by AMDENIM-1 for infiltration into PBRUMEN, replacing a subject who failed a communication assessment test. It also requests a POA on BENICIA (GONZALEZ) GOMEZ.
104-10172-10137	Request for Priority POAs on Cuban Nationals	Cable	Cuba	SECRET	1962-12-10	JMMAVE	JMMAVE	DIRECTOR	This cable requests priority POAs (Proof of Address) on EDDA (HERNANDEZ) GONZALEZ, BENICIA (GONZALEZ) GOMEZ and CADELAIDA (MARTINEZ) ANDREADES.
104-10172-10147	GYROSE/Operational AMDENIM-1 Progress Report - 13 August 1962	Dispatch	Operations	SECRET	1962-08-13	CIA	Chief of Station, JMWAVE	Chief, Task Force W	This dispatch details the progress of AMDENIM-1, focusing on maintaining exile group relations, intelligence gathering on the PRPUNEN community, and attempts to establish contact with PBRUMEN fishermen through Operation Antonico I.
104-10172-10177	DIR INFO WAVE CITE BARR 0134 JMZIP KUSODA KUDESK	Cable	Cuba	SECRET	1961-11-24	JMBAR	JMBAR	DIRECTOR	Cable discusses Antonio Cuesta, an associate of Mrs. Geddes, who is a former crewmember of the Tejana III and a friend of AMDENIM-1. Cuesta is making inquiries about a boat and may return to PBRUMEN soon. The cable also mentions George Hopping as a reliable source of information.
104-10172-10201	AELADLE	Routing and Record Sheet	Operations	SECRET	1965-11-15	CIA	SR/01/K	CI/R and A, TRHAL NAHIT	This document discusses AELADLE and AESTORAGE, intelligence operations related to Soviet activities in Helsinki and Moscow. It details information from a source who interacted with the KGB and was later deemed unlikely to be assigned to the US due to potential identification by a defector.
104-10172-10243	Bonn 4798: Information Exchange Regarding AELADLE	Cable	Liaison	SECRET	1963-06-25	CIA	Bonn	Director	This cable discusses the appropriate handling of information exchange between German services regarding AELADLE, suggesting direct communication between UPHILL and CAVATA/ASBV instead of KUBARK acting as a middleman to avoid affecting German security.
104-10172-10248	REDCAP LUIMPROVE AELADLE	Dispatch	Soviet	SECRET	1963-05-24	CUS:G	CUS:G, SR, F08	CHIEF OF BASE, BUNN	This dispatch discusses a meeting with WEYDE where AELADLE mentioned a KGB officer in Germany who shares his political views and should be left alone by Western intelligence. WEYDE believes the officer's name may be AKHLUYEV, but is not certain. The dispatch suggests querying AELADLE further to confirm the officer's identity.
104-10172-10255	OUTGOING MESSAGE - Checking with Noshenko and Wallenberg Investigation	Cable	Operations	SECRET	1976-10-20	CIA	STAFF	STOCKHOLM	This cable discusses checking with Noshenko regarding PD DIPPERS 19 and 20 and PDLADLE re Wallenberg. It also mentions file 201-5935, E2 IMPDET.A.
104-10172-10278	REDCOAT/LCIMPROVE/AELADLE Tabe Maria Ingeborg SLIOOR (201-765030)	Dispatch	Personnel	UNCLASSIFIED	1965-07-14	CIA	Chief of Station, Helsinki	Chief, WE; Chief, SR	This dispatch concerns Tabe Maria Ingeborg SLIOOR (201-765030) and her immigrant visa application. She was interviewed and granted a visa after being questioned about Soviet contacts. The dispatch includes VALIK traces, a copy of her visa, birth record, and marriage certificate.
104-10172-10279	Clarification of Information on Soviet Personnel in Finland	Dispatch	Soviet	SECRET	1965-07-15	CIA	Station	Headquarters	This dispatch clarifies information regarding Soviet personnel in Finland, specifically Mikhail Vasilyevich KURIACHEV, Petr Nikitovich SAVALVEY, Ivan Yefimovich SERGEYEV, and their replacements. It discusses their roles, contacts, and potential involvement in intelligence activities.
104-10173-10097	Valentin Sergeyevich Loginov Personnel File	Report	Personnel	UNCLASSIFIED	1966	Unknown	Unknown	Unknown	Report on Valentin Sergeyevich Loginov, a Soviet Attache stationed in Havana. The report details his background, personality, activities, and potential vulnerabilities.
104-10173-10104	Valentin Sergeyevich Loginov and Soviet Embassy Activities in Mexico City	Classified Message/Dispatch	Mexico	SECRET	1965-08-07	CIA	Chief, SR via Chief, WH	Chief of Station, Mexico City	These documents discuss Valentin Sergeyevich Loginov, a suspect KGB officer in Mexico City, his activities, contacts, and family. They also mention an unidentified visitor to the Soviet Embassy and John Stratos, who sought a ticket to the Soviet Union.
104-10173-10130	E. Howard Hunt Investigation Records	Memorandum	Administrative	SECRET	1973-12-20	CIA	S. D. Brecknridge	Inspector General	These documents consist of memoranda and routing sheets regarding the investigation into E. Howard Hunt's activities, particularly his assignment to Madrid in the mid-1960s and financial transactions. The search for any undocumented payments to Hunt, especially around $30,000, is detailed, along with recollections from various Agency personnel about Hunt's role and activities. The documents also explore Hunt's post-Agency employment, his contacts with the Robert R. Mullen public relations firm, and requests he made for personnel with specific skills.
104-10173-10132	E. Howard Hunt Investigation	Memorandum	Operations	SECRET	1973-12-20	CIA	Director of Finance; S. D. Breckinridge; Robert E. Owen	Inspector General; OPS/RMO	These documents relate to the CIA's investigation into E. Howard Hunt's activities, particularly his assignment to Madrid in the mid-1960s and any potential financial irregularities. The documents include internal memos, interview summaries, and record searches related to Hunt's operational activities, travel expenses, and bank accounts.
104-10173-10134	ISAACS, HAROLD	Memorandum, Letter	Security	SECRET	1974-10-04	CIA	M. Gaiel Hartman	THE RECORD	This file contains documents related to Harold Isaacs, including memos, letters, and articles, detailing his activities and associations, particularly concerning his political views and alleged Trotskyist connections. The documents also cover the history and suspension of the China Forum, a publication Isaacs founded and edited.
104-10173-10135	Collection of Intelligence Reports on Cuba	Report	Cuba	SECRET	1962-10-22	Central Intelligence Agency (CIA)	Chief of Cuban Operations	Director of Central Intelligence (DCI)	This document appears to be a collection of intelligence reports, possibly related to the Cuban Missile Crisis or other Cold War activities. It includes various memos, dispatches, and cables, likely containing information about Soviet activities in Cuba, US responses, and related political and military strategies. The reports contain sensitive information about personnel, operations, and security matters.
104-10173-10166	Summary of Cuban Media Treatment of the Death of Martin Luther King, Jr.	Telepouch	Cuba	SECRET	1968-04-08	CIA	Chief, WH/COG	Chief, WH Division	Summary of Cuban media treatment of the death of Martin Luther King, Jr.
104-10174-10030	Payment to Edvard G. Tichborn	Memorandum and Telegram	Administrative	SECRET	1960-05-10		Evalena S. Vidal, Political Action Division and Henry Lopez (Edvard G. Tichborn)		This collection of documents pertains to a payment issue involving Edvard G. Tichborn. It includes a memorandum discussing a delayed payment and a telegram from Tichborn (under the alias Henry Lopez) inquiring about the status of the payment from Ashmead, Hanniferd & Associates.
104-10174-10033	Payment to Rivard G. Tichborn (P)	Memorandum	Administrative	UNCLASSIFIED	1960-04-25		Evalena S. Vidal		This memorandum details the payment process for Rivard G. Tichborn's salary after his Cuban trip. It outlines the clearance of a $650.00 check drawn on Ashmead, Haniford Associates and its planned forwarding to Tichborn's California bank.
104-10174-10036	Meeting with Henry P. Lopes at Carleton Hotel	Memorandum	Cuba	Unclassified	1960-02-04	CIA	P. TOCHEY	Record	This memorandum details a meeting with Henry P. Lopes regarding operations in Cuba, including briefing him on the situation, providing funds, and instructions for contacting Benjamin Avana. It also covers security precautions and accounting procedures.
104-10174-10037	Meeting with Henry P. Lopez at the Statler-Hilton Hotel on 1 February 1960	Memorandum	Cuba	SECRET	1960-02-01	CIA		Record	Memorandum regarding a meeting with Henry P. Lopez concerning his contacts in Cuba and recommendations for influencing Castro.
104-10174-10038	Debriefing of Edward G. Tichbern(P)	Memorandum	Cuba	UNCLASSIFIED	1960-02-01	WH Division	Evalena S. Vidal	Record	Debriefing of Edward G. Tichborn regarding his trip to Cuba. Discussion includes the political climate in Cuba, Fidel Castro's reactions to defections, the schism between Fidel and Raoul Castro, and potential contacts who might influence Fidel Castro. Mentions potential propaganda opportunities and a security matter regarding a possible State Department agent.
104-10174-10041	Edward G. Tichborn's Bank Account Details and Payment Instructions	Memo	Operations	Background Use Only	1960-01-19	CIA	E.S.V.	CIA	This memo details Edward G. Tichborn's bank account at Bank of America, Wilshire-Sweetzer Branch, Los Angeles. It includes instructions for depositing operational advances and salary payments into his Commercial Account. The memo mentions a $2,000 operational advance check mailed from Washington on January 15, 1960, and a $650 salary check to be mailed to the same bank.
104-10174-10043	Clarification of Mission Procedures in Cuba	Memo	Operations	UNCLASSIFIED	2025	Unknown	Unknown	Mr. Tichborn	This memo outlines instructions and procedures for Mr. Tichborn's mission in Cuba. It details briefings, contact protocols, cover stories, and administrative tasks.
104-10174-10058	HEXORAMAH FOR: Chief, Cover Division SUBJECT: (Henry P. Lopes)	Memo	Administrative	Background Use Only	1959-10-27	CIA	Horace W. Davis, Acting Chief, Political Action Division	Chief, Cover Division	This memo discusses providing backstopping facilities for Henry P. Lopes by Mchawad, Zarifort Associates. It outlines procedures for expense reporting and provides Lopes' address.
104-10174-10072	LYNCH, GRAYSON	Memorandum	Administrative	CONFIDENTIAL	1978-04-10	CIA	Ruth Elliff, DCD/FIO/PAO	DDO/ISS/IP/EIS	This file contains memoranda regarding Grayston Lynch, a retired CIA employee, and his involvement with LNCOLLAR, a drug enforcement agency. It details his recruitment, activities, and subsequent issues with the agency.
104-10175-10085	Operational Activities and Assessment of Alfonso R. Wichtrich (HYDROL) in Panama and Mexico	Dispatch	Operations	SECRET	1954-06-29	CIA	Chief of Mission, Mexico City; Chief of Station, Panama City	Chief, WIDE; Chief, Foreign Branch T	This collection of documents pertains to Alfonso R. Wichtrich, also known as HYDROL, and his involvement in intelligence operations in Panama and Mexico. The documents detail his recruitment, activities, capabilities, and suitability for various covert operations, as well as his contacts and networks. The documents also cover project reviews, financial authorizations, and recommendations regarding his continued engagement.
104-10175-10101	IN 55255: RETTIE, LICOOKY-1, and Contacts	Cable	Mexico	SECRET	1963-01-24	CIA	MEXICO CITY	DIRECTOR	Cable discusses contact between British newsman RETTIE and LICOOKY-1, as well as RETTIE's attempts to contact Mario Fonteforte Toledo. It also mentions LICOOKY-1's relationship with AREVALO.
104-10175-10152	Response to Memo on "Council for Latin America"	Memorandum	Mexico	SECRET	1967-03-29	WH/I	N. J. Katten, C/WH/I	Chief, WH/CA	This memo from March 29, 1967, details WI/I's activities related to the Council for Latin America, specifically addressing involvement with four organizations: Confederación Mexicana de Cámaras Industriales, Instituto de Investigaciones Sociales y Económicas, Centro Nacional de Estudios Sociales, and American Chamber of Commerce of Mexico. It outlines funding, objectives, and personnel associated with these organizations, including agent activities and project statuses.
104-10175-10176	Lyle STUART	Memorandum	Liaison	SECRET	1964-08-19	Deputy Director for Plans		Director, Federal Bureau of Investigation	This memorandum discusses Lyle Stuart's dealings with Juan Jose Arevalo, Dr. Raul Osegueda, Bartolome Costa Amic, and Mario Monteforte Toledo, focusing on book publications, royalty payments, and potential contacts. It also mentions Eileen Brant and Angela Delli Sante-Arroche as potential sources of information.
104-10175-10179	LIHUFF/1	Dispatch	Personnel	SECRET	1963-04-29	XX	Chief of Station, Mexico City	Chief, WH Division	This dispatch pertains to LIHUFF/1, an outside agent recruited as a cutout for the LIHUFF/2 organization. The dispatch includes personal history statements and requests processing a contract for the subject.
104-10176-10015	Derwin Ferguson UTTERELL, William Hamilton MARTIN, Espionage - RR	Memorandum	Liaison	SECRET	1960-11-18	CIA	WILLIAM K. HARVEY	National Security Agency	This memorandum discusses George PERISTEROPOULOS aka PERIS, his contacts, and his potential connections to Soviet intelligence operations. It also explores his relationship with William Hamilton MARTIN and Valentine HAHN, and their possible involvement with a Tokyo nightclub.
104-10176-10020	ZRGRACE - Tokyo Aspect; George PERIS aka George PERISTEROPOULOS aka George PARIS, Identified Contact of Valentin HAHN aka Valentine Vasiliyevich KHAN aka Won-shin HAN, Self Confessed Soviet Agent	Memorandum	Security	SECRET	1960-09-09	CIA	Seliger	Chief, FI/Division D	This memo discusses George PERIS, a contact of Valentin HAHN, who is suspected of being a Soviet agent. It details HAHN's debriefing, his contacts, and the possibility of PERIS's involvement in espionage activities and connections to individuals of interest in previous investigations.
104-10177-10047	DIR CITE MEXI 2126	Cable	Cuba	SECRET	1965-05-16	WH/SA	C/1P3	DDP, WH	This cable discusses Joaquin Mirabal, his background, connections, and activities. It also mentions Mrs. Albert Recio and NENICA GARCIA PA as informants.
104-10177-10206	Joseph R. Merola File	Document	FBI	Unclassified	1958-09-30	FBI, CIA, Department of Army, Department of Justice	Maurice A. Sovern, John K. Greaney, Crocky Br	David M. Curry, John K. Greaney	This file contains FBI and CIA documents related to Joseph R. Merola and his involvement in Caribbean political activities, particularly concerning Cuba and Panama, during the late 1950s and 1970s. The documents include reports, memos, and correspondence detailing Merola's contacts with the CIA, his alleged ties to anti-Castro groups, and his role as a source of foreign intelligence.
104-10177-10217	Caracas Station Cable Regarding Ricardo Morales and Letelier Investigation	Cable	Cuba	SECRET	1977-04-15	CIA	Caracas Station	Director, LA/MIAMI	This document discusses concerns about Ricardo Morales, potential connections between Orlando Bosch and the assassination of Orlando Letelier, and related investigations.
104-10177-10219	MATLACK, DIECTHEK. (MRS) LEASE DOCUMENTS	Record	CIA	SECRET	1952-04-04	CIA	FRANKFURT	WASHINGTON	Collection of documents related to defectors to Chile and other topics such as: workers housing, transportation appropriation, teachers strike, copper situation, forsign ministry, emigration plan, press fieldga committee, coal situation, Chamber Presidential line-up, Gath y Chavez closing, immigration program, naval apponents, fishing strike, U.S. pastor, mining tax, housing construction, hydroelectric plant, chilean swedish trade, pipeline, industrial expansion, Disposal Questionnaire, Interagency Defects.
104-10177-10220	McLENDON, GORDON 201-79764	File	Personnel	Unclassified	1978-05-16	CIA	CCS/CFE	DO/590	This file contains documents related to Gordon Barton McLendon, including memoranda, security clearances, and name checks. The documents cover topics such as McLendon's potential as a witting collaborator, his business interests, and security investigations conducted by the CIA.
104-10177-10224	OBYEDKOV, IVAN DMITRIYEVICH	File	Soviet	SECRET	1977-03-12	CIA	WASHINGTON	LONDON.Y	This file contains information on Ivan Dmitriyevich Obyedkov, a Soviet guard at the Soviet Embassy in Mexico City and Tehran. The documents include outgoing messages, cables, and dispatches regarding Obyedkov's activities, possible intelligence affiliation, and traces requested by liaison. The file also contains information about Obyedkov's family, including his wife and son.
104-10177-10225	Colombian Police Report on Clandestine Arms Traffic in Costa Rica	Report	Cuba	SECRET	1950-09-11	Colombian National Chief of Detectives	Colombian National Chief of Detectives	STATE	This document contains a report from a Colombian investigator regarding illicit armament traffic in Costa Rica in 1950. The report details the involvement of American citizens and Communist elements in the arms trade and suggests measures to improve Costa Rica's detective capabilities.
104-10178-10046	Cover Status of Luis POSADA Carriles (201-300985)	Memo	Cuba	SECRET	1966-09-07		CI/FLUSTIKCER		This memo discusses the cover status of Luis POSADA Carriles, specifically regarding his employment with RECE and CACT, and requests that his resignation from Gri-State Engineering Service be recorded.
104-10178-10049	Application for Housing and Credit Reference with Tri-State Engineering	Letter	Administrative	UNCLASSIFIED	1966-09-20	Unknown	Unknown	Unknown	A letter regarding an application for housing, credit references, and employment verification with Tri-State Engineering Service, Inc.
104-10178-10052	Cover for Luis POSADA Carriles and Alberto de Jesus ALBERTY Garcia	Memorandum	Operations	UNCLASSIFIED	1965-10-25	Cover Branch	Chief, Cover Er	Chief, Training Br	This memorandum outlines cover arrangements for Luis POSADA Carriles and Alberto de Jesus ALBERTY Garcia with Tri-State Engineering Service, Inc., including their acknowledged positions, salaries, and the company's background for cover purposes.
104-10178-10054	Action and Status Cover for Luis POSADA Carriles and Alberto de Jesus ALMATO Garcia	Memo	Operations	UNCLASSIFIED	1965-09-17	CIA	TRG/TREATEJS	Chief, Cover Branch	This memo discusses action and status cover for Luis POSADA Carriles and Alberto de Jesus ALMATO Garcia, recently assigned to the Carriles Training Base. It requests Tri-State Engineering cover for POSADA and notes ALMATO's existing cover with Radio & Electronics Equipment Company, Inc.
104-10178-10071	LUXE 0097: Opium Trafficking from Hong Kong to the United States	Cable	Operations	SECRET	1959-05-04	CIA	[LUXEMBOURG] 15-19	DIRECTOR	This cable discusses Armand Delacour, a three-time convict, who approached the subject with an offer related to opium trafficking from Hong Kong to the United States. Delacour stated that two Sicilians living in Paris were already involved in this traffic, receiving opium from the Chicoms for delivery in the US. The subject also provides a physical description of Delacour.
104-10178-10096	Investigation into Albert Larrain Maestre and AMCLEVE/15's contact with Frank Rosenthal	Cable	Operations	SECRET	1967-06-30	CIA	Chief of Station, JMWAVE	Director	This collection of documents pertains to the CIA's investigation into Albert Larrain Maestre and his alleged involvement in bombings with Rosenthal, as well as his connections to narcotics. The documents also delve into AMCLEVE/15's (Luis Clements POSADA-Carriles) contact with Frank "Lefty" ROSENTHAL, and his cooperation with the FBI in the investigation of Frank Rosenthal. It includes queries from the Department of Justice, and explores the possibility of using AMCLEVE/15 to assist Rosenthal in obtaining additional materials for an arrest.
104-10178-10120	LNERGO Fingerprint Formula for James Earl Ray	Cable	Liaison	SECRET	1968-04-22		DIRECTOR	ASUNCION, BANGKOK, BARCELONA, BEIRUT, BERLIN, BERN, BRASILIA, BRUSSELS, BUENOS AIRES, CARACAS, COPENHAGEN, FRANKFURT, GENEVA, GEORGETOWN, GUATEMALA CITY, GUAYAQUIL, THE HAGUE, HAMBURG, HELSINKI, HONG KONG, KINGSTON, LA PAZ, LIMA, LONDON, MADRID, MANAGUA, MONTEVIDEO, NEW DELHI, LISBON, MANILA, MUNICH, OSLO, PANAMA CITY, PARIS, PORT OF SPAIN, PORTO ALEGRE, QUITO, RECIFE, RAWALPINDI, RIO DE JANEIRO, ROME, SAN JOSE, SANTO DOMINGO, SAN SALVADOR, SANTIAGO, SANTIAGO DE LOS CABALLEROS, SAO PAULO, STOCKHOLM, TEGUCIGALPA, TOKYO, VIENNA, ZURICH	This cable relays information about the positive identification of James Earl Ray as the accused assassin based on LNERGO fingerprint formula. It also requests the information be passed to a liaison.
104-10178-10124	DIRECTOR 93260	Cable	Assassination	SECRET	1968-04-20	CIA	DIRECTOR	ASUNCION, BANGKOK, BEIRUT, BERLIN, BOGOTA, BUENOS AIRES, COPENHAGEN, FRANKFURT, THE HAGUE, HONG KONG, LA PAZ, LONDON, MADRID, MONTEVIDEO, NEW DELHI, MANILA, MUNICH, PANAMA CITY, PARIS, RIO DE JANEIRO, ROME, SANTO DOMINGO, SANTIAGO, SAO PAULO, STOCKHOLM, TEGUCIGALPA, TOKYO, VIENNA, ZURICH	This cable requests addresses to construct an identikit composite of James Earl Ray and provides code for the composite. It notes a scar on the forehead was omitted from the composite and that the left ear protrudes more than the right.
104-10178-10130	Identification of James Earl Ray as Accused Assassin	Cable	SECRET	SECRET	1968-04-19	CIOP/DO	DDP by direction, CI/OPIDO	ASUNCION, BANGKOK, BARCELONA, BEIRUT, BERLIN, BERN, BOGOTA, BRASILIA, BRUSSELS, BUENOS AIRES, CARACAS, COPENHAGEN, FRANKFURT, GENEVA, GEORGETOWN, GUATEMALA CITY, GUAYAQUIL, THE HAGUE, HAMBURG, HELSINKI, HONG KONG, KINGSTON, LA PAZ, LIMA, LONDON, MADRID, MANAGUA, MONTEVIDEO, NEW DELHI, LISBON, MANILA, MUNICH, OSLO, PANAMA CITY, PARIS, PORT AU PRINCE, PORT OF SPAIN, PORTO ALEGRE, QUITO, RECIFE, RAWALPINDI, RIO DE HX JANERIO, ROME, SAN JOSE, SANTO DOMINGO, SAN SALVADOR, SANTIAGO, SANTIAGO DE LOS CABALLEROS, SAO PAULO, STOCKHOLM, TEGUCIGALPA, TOKYO, VIENNA, ZURICH	This cable identifies James Earl Ray as the accused assassin, providing his physical description, aliases, and criminal history. It also mentions that photos of Ray are being pouched for liaison.
104-10178-10136	Information Concerning Suspect in Martin Luther King Jr. Assassination	Cable	Operations	SECRET	1968-04-18	CIA	DIRECTOR	ASUNCION, BANGKOK, BARCELONA, BEIRUT, BERLIN, BERN, BOGOTA, BRASILIA, BRUSSELS, BUENOS AIRES, CXADOXAS, COPENHAGEN, FRANKFURT, GENEVA, GEORGETOWN, GUATEMALA CITY, GUAYAQUIL, THE HAGUE, HAMBURG, HELSINKI, HONG KONG, KINGSTON, LA PAZ, LIMA, LONDON, MADRID, MANAGUA, MONTEVIDEO, NEW DELHI, LISBON, MANILA, MUNICH, OSLO, PANAMA CITY, PARIS, PORT AU PRINCE, PORT OF SPAIN, PORTO ALEGRE, QUITO, RECIFE, RAWALPINDI, RIO DE JANERIO, ROME, SAN JOSE, SANTO DOMINGO, SAN SALVADOR, SANTIAGO, SANTIAGO DE LOS CABALLEROS, SAO PAULO, STOCKHOLM, TEGUCIGALPA, TOKYO, VIENNA, ZURICH	This cable discusses Eric Starvo Galt, an alias of Harvey Lowmyer and John Willard, who is suspected of assassinating Martin Luther King, Jr. The cable provides a physical description of Galt and requests that addressees determine if Galt is or has been in their area.
104-10178-10334	Reinaldo PICO Ramon Information and Operational Approval	Memo	Cuba	SECRET	1969-10-15	CIA	FI/D	Sulcor	This document contains information about Reinaldo PICO Ramon, including his travel history, visa requests, and connections to Latin American Christian Trade Unions. It also includes memos regarding operational approval for his use and requests for information.
104-10179-10022	HAVA 5939: IGUACIO HAD NOT LEFT HAVA AS PLANCED	Cable	Cuba	CONFIDENTIAL	1960-11-18	HAVANA	HAVANA	DIRECTOR	This cable discusses Nicolas Mendoza informing HAVASTA that his brother, Ignacio, had not left Havana as planned, and now plans to remain in Havana a few more days in hopes of obtaining permission from the Cuban government to leave legally.
104-10179-10025	Contact Report on Meeting with AMRUNG-1	Memorandum	Cuba	SECRET	1960-11-08	CIA	John D. Peters	Record	This memorandum details a meeting with AMRUNG-1 regarding operations in Cuba, including discussions on security, operational expenditures, W/T operators, support for anti-Castro groups, and key individuals involved in the counter-revolutionary movement. It also covers attempts to supply the ANTUM group with arms and ammo, and air-maritime operations currently being planned.
104-10179-10027	DIR 09095: Request for Biographical Data and Information on Individuals	Cable	Operations	SECRET	1960-10-28		DIRECTOR	JHASH HAVARA	Requests biographical data for POA on Juan Estevez Ramiros and provides information for crafted Ambaro, Uirera Valdes, Morffi Machado, Ros Perez, and Fernandez Betancourt.
104-10179-10088	HAVA 0693: Intelligence Report from Havana, December 1958	Cable	Cuba	SECRET	1958-12-16	CIA	HAVANA	DIRECTOR	This cable details intelligence gathered in Cuba in December 1958, including the movements of Ernesto Guevara, the replacement of labor officials by the 26th of July Movement, Manuel Ray's visit to Fidel Castro, FEU activity in Matanzas, and Batista's hiring of French guerrilla warfare advisors.
104-10179-10104	GYROSE/AMCONCERT-1 Report on Cira MARTINEZ	Dispatch and Report	Cuba	SECRET	1962-11-06	JMWAVE	Chief, JMWAVE	Chief, Task Force W	Report on Cira MARTINEZ, a confidante of Manuel Ray, including information about her connections, political views, and activities, as well as lists of potential defectors from the Castro regime and trained personnel in Cuba.
104-10179-10113	DISPATCH Chile	Dispatch	Cuba	Background Use Only	1962-09	CIA		Chief of Systems, YROSE/AUDESK	This dispatch discusses the debriefing of an individual (Subject) removed from CAC. The debriefing focused on his relationship with Cuba and other security organizations. The subject claimed no relationship with Cuban C-2 but admitted knowing Ramiro VALOI. He was granted asylum in Uruguay in 1962. The subject also admitted to criminal activities in Los Angeles and involvement in an attempt to take items out of the country in April 1961.
104-10179-10121	STATEMENTS OF MANOLA RAY, EXILE LEADER OF THE PEOPLE'S REVOLUTIONARY MOVEMENT	Telegram	Cuba	SECRET	1961-10-24	CENTRAL INTELLIGENCE AGENCY	CIA	STATE ARMY/ACSI NAVY AIR JCS SECDEF NSA NIC LISIA OCI ONE OCR ORR OD EXO FBI &NS TREASURY REPC INCLANT	Telegram regarding statements of Manola Ray, exile leader of the People's Revolutionary Movement, who opposed invasion of Cuba and believed Castro's overthrow would be achieved by internal resistance. Ray claimed the MRP was organized throughout the island and supported by all classes, with members in trade unions, G-2, militia and administration. Ray estimated that 80% of the population opposed Castro.
104-10179-10122	STATEMENTS OF MANOLO RAY	Cable	Cuba	SECRET	1961-10-24	CIA	[LONDON] 15-1	DIRECTOR	This cable discusses statements of Manolo Ray, with the DOI (Date of Information) being October 1961. The information comes from an official British service source with good contacts among exiles in Caracas. No separate cable distribution is being made of the TDCS.
104-10179-10134	PARI 9068: RAY CONTACTS AND PLANS	Cable	Cuba	SECRET	1963-06-19	CIA	FROM: PARIS	TODIRECTOR	This cable discusses Ray's contacts in Paris, including Jervay, Unrumble 6, Unpapist, and Alberto Brez Vito. It also mentions Cabrera's potential work on Arcos, Kubark staffer's interactions with Ray, and Ray's confidence in Franqui joining his camp. The cable further details Ray's plans to identify disaffected elements in Cuba and build a supply apparatus. It also includes Ray's requests for a list of Cuban embassies, training in a specific system, and a job for Cabrera.
104-10179-10136	Classified Messages Regarding Ray's Contacts and Activities in Europe	Classified Message	Cuba	SECRET	1963-06-19	CIA	Paris	Director	This document contains classified messages regarding Ray's contacts and activities in Europe, including discussions with individuals like Jervay, UNRUMBLE 6, and Cabrera. It also mentions Ray's efforts to recruit individuals for potential operations against Castro, his interactions with a KUBARK staffer, and his plans to identify and support disaffected elements within Cuba's embassies and officialdom.
104-10179-10143	IN 47827: Obtaining Mexican Visa for AMBANG/1	Cable	Operations	SECRET	1962-08-19	CIA	MEXICO CITY	DIRECTOR	This cable discusses the difficulty of obtaining a Mexican visa through official channels due to bureaucratic delays and concerns about Cuban immigrants becoming public charges. It suggests alternative methods, such as using high-level Mexican contacts or Cuban friends with connections, and coordinating with the LITEMPO visa channel. The cable also advises on handling inquiries from the Mexican consul in Miami and using a CINODACID cover role.
104-10179-10167	Radio Switch Equipment for Demolition Firing Purposes	Memorandum	Operations	UNCLASSIFIED	1964-01-03	CIA	AUSTIN M. JONES, C/TSD/CAB/SD	Chief, Special Affairs Staff	This memorandum discusses radio switch equipment for demolition firing purposes, recommending companies like Motorola and Kell for reliable equipment. It also mentions the use of VHF/UHF frequencies and crystal tuning control for reliability. Inexpensive equipment from Japanese or American manufacturers is also mentioned for short range communications.
104-10179-10182	Meeting with AMBANG-1	Memorandum	Cuba	Unclassified	1963-08-02	CIA	Alfonso Rodriguez, SAS/SO	C/SAS	Memorandum regarding a meeting with AMBANG-1 on July 27, 1963, in Miami. Discusses requests for high explosives, contact in Guantanamo, political plans, isolation of Cuba, phasing out of employment, JURE radio link, aerial maps of Cuba, JURE organization and strength, questions about ARTIME, a list of Cuban diplomats, relation with Jorge Volsky, two-man underwater craft, training in a simple scorch system, an article for Cuadernos, and communication between AMBANG-1 and the case officer.
104-10179-10195	Cables regarding activities in Central America and identification of individuals	Cable	Cuba	SECRET	1962	CIA	San Jose	Director	This document discusses a meeting between ODACID POLIT officer Michael H. Martuffi and IOS, an engineering consultant, regarding Natolo Ray's training effort in Costa Rica. It also mentions IOEN's knowledge of Central American situation, his connection to Manolo Ray, and a boat he bought in Puerto Rico. The document further identifies IDEN as Zachary De Caster of Smith and Gillespie FUCISEFES, Jacksonville, Florida.
104-10179-10209	ROBATIC YOBITE AMBANG	Cable	Cuba	SECRET	1963-06-27	CIA	SMWAVE	DIRECTOR	This cable discusses AMBANG-1's plans to travel to PBRUMEN (likely Cuba) and coordinate actions with individuals there. It details travel arrangements, including boats, meeting points, and personnel involved. The cable also mentions AMBANG-1's interactions with TIME Magazine and potential disinformation efforts.
104-10179-10233	Liaison Re: PERIMETER Group in Bavaria	Report	Operations	SECRET	1963-10-17	CIA	Chief of Base, Munich	Chief of Station, Germany	Report regarding Subject Resistance Group information in Bavaria, sent under separate cover, per request KMW 8907.
104-10180-10042	Cuban Uy Mission and DGI Center Analysis/Rogelio Rodriguez Lopez Activities	Dispatch/Report/Memo/Telegram	Cuba	SECRET	1970-04-13	CIA	Chief of Station, WH/MIAMI, Chief, Domestic Operations, Chief of Base, New York	Chief, WH/COG, Chief of Station, WH/MIAMI, Chief, Domestic Operations	This collection of documents details the activities and personnel of the Cuban Mission to the United Nations (CMUN) and the DGI (Cuban Intelligence Directorate) Center in New York, including Rogelio Rodriguez Lopez's activities in Mexico City. It covers personnel assignments, travel, and communications between Cuban officials and other parties.
104-10180-10044	Shipment of Explosives to Mexico	Report	Cuba	SECRET	1964-08-25	Central Intelligence Agency	Chief, WILD	Chief of Station, Mexico City	Report on a shipment of explosives to Mexico for the Communist Party of El Salvador, involving Manuel PINEIRO and Rogelio RODRIGUEZ Lopez.
104-10180-10050	Owner of Auto Bearing California License HW 810 (How Mexican Diplomatic Plates D-136)	Memorandum	Cuba	SECRET	1965-08-03	Originating Office in Mexico City	Originating Office in Mexico City	Legal Attache	Memorandum regarding the owner of a vehicle bearing California license HW 810, possibly displaying Mexican diplomatic plates D-136, which is registered to Camilo Domenech Gadea, former Commercial Counselor of the Cuban Embassy, and still used by the Cuban Embassy.
104-10180-10062	Classified Message 6	Classified Message	Cuba	SECRET	1958-12-16	HAVANA COUNTY MICROFILM SERVICE	HAVANA COUNTY MICROFILM SERVICE	DIRECTOR	Intelligence report detailing activities of Ernesto Guevara, the 26th of July Movement, Manuel Ray, FEU, and Batista's contracting of French military officers.
104-10180-10138	AQUATIC/Operational SW Supplies for AYTRE	Routing Sheet and Dispatch	Administrative	SECRET	1960-06-23	Chief of Station, Havana	Chief of Station, Havana	Chief, KURIOT	This document contains a routing sheet and a dispatch regarding supplies and instructions for two-way SW correspondence with AMIRE 1. It details the materials needed, instructions for their use, and security precautions for the agent.
104-10180-10155	Emilio Americo RODRIGUEZ	Memorandum	Administrative	UNCLASSIFIED	1960-07-12		J. D. Sterline	Chief, Finance Division	This memorandum details the recruitment of Emilio Americo RODRIGUEZ by the Habana Station at a rate of $300.00 per month, effective 1 June 1960. It requests that Finance Division deposit the monthly salary into a specific bank account under the name of Emilio Rodrigues, with the first deposit to be made on 30 June 1960. No taxes are to be withheld from the salary.
104-10180-10162	Cable regarding exfiltration from Cuba and security concerns	Cable	Cuba	SECRET	1961-05-18	CIA	KANOROPIHRBEIH	CARACAS	Cable discusses the need for individuals to leave Cuba, potential security risks (ELVIKA JOVANE DE SAYAS), and communication protocols. It also mentions financial arrangements and potential alternate communication channels.
104-10180-10165	Classified Message Regarding Security Concerns and Operations	Cable	Operations	SECRET	1961-05-09	CIA	CARACUS	BELL	Cable discusses potential security breaches, Clinton's possible involvement, and counter-revolutionary activities.
104-10180-10176	MEXI INFO BELL CITE WAVE 4342	Cable	Mexico	SECRET	1961-03-09	WAVE	WAVE	BELL	This cable discusses statements made by Luis Alberto de Jesus Condo (Cajisal) to MEXI. It mentions individuals who handled Bobby Maduro and Juan Mendez, and suggests if the subject desires travel, AMOTS will assist him.
104-10180-10178	IN 2645: PRITY SELL INFO PRITY WAVE CITE MEXI 754 JMEIP SECUR	Cable	Cuba	CLASSIFIED	1961-03-06	MEXICO CITY	MEXICO CITY	EELL	Cable from Mexico City regarding Luis Alberto de Jesus Condom Cajigal rejoining the anti-communist underground and his involvement with the FRD.
104-10180-10179	Cable Regarding Contact with Mr. Free to Rodrigue and Message from Son	Cable	Security	SECRET	1961-03-09	WH/4/SECURITY	PHRECTOR JABELL	JOVE	Cable discussing a request to contact Mr. Free to Rodrigue. Conzales, an instructor at Berlitz School, and relay a message from his son Filio, who was recently arrested and released, advising him not to return to Cuba.
104-10180-10180	ANIC 3-1 Arrest on 3 March 1961	Memo	Cuba	SECRET	1961-03-04	WH/4	Robert E. Visotzke, C/WH/L/FI	Addressees	This memo discusses the arrest of ANIC 3-1, an agent in Cuba, and the potential damage to operations. It details the information ANIC 3-1 possessed regarding stay-behind nets, agents, counter-revolutionaries, and cached funds.
104-10180-10200	SEFLATS SVEN ATTACCA-6710 Information	Memo	Cuba	SECRET	1960-08-24	Unknown	Unknown	Unknown	Document regarding Juan I. Cessnova Koiriguez, possibly related to SEFLATS SVEN ATTACCA-6710.
104-10180-10215	Operational/CYPOCE/AIRECALEN/FOX WT Operator Candidate Inside Target Area	Dispatch	Operations	SECRET	1963-01-24	IAVEL/COPY	Chief of Station, IAVEL/COPY	Chief, Special Affairs Staff	This dispatch discusses a WT operator candidate recruited in Havana in the fall of 1960. The candidate was trained but never activated, and Headquarters is requested to review files to ascertain the subject's identity and whereabouts to determine if he could still be used operationally inside the target area.
104-10180-10218	Cover for AMIRE/1	Memorandum	Operations	UNCLASSIFIED	1961-10-30	WH/43	JOHN G. SOUTHARD, C/CCG/NC	Chief, WH/43	This memorandum outlines a cover arrangement for AMIRE/1, an individual employed by Roberts Electronic and Engineering Service as a consultant. The cover is designed to provide employment and credit references while ensuring proper tax reporting. The memo also requests notification when the cover is no longer needed.
104-10180-10233	Classified Message regarding CENTER SECTEMIC and SCTRICAL ESTIM	Message	John F. Kennedy Assassination Records Act of 1992	CONF	1961-11-01	DIRECTOR	DIRECTOR	JIVAVE	This document appears to be a classified message regarding CENTER SECTEMIC and SCTRICAL ESTIM for action at PALLARS YEAR. It mentions priority cover statue.
104-10180-10235	Cover for Subject	Memo	Administrative	UNCLASSIFIED	1961-10-19	CIA	GIPN	Headquarters	This memo discusses a devised cover for a subject, employed by Roberts Electronic and Engineering Service as a consultant in the Southeastern United States. It details the cover firm's information, payment procedures via bank transfer, and tax responsibilities, including the issuance of a U.S. Treasury form 1099. The memo also requests notification when the cover arrangement is no longer needed for proper backstopping.
104-10181-10099	Cables Regarding Potential Contact with AMAUTO-1 and Cuban Embassy Protests in Spain	Cable	Cuba	SECRET	1970-05-06	CIA	WH/MIAMI	DIRECTOR, MADRID	This document contains cable traffic related to potential contact with AMAUTO-1, a Cuban official, through various means, including using Manuel (Vigos) Perez, AMAUTO-1's cousin, and a tourist approach by SAMKO. It also details Cuban embassy protests in Spain over alleged attacks on Cuban officials.
104-10181-10117	Possible DRE Animus Towards President Kennedy	Memorandum	Cuba	UNCLASSIFIED	1967-03-08	CIA	Calvin Thomas	THE RECORD	Memorandum discussing possible animosity of the DRE (Student Revolutionary Directorate) towards President Kennedy due to his handling of Cuba, and the DRE's potential connection to Lee Harvey Oswald.
104-10181-10152	KEYWAY/PBRUHEX/SMOTE 01 Cuban Identified and suspect Intelligence	Dispatch	Cuba	SECRET	1962-12-28	CIA	Chief of Station, London	Chief, WE	Dispatch from London Station regarding a list of identified and suspect Cuban intelligence officers compiled from SMOTE records. Requests clearance to distribute the study to friendly Latin American and Western European liaison services and ODENVY.
104-10182-10073	Alastair Wickes Mercenary Activities and Associations	Report/Memorandum/Cable/Dispatch	Secret	SECRET	1970-03-05	CIA/FBI	Chief of Station, PRETORIA	Chief, Africa Division	These documents primarily concern Alastair Wickes, a mercenary involved in various activities, including recruiting for Tshombe's forces in the Congo, participating in plots to overthrow Mobutu, and potential involvement in Yemen. The documents detail his connections with other mercenaries like Mike Hoare and Jack Malloch, as well as his recruitment activities and associations with various organizations. There are also cross-references to other files and individuals.
104-10182-10128	Michell Livingston WERBELL - C-78785	Memorandum	Operations	SECRET	1959-07-24	Central Cover Division	JOHN G. SOUTHARD, Chief, CCD/NC	Chief, WH/Car/PP	This memorandum discusses the Central Cover Division's (CCD) concurrence in a proposal to use Michell Livingston WerBell for a specific purpose, with the requirement to promptly advise CCD upon activation.
104-10182-10137	Call from Mr. Dick Philips (State) Regarding the Arrest of AMLEO-3	Memorandum	Cuba	UNCLASSIFIED	1965-09-03	CIA	Bryan Mills, C/WH/C/MO/PM	WH/C/OPS	Memorandum regarding the arrest of AMLEO-3, Jose Ricardo RABEL Nunez, and related information about Mitchell L. WER-BELL.
104-10183-10011	DIR 75462: AMWHIP Visit to Rome	Cable	Operations	SECRET	1963-10-14	CIA	DIRECTOR	ROME	Cable regarding AMWHIP's visit to Rome during the week of October 13, 1963, and contact plans. It also includes routing and file information.
104-10183-10022	Potential Assets for Operations in Italy Targeting PERUNEN	Message	Operations	CLASSIFIED	2025	CIA	DIRECTOR	DOP, CI, CI/OPS, CI/OA, CCS 2, FI, SAS 8, RF 2	This document discusses potential assets for operations in Italy targeting PERUNEN, focusing on AMHIP 1 and other candidates like CHAS FOA and IDEN C. It addresses their suitability, access, and potential risks, including contamination of reputations and the need for cover stories.
104-10183-10037	CLASSIFIED MESSAGE	Cable	Operations	SECRET	1963-06-18	CIA	DIRECTOR	ROME	This cable discusses an activation effort for a DRAGON agent in PBRUMEN (likely a code name). It requests information from SHITHAM ASIC AMWHIP about a letter sent to "THOMPSON'S FRIEND" in PBRUMEN and mentions key individuals like THOMPSON, WALLACE A. GROWERY, and AMTHIP.
104-10183-10039	Cable regarding Karin Espinosa and Miguel Angel Espinosa Bravo	Cable	Cuba	SECRET	1963-06-13	CIA	DIRECTOR	HOME	Cable regarding Karin Espinosa and her husband Miguel Angel Espinosa Bravo, a former Cuban ambassador to Norway, including information about his background, defection from the Castro government, and involvement in anti-Castro activities.
104-10183-10043	DIR 44488: AMWHIP/1 Visit to Rome	Cable	Operations	SECRET	1963-06-05	CIA	DIRECTOR	ROME	This cable discusses AMWHIP/1, a KUBARK asset, who will be in Rome and is willing to provide services to the STA, including cover for PERUMEN operations. It recommends establishing contact with AMWHIP/1 to discuss various operational possibilities and problems, including cover for SUBJ DIR 38810.
104-10183-10044	Identifiers of FEP	Cable	Cuba	SECRET	1963-06-04	DIRECTOR	DIRECTOR	ROME	This document identifies several individuals and businesses, including Carlos Tepedino Gonzales, Juan Ventura Valker, Tisiman and Lipp Inc., and Carletto Inc.
104-10183-10139	DIR 62066: Study ON CUBAN TRANSPORT System.	Cable	Cuba	SECRET	1964-11-05	CIA	DIRECTOR	(PARIS) 15-4	Cable regarding a study on the Cuban transport system, requesting that the study be obtained and forwarded to headquarters. It also discusses the approach for obtaining the study, whether openly or clandestinely.
104-10183-10232	Subject of 201-720615	Memo	Operations	SECRET	1964-04-30	CIA	Chief, WHD	Chief of Station, Rio de Janeiro	This memo discusses a subject (Quenit Siegel) who applied for a tourist visa to the United States and requests that ALEHIP-1 debrief him on his PERUEN contacts and set up a contact in Rio de Janeiro if he appears operationally useful.
104-10183-10233	Proposed Operation and Equipment Considerations	Cable	Operations	SECRET	1964-04-04	CIA	PARIS ROME FRANKFURT	Director	This cable discusses a proposed operation involving unretrievable equipment and the potential risks to liaison equity. It explores alternative possibilities such as inductive tapping and the use of non-attributable batteries. The cable also requests information from Rome regarding available equipment and batteries.
104-10183-10239	AMWHIP/1 Business Trip to Europe, including KUBARK errands	Cable	Operations	SECRET	1961-04-23	CIA	Headquarters	Rome Station	Cable describes AMWHIP/1 arriving in Europe for a business trip including KUBARK errands in Paris and Geneva. They will arrive in Rome around May 5 and contact the station for any services needed.
104-10183-10240	Availability of AMWHIP for Operations in Geneva, Paris, and Rome	Cable	Operations	SECRET	1964-04-17	CIA	DIRECTOR	GENEVA, BERN, MADRID, ROME, PARIS	This cable discusses the availability of AMWHIP for upcoming operations in Geneva, Paris, and Rome. It details AMWHIP's current commitments in New York and suggests alternative arrangements involving AMWHIP/2 for assistance in Rome prior to AMWHIP's arrival.
104-10183-10259	Meeting with Colonel Porres Saturday, 10 October 1964	Memorandum	Liaison	UNCLASSIFIED	1964-10-13	WH/SA	Harold F. Ewenson, Chief, WIL/SA/CI	Headquarters	Memorandum regarding a meeting with Colonel Porres concerning special treatment for individuals involved with Lyon Sosa, Luis Augusto Turcios Lima, Manuel Joue Ortega Paz, and others who received guerrilla warfare training in Cuba. Discussion also includes the Alfaro case, Luiz Ramirez case, and Hector Jordi Chambonyer case.
104-10183-10260	AMIMUG-1 Operation 24: Briefing in Guatemala of Chief of State (Peralta)	Memorandum	Operations	SECRET	1964-10-13	CIA	Harold t. Swenson		Briefing with Guatemalan Chief of State Peralta regarding intelligence cooperation, security, and concerns about Cuba and Mexico. Peralta expresses his views on Castro, U.S. policy, and the need for aggressive action.
104-10183-10261	DIR CITE SALV 5312	Cable	Cuba	SECRET	1963-09-30	CIA	SALV	DIR	Cable discusses JUNAVE 1, LANGOSCH, AMMLUC 1, Cuban Intel, and potential recruitment efforts.
104-10183-10262	CLASSIFIED MESSAGE	Cable	Operations	SECRET	1964-09-13	SALV	SALV	DIR	Cable discusses the recruitment of JUAVE 2, security considerations, and other targets.
104-10183-10267	CLASSIFIED MESSAGE	Cable	Operations	SECRET	1963-11-24	CIA	1	DIRECTOR	Cable discusses a meeting between PESVING Chief and LANGOSCH, where LANGOSCH briefed on DGI operations and organization, including information on various individuals. LOPEZ expressed keen interest and promised cooperation.
104-10183-10276	AMMUG/1 Operation: Target Analysis and Non-surfacable Leads	Memorandum	Operations	SECRET	1964-06-19	CIA	John M. Whitten, C/WH/2	Chief, WH/SA/CI	This memorandum discusses AMMUG/1 Operation, target analysis, and non-surfacable leads. It includes lists of Central American and Caribbean nationals whose names have come up during debriefing, as well as Target Analysis Summary Reports on individuals like Francisco Javier HELLA Pena and Roque DALTON Garcia. The memo also details operational leads and vulnerabilities for recruitment or defection.
104-10183-10325	DYVOUR/PBRUMEN/Operational: Photograph of "Comandante Willian"	Dispatch	Operations	SECRET	1967-03-15	Chief, Western Hemisphere Division	Chief of Station, JMWAVE	Chief of Station, Bogota	This dispatch requests the photograph of "Comandante William" be shown to AMBINGOs for possible identification. Subject claimed to have received pilot training at San Antonio de los Banos Air Base and may have worked as a Cubana pilot under the name Ernesto Castro Moro.
104-10183-10331	SANTO DOMINGO 2564: DISCUSSIONS BETWEEN CUBANS AND MAIJA REPS	Cable	Cuba	SECRET	1964-10-16	CIA	SANTO DOMINGO	DIRECTOR, JMWAVE, CARACAS	This cable discusses discussions between Cubans and MAIJA reps, including topics such as the PICHI MELLA case, the "GRUPO FRANCES," and concerns about GENAO. It also mentions documents confiscated from a Dominican communist courier.
104-10183-10333	Message Regarding AMMUG/1 and Inter-University Committee	Message Form	Operations	SECRET	1966-12-07	CIA	Director	JMWAVE	This document is a message from the Director to JMWAVE regarding the Inter-University Committee for Political and Social Action and the purchase of a home for AMMUG/1. It also mentions Langosch's request for AMMUG/1 services in Frankfurt.
104-10183-10335	JMWAVE 4480	Cable	Operations	SECRET	1965-12-06	CIA	JMWAVE	WOGAME	This cable discusses AMMUG/1, an agent, and their cover status. It mentions a change in cover to meet tax requirements and facilitate a house purchase.
104-10183-10346	Covert Training for SIFA Officers	Memorandum	Operations	UNCLASSIFIED	1965-02-24	Central Intelligence Agency	Chief, Western Hemisphere Division	Director of Training	This document details a request for covert training for Venezuelan Armed Forces Intelligence Service (SIFA) officers. It outlines the training requirements, biographical data of the trainees, and the purpose of establishing a liaison relationship with SIFA to improve its capabilities and recruit a member.
104-10183-10347	Operational Notes and Case File Information	Report	Operations	SECRET	1963-12-31	CIA	CIA	CIA	This document contains a series of operational notes, case file information, and summaries related to various agents, plans, and contacts. It includes details about recruitment, training, communication methods, and operational objectives within the context of covert activities.
104-10183-10355	Operational Activities related to AMMUG/1	Cable/Memorandum	Operations	SECRET	1970-12-31	CIA	WH/MIAMI; Madrid Station; The Hague Station; Leasing Officer	Chief, CI/OA; Director	These documents concern operational activities related to AMMUG/1, including travel arrangements, liaison with foreign agencies, and requests for watchlisting individuals of interest. Specific individuals mentioned include Roberto Rodriguez Llompart, Eugenio Gonzalez Alvarez, and others involved in Cuban commercial activities in London.
104-10183-10366	Amendment to Operational Approval for AMMUG/1	Memorandum	Operations	SECRET	1971-01-06	CI/OPERATIONAL APPAOVAL AND SUPPORT DIVISION	John E. Howard	Chief, WH/COG/OPS - B. Turbeville	Operational Approval for AMMUG/1 is amended to authorize operational use outside the United States as set forth in PRQ Part II dated 13 February 1965, per memorandum request of 31 December 1970.
104-10183-10376	WAVE Plans and Training	Cable	Cuba	SECRET	1961-09-26	UMWAVE	UMWAVE	DIRECTOR	This cable discusses WAVE plans to start training ALICE INFILS EAR and contains personal information, including names and dates of birth, of several individuals: DANILO POZO CASTRO, EUSTIQUIANO GARCIA LEZCANO, MIGUEL A. DIAZ ISALCUE, OSCAR OLIVA CANTUD, JUAN ESPINOSA GONZALEZ, and FRANCISCO DOMINGUEZ ELEJALDE. It also requests POAS subjects and a card set and discusses JESUS RIERA FERRO as a candidate for RADOP.
104-10183-10384	Letter Regarding Employment for Migration Study	Letter	Cuba	UNCLASSIFIED	1963-02-20	Community of Nations Fund	Roger Joyce	Miguel A. Diaz Isalgue	This letter from Roger Joyce of the Community of Nations Fund to Miguel A. Diaz Isalgue confirms an agreement to employ Diaz at a rate of $250.00 per month, commencing March 1st, to study the effect of large-scale migration on communities, particularly in the Miami area due to the influx of Cuban countrymen.
104-10183-10436	Candidate for Contact with PACETTE	Cable	Operations	SECRET	Unknown	CIA	DIRECTOR	PARIS BRUSSELS MADRID JAMWAVE	This cable discusses a candidate mentioned in a previous reference (REF A) who is not intended for travel to Havana as per another reference (REF B), but rather for contact with PACETTE only. AMWHIP-1 was unable to find a candidate in time for the Havana trip mentioned in REF B. The cable also mentions deferring involving AMWHIP-1 with PACETTE pending the outcome of STATION attempts at contact.
104-10183-10437	Meeting with AMBUNNY-1 and AMWHIP-1	Memorandum	Operations	SECRET	1965-06-02	CIA	Norris W. Damicone	Record	Memorandum regarding a meeting with AMBUNNY-1 and AMWHIP-1 to discuss a possible operation involving the penetration of UNSNAFU-19 office. Concerns are raised about AMBUNNY-1's background and the risk it poses to AMWHIP-1's connections. The possibility of using a cutout is suggested. A planned operation in Paris is canceled, but AMBUNNY-1 may be utilized in Rabat.
104-10183-10439	Contact Report, Meeting with AMWHIP-1	Memorandum	Personnel	UNCLASSIFIED	1965-05-21	Unknown	Sidney P. Di Ubaldo	Unknown	Report on a meeting with AMWHIP-1 regarding the possibility of placing AMBUNNY in UNSNAFU-19's mission in Paris as a French-English-Spanish speaking secretary. The meeting covered AMBUNNY's qualifications and the potential difficulties in concealing her background. The author also reflects on AMWHIP-1's personality and approach to problem-solving.
104-10185-10009	RE: ZRRIFLE	Memo	Operations	UNCLASSIFIED	1962-07-03	CIA	AMS	NKH	This memo discusses the transfer of QJWIN to Baden-Baden, candidates spotted by QJWIN in Italy, and a spotting effort through Hank Manfredi in Rome. It also covers details of contact with QJWIN, drawing funds, and an emergency contact.
104-10185-10024	NAME CHECK, DOCUMENT SERVICE, AND PARTIAL CONSOLIDATION REQUEST	Form	Administrative	SECRET	1955-07-22	CIA	7 McHale	RID	This document is a NAME CHECK, DOCUMENT SERVICE, AND PARTIAL CONSOLIDATION REQUEST form related to Lamberto BESTA. It contains information about BESTA's aliases, occupation, date and place of birth, citizenship, and residence. The form also includes checking instructions and comments regarding pertinent identifiable information and background use. Additional information about BESTA's activities, including collaboration with DEMIGOD, involvement in contraband traffic, and attempted double agent operation, is also provided.
104-10185-10030	ZRRIFLE	Memo	Operations	UNCLASSIFIED	1962-07-03	CIA	AMS	WKH	This memo discusses the transfer of QJWIN, candidates spotted by QJWIN, and other spotting efforts in Italy and France.
104-10185-10105	RELOVA	Report	Cuba	SECRET	1964	CENTRAL INTELLIGENCE AGENCY	Headquarters	Addressees (unspecified)	This document contains personality information on (fnu) RELOVA, pseudonym "Wilberto," an officer of the Direccion General de Inteligencia (DGI) in Cuba. It includes details about his residence, travel history, and personal characteristics, as well as information from a former Cuban Intelligence officer.
104-10185-10110	Julian NOVAS Fernandez	Report	Cuba	SECRET	1964-08-27	CIA	Headquarters	DIA, NAVY, AIR, I&NS, NSA, REP CINCLANT CINCSO	Report on Julian NOVAS Fernandez, identified as a Cuban Intelligence Officer, with details on his assignment in Kingston, Jamaica, as Commercial Attache.
104-10185-10117	JOSE FERNANDEZ	Report	Cuba	SECRET	1964-08-21	CIA	CSCI	STATE, DIA, ARMY, NAVY, AIR, NSA, OCR, FBI, REP, CINCLANT, CINCSO, I&NS	Report on Jose Fernandez, also known as 'El Gallego,' detailing his roles in the Cuban military, his history, and his perceived political leanings.
104-10185-10128	Guillermo ARASTAGUIA	Report	Cuba	SECRET	1964-08-11	CENTRAL INTELLIGENCE AGENCY	CS	DIA, ARMY, NAVY, AIR, OCR, FBI, REP CINCLANT, CINCSO, LENS	This document contains personality information on Guillermo ARASTAGUIA, pseudonym "Rene," chief of the Department of Technical Operational Support (MI) in the Direccion General de Inteligencia (DGI). It includes details about his background, physical description, and possible connections to Anibal ESCALANTE and Ramiro VALDES.
104-10185-10171	IS AMUG-1 DEBRIEFING (SPANISH VERSION) FORWARDED	Cable	Liaison	SECRET	1966-05-25	CIA	ANPI/APOTHALP	DIRECTOR	Cable regarding IS AMUG-1 debriefing and forwarding of Spanish version, requesting guidance on passing a copy to COL ARRIAGA and sending an additional copy for station retention.
104-10185-10202	Safehouse #405	Memorandum	Administrative	SECRET	1964-08-21	Safehouse Branch	Chief, Safehouse Branch	Chief, WH Division	This memorandum details the requisition and establishment of Safehouse #405, including its location, lessee, cover story, case officer, and financial arrangements.
104-10185-10205	Rent Reminder to Mr. Roger Shea	Reminder	Administrative	UNCLASSIFIED	1964-08-17	SUMIT HILL PROPERTIES, INC.	SUMIT HILL PROPERTIES, INC.	Roger Shea	This document is a rent reminder from SUMIT HILL PROPERTIES, INC. to Mr. Roger Shea, regarding overdue rent for August 1, 1964.
104-10185-10209	RECEIPT FOR AUTHENTICATION MATERIALS	Receipt	Operations	SECRET	1963		Unknown	TSD/IB	This document is a receipt for authentication materials related to Ernesto Jesus GARCIA Guzman, including his Ecuadorean and Cuban documents.
104-10185-10228	Memo for the Records: AMMUG Transfer to New Apartment	Memo	Administrative	UNCLASSIFIED	1964-07-01	Unknown	Daniel Flores	Records	Memo regarding the transfer of AMMUG to a new apartment in Silver Springs, Maryland. The apartment was not ready upon arrival, and lacked essential amenities. Arrangements were made for the installation of a telephone.
104-10185-10230	Laddie's Housing Situation	Memo	Administrative	UNCLASSIFIED	1964-04-01		Unknown	Unknown	Memo regarding Laddie's housing situation, including payment balance and apartment arrangements at Summit Hill Apartments.
104-10185-10234	SAFEHOUSE FOR AMMUG-1	Memorandum	Operations	UNCLASSIFIED	1964-06-16	GIPV	Vivion A. Petrowski	THE RECORD	This memo discusses the procurement of a safehouse for AMMUG-1 at Summit Hill Apartments in Silver Spring, Maryland. It details the arrangement made with John Ryan, the placement of a deposit on apartment G-32, and the notification of security. Roger Shea will sign the lease under the name Vladimir Rodriguez Lahera, starting July 1, 1964.
104-10185-10243	MEMO FOR THE RECORD	Memo	Operations	UNCLASSIFIED	1964-06-30		Unknown	THE RECORD	This memo discusses the status of AMMUG-1's INS card and arrangements for AMMUG-1 to move into a safe apartment at Summit Hill, including lease arrangements, moving assistance, and purchasing linens.
104-10185-10244	COVERT SITE Apartment G 32 Summit Hills Apartments.	Memorandum and Report	Security	SECRET	1964-06-26	Office of Security	Deputy Director of Security	Chief, WH Division	This document discusses the security approval and survey of a covert site located at Summit Hills Apartments in Silver Spring, Maryland. It details potential security hazards, communication systems, fire and police protection, and biographical data of residents in nearby apartments.
104-10185-10247	RECEIPT FOR AUTHENTICATION MATERIALS	Receipt	Mexico	SECRET	1964-05-27		TSD/DB	TSD/DB	This document is a receipt for authentication materials related to Jaime Sanchez Papo (Alias). It acknowledges the receipt of a Mexican Driver's License and a Mexican Voters Certificate.
104-10185-10248	REJECTION OF AN APARTMENT FOR AMMUG-1	Memorandum	Administrative	SECRET	1964-05-20	WH/SA/CI	Harold F. Swenson, Chief, WH/SA/CI	WH SA/Logistics	This memo discusses the rejection of an apartment for AMMUG-1 due to exposure to KUBARK staffers and agent assets, including Mr. Dolf Luim, Mr. (Mike Kline), (Horace Speed), and Lou De Santi. It requests that another apartment be secured for AMMUG-1.
104-10185-10252	Memorandum for the Record: Safehouse for AMMUG-1	Memorandum	Operations	UNCLASSIFIED	1964-05-14	WH/SA/CI	Libby, WH/SA/CI	Record	This memorandum discusses the decision to use a specific safehouse for AMMUG-1, located at Hunting Towers, Mt. Vernon Blvd. Apt. #731-West, Alexandria. It outlines the agreement with Mr. (Ray Scofield), the inspection of the apartment, and the plan to move A-1 into the safehouse after debriefing. The memo also mentions informing Mr. (John Ryan) about the change in plans regarding prospective apartments for A-1.
104-10185-10253	DIR 20506: KURIOT PREPARING TWO DOCUMENTS	Cable	Mexico	SECRET	1964-05-11	CIA	DIRECTOR	MEXICO CITY	Cable discussing the preparation of two documents for a case, including a driver's license and voter registration, and instructions for forwarding them to a specific address.
104-10185-10315	MEXI 9336: RYBAT TYPIC AMMUG	Cable	Mexico	SECRET	1964-05-07	CIA	MEXICO CITY	DIRECTOR	Cable discussing a plan involving a MEXI officer carrying a letter and instructions to MNTY, and the preparation of MEXI identity documents. Also includes a C/S comment about AMMIING-1 wanting to write to his wife in Cuba.
104-10186-10004	Potential Visit of AMMUG-1 to Montevideo and Support for Intelligence Unit	Cable	Operations	SECRET	1963-11-03	CIA	WH 8	DIRECTOR INFO SANTIAGO JMWAVE RIO DE JANEIRO	This cable discusses the potential visit of AMMUG-1 to Montevideo for a presentation and its potential impact on convincing the need for YM support for the newly created Directorate of Intelligence Unit. It also mentions the return of AVALANCHE officers from WOFIRM training.
104-10186-10008	COS Station List 1964	List	Administrative	SECRET	1964	SEC	N/A	N/A	List of COS stations and locations as of 1964.
104-10186-10021	SAN SALVADOR 6756: Recruitment and Interrogation Operations	Cable	Operations	SECRET	1967-04-04	CIA	SAN SALVADOR	DIRECTOR	This cable discusses the recruitment and interrogation of individuals, including Jose Rehberto Carrillo Calderon and Alejandro Gonez Montano, for joint operations against POEs. It also mentions potential involvement of AMMUG-1 and JUSLOOP-1 in these operations.
104-10186-10037	IS AMUG-1 DEBRIEFING (SPANISH VERSION) FORWARDED HGGW-3947	Cable	Operations	SECRET	1960-05-25	CIA	GUATE	Director	Cable regarding AMUG-1 debriefing and forwarding a Spanish version to Col Arriaga.
104-10186-10088	Policy Guidance Directives for Cuban Intelligence Representatives in Haiti	Report	Cuba	SECRET	1965-02-04	CENTRAL INTELLIGENCE AGENCY	CENTRAL INTELLIGENCE AGENCY	WE/1, EE/GNVA, EE/ZURI, EE/HAMB, EE/KAVA, WE/5, WE/BC, FE/DJAK, WE/R, FE/MEDN, FE/SURA, FE/TOKY, WH/MEXI, FE/OKIE, WH/MNTY, FE/SEOU, WH/MRID, FE/SAIG, FE/KOBE, WH/SDOM, WH/PIBO, NE/COLO, WH/POSN, NE/NEWD, WH/KNGS, NE/BOMB, WH/PRIN, NE/CALC, WH/GORG, NE/MDRS, WH/MANA, NE/KUWA, WH/SJOS, NE/KAHI, WH/SALV, NE/DACC, WH/TEGU, NE/LAHO, WH/GUAT, NE/RAWL, WH/LAPA, NE/BAGH, WH/BOGO, NE/BEIR, WH/QUIT, NE/DAMA, WH/GAYA, NE/ALEP, WH/LIMA, NE/JIDD, WH/CARA, NE/DAHA, WH/BUEN, NE/TAIZ, WH/COBA, NE/CAIR, WH/MONT, NE/ALEX, WH/ASUN, WH/SAGO, WE/BRUS, WH/RIOD, WE/COPE, WH/CURI, WE/HELS, WH/BRIL, WE/OTTA, WH/SAOP, WE/ROME, WH/BHIA, WE/MILA, WH/BEHO, WE/HAGU, WH/LGRE, WE/OSLO, WH/RECI, WE/LISB, WE/MADR, WH/SA/WAVE, WE/BARC, WE/STOC, AF/ALGI, WE/LOND, AF/ORNA, WE/PARI, AF/RABA, AF/CASB, Liaison Dissen, AF/ACCR, IE/Canada, AF/CNRY, RCMP, AF/BAKO, IE/British, AF/DARE, L/WASH/BR, EE/VIEN, EE/SBUR, EE/CYRU, EE/ATHE, EE/SLON, EE/BERN	This document contains policy guidance directives for Cuban intelligence representatives in Haiti, prepared by the General Directorate of Intelligence (DGI). It outlines priorities and important areas of focus for intelligence gathering, including plans of aggression against Cuba, progressive political forces, attitudes towards the Cuban Revolution, and strategic information. It also covers topics such as relations with the United States, internal politics of Haiti, and the condition of the national economy.
104-10186-10099	Policy Guidance Directives for Cuban Intelligence Representatives in the Dominican Republic	Report	Cuba	SECRET	1965-01-11	Central Intelligence Agency (CIA)	General Directorate of Intelligence (Dirección General de Inteligencia -- DGI), MA Department	STATE, ARMY, NAVY, AIR, NSA, DIA, INR, OCR, FBI, WH/COPS, WH/PO/A, WH/PO/B, WH/1, WH/2, WH/3, WH/3/V, WH/4, WH/5, WH/6, WH/R, WH/SA/EOB, WH/SA/MOB, WH/SA/R, WH/SA/Int, WH/SA/CI, WH/SA/SO/NS, CI/Staff, CI/Liaison, CI/R&A, RID/AN, AF/1, AF/2, AF/3, AF/4, AF/R, AF/CI, EE/K, EE/SA, EE/BR, EE/YA, EE/H, EE/P, EE/C, EE/IIS, FE/PMI/I, FE/JKO/JO, FE/JKO/K, FE/VNC/VN, FE/R, FE/CI, NE/AA/L&S, NE/AA/AP, NE/AA/E, NE/AA/I, NE/5/P, NE/6/C&I, NE/Intel, SR/CI, SR/CI/K, SR/RR, SR/O/WH, IE Canada (RCMP), IE British, L/WASH BR1	This document contains policy guidance directives for Cuban intelligence representatives in the Dominican Republic, prepared by the General Directorate of Intelligence (DGI), MA Department, during the régime of Juan Bosch Gaviño. It outlines priorities and information guidelines for intelligence gathering in Santo Domingo, focusing on collective action against Cuba, the status of leftist forces, the Dominican Republic Armed Forces, the Dominican Communist Party, training camps, counterrevolutionary organizations, repressive corps, CIA activities, political parties, solidarity with Cuba movement, relations with the United States, the Church, and the internal situation of the armed forces.
104-10186-10235	Fernando FUENTES Coba	Report	Cuba	SECRET	1964-10-02	CENTRAL INTELLIGENCE AGENCY	Headquarters	STATE, DIA, ARMY, NAVY, AIR, NSA, XXX, OCR, FBI, REP, CINCLANT, CINCSO, I&NS	This document contains information about Fernando FUENTES Coba, a former lieutenant in the Cuban Police Force who later worked in a printing establishment in Halifax, Canada. The report includes supplemental information from the CIA records regarding FUENTES' involvement with the Departamento Tecnico de Investigaciones (DTI) and his activities related to forging birth certificates and serving as a Castro agent.
104-10186-10264	(fnu) RELOVA	Information Report	Cuba	SECRET	1964-09-01	CIA	CENTRAL INTELLIGENCE AGENCY	STATE, DIA, ARMY, NAVY, NSA, OCR, FBI, REP CINCLANT, CINCSO	This document is an information report from the Central Intelligence Agency (CIA) regarding (fnu) RELOVA, an officer of the Direccion General de Inteligencia (DGI) in Cuba. The report includes details about RELOVA's residences, travels, and activities, gathered from various sources and supplemented by CIA records.
104-10186-10269	Julian NOVAS Fernandez	Information Report	Cuba	SECRET	1964-08-27	Central Intelligence Agency	CSCI	DIA, ARMY, NAVY, AIR, NSA, OCR, FBI, I&NS, CINCLANT, CINCSO	Report on Julian NOVAS Fernandez, identified as a Cuban Intelligence Officer, including details of his assignment to the Cuban Consulate in Kingston, Jamaica, as Commercial Attache, his background, and his wife's arrival in Kingston.
104-10186-10308	Policy Guidance Directives for Cuban Intelligence Representatives in Haiti	Report	Cuba	SECRET	1965-02-04	CENTRAL INTELLIGENCE AGENCY	General Directorate of Intelligence (DGI)	Distribution List	This document contains policy guidance directives for Cuban intelligence representatives in Haiti, prepared by the General Directorate of Intelligence (DGI), MA Department.
104-10186-10309	Policy Guidance Directives for Cuban Intelligence Representatives in the Dominican Republic	Report	Cuba	SECRET	1963-06-1964	CENTRAL INTELLIGENCE AGENCY	General Directorate of Intelligence (Direccion General de Inteligencia--DGI)	REPCINCLANT I&NS	This document outlines policy guidance directives for Cuban intelligence representatives in the Dominican Republic, prepared by the General Directorate of Intelligence (DGI). It prioritizes information gathering on collective action against Cuba, the status of leftist forces, the Dominican Republic Armed Forces, the Dominican Communist Party, training camps, counterrevolutionary organizations, repressive corps, CIA Santo Domingo, political parties, solidarity with Cuba movement, relations with the United States, the Church, and internal situation of the armed forces.
104-10186-10382	AMMUG/1 Identification of Manuel ESTEVEZ Perez	Dispatch	Cuba	SECRET	1965-08-16	CIA	Chief, WH 15-2	Chief of Station, Madrid; Chief of Base, Barcelona; Chief of Station, JMWAVE	This dispatch concerns the identification of Manuel ESTEVEZ Perez by AMMUG/1. AMMUG/1 was unable to identify the name. It suggests providing a photograph of the subject to HAVE to show AMMUG/1 for possible identification.
104-10186-10410	Cable regarding Cuban Defector and GAN Trainees	Cable	Cuba	SECRET	1965-01-20	CIA	STATION	DIR	This cable discusses the approach to a Cuban defector, Rivera, and concerns about surfacing names of GAN trainees due to potential risks and lack of juridical grounds. It also recommends deletions and adjustments to a draft CAS paper regarding Cuban aggression planning and proposes a course of action involving arrests and the presentation of evidence to the OAS.
104-10187-10003	Request for LISTAN Project Renewal	Memo	Administrative	UNCLASSIFIED	1962-01-25	Unknown	Unknown	LIENVOY/Support, LIENVOY/Dev & Plan	This memo requests the renewal of the LISTAN Project, adjusting the budget to reflect the new policy of charging Staff Agent costs to Station Support.
104-10187-10009	Photographic Surveillance Operation	File	Operations	SECRET	1958-01-01	CIA	Chief of Station, Mexico City	Director	This file contains documents related to KDFACTOR, a photographic surveillance operation targeting the MHHARSH installation in Mexico City. The documents include operational reports, cable messages, and administrative information. The operation involved multiple surveillance points (KDLITERAL and KDABSINTHE) and several salaried assets. The file covers the period from 1958 to 1973, detailing the project's activities, security measures, and eventual termination.
104-10187-10014	Amendment and Termination of Project KDFACTOR	Memorandum	Operations	SECRET	1973-04-26	CIA	L. A. Campbell, Chief, Foreign Intelligence	Associate Deputy Director for Operations	This document pertains to Project KDFACTOR, a photographic surveillance operation in Mexico City targeting the Soviet Embassy. It discusses the termination of the project due to a security breach, agent terminations, and associated costs, requesting additional funding to cover expenses.
104-10187-10030	LIENVOY Operations - Monthly Operational and Production Reports; Personality Briefs	Dispatch	Operations	SECRET	1963-12-19	CIA	Chief of Station, Mexico City	Chief, WH Division	These documents pertain to Project LIENVOY, a sensitive intelligence operation. They include monthly operational reports, production reports, and personality briefs. The reports cover target lines, processing of information, exploitation of leads, liaison activities, security, technical issues, personnel, and production metrics. Noteworthy individuals such as Lazaro Cardenas del Rio and David Alfaro Siqueiros are profiled. The documents also discuss interactions with Cuban and Soviet officials and operations against various targets including embassies and political figures.
104-10187-10071	Intelligence on POES Activities and Concerns	Message	Cuba	SECRET	1963-09-27	CIA	ESCIATE	DIR	This document discusses meetings and intelligence related to the POES (Communist Party of El Salvador), including potential risks of discovery and the need to maintain operational security. It mentions individuals involved in the POES and their activities, as well as concerns about security leaks and potential damage to relations. The document also outlines actions taken to gather information on guerrilla warfare and other activities.
104-10187-10103	CUBAN DEFECTOR: Briefing in Guatemala (Chief of State Peralta)	Memorandum	Cuba	SECRET	1964-10-13	CIA	CIA	CIA	This memorandum discusses a briefing in Guatemala regarding Cuban defector operations, DGI structure and operational techniques, and potential cooperation between the U.S. and Guatemala in intelligence matters.
104-10187-10109	Classified Message Regarding Cuban Target and Intelligence Activities	Classified Message	Cuba	SECRET	1963-09-27	CIA	CIAOFFICER	DIR	This classified message discusses meetings with a Cuban target and a Cuban defector, intelligence gathering efforts, and concerns about security leaks and potential compromise of CIA operations. It also covers topics such as PCES activities, recruitment of individuals, and the disappearance of Roque Dalton.
104-10187-10110	Recruitment of Cuban Target in El Salvador	Classified Message	Cuba	SECRET	1963-09-28	CIA	DIR	WH DIV CUBA	This document details a CIA operation involving the recruitment of a Cuban target through the cooperation of a Salvadoran intelligence chief. It outlines the importance of the target's knowledge of communist parties in El Salvador and other Central American countries, and the security measures in place to protect the operation.
104-10187-10111	DIR 52099: ALTERNATIVE UNDER CIRCUMSTANCES	Cable	Cuba	SECRET	1964-09-20	CIA	DIRECTOR	SALF	Cable discusses potential alternative under certain circumstances, mentioning CUBA SLUBAN DETECTOR and RAFS SALY MOLEX 5296.
104-10187-10113	Cuban Defector	Cable	Cuba	SECRET	1963-09-30	CIA	SAN SALVATEIS	WH8	This cable discusses the handling of a Cuban defector, referred to as DALTON. It assesses his potential value as an agent against Cuban intelligence and the obstacles he presents if released. It also covers the protection of equity in a Cuban target, recruitment efforts, and the arrest of guerrillas trained in Cuba.
104-10187-10117	DIR CITE SALY 5329 WH DIV CUBA CUBAN DEFECTOR	Cable	CIA	SECRET	1954-10-01	CIA	WA Y	DIR	This document discusses matters related to a Salvadoran asset and a Cuban exile asset. It mentions discussions with NIGHT 38, arrangements for DALTON, and plans for a return after a stop. It also includes routing and handling information.
104-10187-10142	Briefing on Cuban Subversion	Cable	Cuba	SECRET	1964-09-08	CIA	SAN SALVADOR	DIRECTOR	Cable regarding briefing to the President concerning Cuban subversion and use of material, emphasizing the need for professional handling and security.
104-10187-10146	Salv 5289: WH DIV CUBA CUBAN DEFECTORS	Cable	Cuba	SECRET	1962-09-25	CIA	Station	DIR	Cable discusses a plan to move DALTON to a house where a CIA officer can see him alone and verify a cutout story through PLA.
104-10187-10147	Intel Service Chief LIGIBON to attend President Rivera's briefing	Cable	Cuba	SECRET	1964-09-03	CIA	Director	Director	This cable discusses the importance of the Intel Service Chief LIGIBON attending President Rivera's briefing, as he will likely try to move in on leads and take full credit for the Cuban defector information.
104-10187-10149	STAFF EMPLOYEES WILL TRAVEL SALV	Cable	Operations	SECRET	1964-08-27	CIA	SALV GUAT	DIRECTOR	This cable discusses potential meetings and discussions in El Salvador and Guatemala regarding Cuban subversion, as well as potential pitches to AMMUG leads.
104-10187-10174	Transmittal of Debriefing Report on use of Fraudulent International Travel Documentation by Cuban Intelligence	Dispatch	Cuba	SECRET	1964-07-13	CIA	HAS CACICER	Chief of Station, London; Chief, Frankfurt; COS, Germany	Transmittal of Debriefing Report on use of Fraudulent International Travel Documentation by Cuban Intelligence. Cena 4819.
104-10187-10208	Traces of Individuals and Travel Watchlist Request	Cable	Cuba	SECRET	1965-04-19	DIRECTOR	DIR	OM PANAMA CITY	This cable discusses traces of individuals, including Roque Dalton Garcia, Rogelio Rodriguez, Julio Damas Vasquez, FNU Sosa, Alejandro Gomez Montano, and Ricardo Martinez, and requests advice on disclosing names to Panamanian authorities for travel watchlist purposes.
104-10188-10015	Various documents related to Project KDAFGHAN and related operations in Mexico City	Dispatch/Memo/Notice/Form	Administrative	SECRET/CONFIDENTIAL	1963-11-01	CIA	Various	Various	This collection of documents primarily concerns Project KDAFGHAN, a photographic operation conducted in Mexico City. The documents cover various aspects, including equipment requests (specialized lenses, cameras), passport renewals for KDAFGHAN personnel, technical issues with pulse cameras and related equipment, file management procedures (opening, amending, closing files), cryptonym changes, and audit reports. Mentions of LIONION, AQUATIC, and other related operations are interwoven. Also included are administrative notices concerning file processing and retirement.
104-10188-10454	DIR CITE SALV 5229: WHDV CUBA CUBANDEF	Cable	Cuba	SECRET	UNKNOWN	Director	Director	DDP, WILSA 8, CI, Cilops, ciles, VE	This cable discusses the approach to a liaison asset (Tapy/Watson) and details a refusal to serve as an informant due to security concerns. It mentions potential work with someone enjoying close relations with a cultural attaché. Instructions are given to delay further action until advised, and a request is made to identify a representative mentioned in a previous reference.
104-10192-10110	MOC, Christian Democracy in Latin America, Plans for ODCA Mid-April Congress	Dispatch	FBI	SECRET	1967-12-29	FBI	Chief of Station, JMWAVE; William V. Brocc	Chief, WH Division; Chiefs, All MI Stations and Bases	This document discusses the Organizacion Democrata Cristiana de America (ODCA) Congress, Christian Democracy in Latin America, and European CD support to CD parties.
104-10192-10154	Setting Off of Bombs by Juventud Accion Cubana Anticomunista	Cable	Cuba	SECRET	1960-05-07	CIA	HAVANA	DIRECTOR	Cable regarding Cuban youth plans for sabotage on 30 April by JUVENTUD ACCION CUBANA ANTICOMUNISTA.
104-10192-10229	DIRECTOR BELLA NAPELI	Cable	Operations	SECRET	1966-10-05	CIA	JAVE	DIRECTOR	This cable discusses Orlando Bosch's suspended sentence, allegations of WOFACT activities, and potential publicization of JMWAVE activity.
104-10192-10266	Miami Herald Article on Manuel Ray Replacing Miro	Classified Message	Cuba	SECRET	1962-05-27	JMWAVE	JMWAVE	DIRECTOR	This document discusses an article in the Miami Herald that claims Manuel Ray has replaced Miro as exile chief with the blessing of the United States. The article has caused concern in the local Cuban colony, and the CIA is considering discrediting the story and reassuring Miro.
104-10192-10284	STATEMENTS OF MANOLA RAY, EXILE LEADER OF THE PEOPLE'S REVOLUTIONARY MOVEMENT	Telegram/Information Report	Cuba	SECRET	1961-10-24	Central Intelligence Agency	LONDON	STATE, CINCLANT, CINCARIB	Statements of Manolo Ray, exile leader of the People's Revolutionary Movement, regarding the overthrow of Castro and the role of internal resistance.
104-10193-10016	Debriefing Report - Santiago SANCHEZ de la Torre	Dispatch/Debriefing Report	Cuba	SECRET	1963-10-04	CIA	Chief of Station, JMWAVE	Chief, Special Affairs Staff	Debriefing report on Santiago SANCHEZ de la Torre, detailing his work against the CASTRO regime, his involvement with the MRR, and information regarding the MRR roll up. Includes information on Angel BENCOMO, believed to be responsible for the MRR roll-up.
104-10194-10024	Terence S. CRABANAC Contract Employment Records	Memorandum and Contract Documents	Personnel	SECRET	1965-07-04	CIA	Chief, Contract Personnel Division and various other CIA offices	Chief, Contract Personnel Division	This collection of documents pertains to the contract employment of Terence S. CRABANAC with the CIA from 1965 to 1970. It includes contracts, amendments, and memoranda regarding his compensation, allowances, travel, operational expenses, benefits, and cover activities. Key topics include his assignment to Spain, housing allowances, royalty retention, and transition from staff employee to contract employee.
104-10209-10018	REDWOOD/LCIMPROVE: Semen Spiridon POHORILYJ and Jozef KOZAK Investigations	Dispatch/FBI Document/Report	Liaison	SECRET	1962	CIA/FBI	Chief of Station, Paris/Vienna; Deputy Director (Plans)	Director, Federal Bureau of Investigation; Chief, SR; Chief, WE; Chief, EE	This file contains dispatches and FBI documents related to Semen Spiridon Pohorilyj and Jozef Kozak. The documents discuss investigations into their activities, contacts, and potential connections with Soviet intelligence.
104-10209-10025	DE GOLYER CO.	Memo	Administrative	CONFIDENTIAL	1961-04-28	CIA	OFTLER	CYP STAFF	This document references DeGolyer & MacNaughton and photogeological mapping in the Spanish Sahara.
104-10209-10164	Location and Code List for Divisions and Operations	List	Administrative	SECRET	2025	Unknown	Unknown	Unknown	Lists of locations and codes related to various divisions and operations.
104-10209-10259	THE LEE HARVEY OSWALD CASE	Memo	Security	SECRET	1964-01-29	CIA	H. D. Stevens	N/A	This memo discusses Abram Chayes, Llewellyn Thompson, and Samuel Wiese's alleged involvement in Lee Harvey Oswald's return to the United States from the Soviet Union in June 1962. It also details security clearances, associations, and investigations related to these individuals.
104-10210-10020	RELEASE UNDER THE PRESIDENT JOHN F. KENNEDY ASSASSINATION RECORDS ACT OF 1992	Memo	Soviet	Top Secret	1968-02-01	CIA	CIA	Unknown	This document is a memo regarding the Top Secret study entitled, "The Examination of the Bona Fides of a KGB Defector - Yuriy I. NOSENKO," dated February 1968. It details the attachment of specific pages, deletion of sensitive information, and a request for the study's return after review. The memo also warns of sensitive intelligence sources and methods involved.
104-10211-10146	PBQ Part I - Alfonso Dabilodox Torres	Dispatch	Operations	SECRET	1963-11-13	CIA	Chief of Station, Mexico City	Chief, WH Division	Dispatch from the Chief of Station, Mexico City to Chief, WH Division regarding PBQ Part I on Alfonso Dabilodox Torres. Requests provisional operational approval and a 201 number. Includes assigned cryptonym.
104-10211-10326	LIENVOY-8	Dispatch	Operations	SECRET	1963-10-23	WE Division	Chief, WE Division	Chief of Station, Mexico City	This dispatch discusses LIENVOY-8, a person believed to have been terminated from the LIFEAT and LIENVOY project but still covered by the LIEKVOY Project. Headquarters requests information on the present status of LIENVOY-8, including whether he has been terminated or is still being used, and if so, an analysis of his reliability and any security problems.
104-10213-10002	Related Mission Directive for Mexico	Memorandum	Mexico	UNCLASSIFIED	1961-01-24	CIA	Chief, WH Division	Deputy Director (Plans)	This memorandum discusses the revised Related Mission Directive for Mexico. It outlines the long-range national policy objectives of the U.S. Government toward Mexico, operational emphasis on clandestine collection and covert action operations, and changes in the MAD. The directive includes objectives related to obtaining information on Sino-Soviet bloc activities, reducing Communist influence, obtaining information on the Communist Party of Mexico, and supporting efforts against the Castro regime in Cuba.
104-10213-10202	The 201 System	Handbook Excerpt	Administrative	SECRET	1974-11-15	DDO/RMO	Information Services Group (ISG)	DDO/RMO	This document describes the 201 system used by the Operations Directorate for identifying, controlling, and filing information on persons of interest. It covers 201 numbers, dossiers, master records, OI codes, machine lists, dossier creation, maintenance, restrictions, information requests, and cancellation procedures.
104-10213-10209	RESTRICTIONS ON OPERATIONAL USE OF CERTAIN CATEGORIES OF INDIVIDUALS	DDO Instruction	Operations	SECRET	1973-09-04	DDO	Deputy Director for Operations	All DDO Elements	This document outlines restrictions on the operational use of certain categories of individuals by the DDO. It details prohibitions and policy restrictions based on U.S. Governmental directives, agency agreements, and the DDO's risk assessments. It includes guidelines for approval procedures when using individuals from sensitive categories, such as members of ACTION, Fulbright grantees, media employees, and foreign nationals.
104-10213-10352	House Select Committee on Assassinations Request for Information on 201 Criteria (S)	Memorandum	Administrative	SECRET	1978-02-28	CIA	C/ISS	O/SA/DO/O	This document discusses the 201 system, which is a method for identifying persons of interest and controlling information about them. It includes details on opening, maintaining, controlling, and closing 201 files, as well as the use of OI codes and machine listings.
104-10215-10003	GENERAL- Administrative, SPECIFIC- Arthur G. VAIVADA	Dispatch/Memorandum	Administrative	SECRET	1957-11-07	Chief of Station, Habana	Chief of Station, Habana	Chief, WHD	This document discusses Arthur G. Vaivada's request for reassignment from Habana in June 1958, including his interest in being assigned to Spain under unofficial cover and the Station's recommendation for his reassignment.
104-10215-10004	Request for Domestic Cover for Ross Crozier	Memorandum	Personnel	SECRET	1963-06-25	CIA	Chief, SAS; Desmond FitzGerald; Chief, SAS/Support; Board J.	Central Cover Staff; Chief, Central Cover Staff; Chief, Finance Division	These documents relate to the request for domestic and military cover for Ross Crozier, including reasons for the request and updates on his location and duties.
104-10215-10018	MEXI 5444: REDWOOD LCIMPROVE SPOT APPROACH TO BAKULIN	Cable	Mexico	SECRET	1963	CIA	MEXICO CITY	DIRECTOR	This cable discusses potential assets for accessing Valentin Vasilyevich Bakulin and requests traces on Arturo Carrillo Esparza and Cynthia Chlebicki.
104-10215-10035	Medical Information and Activities in Cuba	Report	Cuba	CONFIDENTIAL	1963-02-23	MRSAVE	ASSET	Headquarters attn & atts.	This report details information obtained from various sources regarding medical supplies to Cuba, film purchase requests, and personnel listings. It includes bulletins from anti-communist groups, letters concerning film purchases from Czechoslovakia, and commentary from Cuban medical figures.
104-10215-10128	BARNES, WINIFRED C.	Memorandum	Security	CONFIDENTIAL	1967-02-28	CIA	Chief, Personnel Security Division	Director, Domestic Contact Service	This file contains interoffice memorandums, security messages and information reports pertaining to Winfred Clark Barnes and his activities. The documents detail security checks, biographic data, clearance requests, and his employment history with Esso and International Petroleum Company. The reports also cover topics such as anti-Castro attitudes of ICP personnel, operations of refineries, and oil-related issues in Cuba.
104-10215-10139	Request for Training at ISOLATION	Cable	Operations	SECRET	1965-07-07	JMWAVE	JMWAVE	DIRECTOR, EGLIN	This cable details a request for training for a six-man leader group at ISOLATION, scheduled to arrive on July 11. The training will focus on isotropics, with less emphasis on UDI, stress leadership, and field exercises encompassing tradecraft, caching, and observation reporting. All trainees have completed JMWAVE training and have OA's and recent LCFLUTTERS. The cable also requests airlift for the leader team to ISO on the night of July 11 and return of the AMANCHOR group from ISO to WAVE on the night of July 12.
104-10215-10146	Training Report for FRANK - PBRUMEN II	Training Report	Personnel	SECRET	1966-08-30		JEROME W. GREINER, Project Officer, Chief Instructor (JOSEPH M. HUDACEK)		This document is a training report for student FRANK in paramilitary resistance activities and intelligence collection operations, covering the period from July 11 to August 13, 1966. It includes performance evaluations and narrative comments on FRANK's skills and capabilities.
104-10215-10188	DIR 48198: Keyway PBRUMEN AMWHIP	Cable	Operations	SECRET	1963-06-18	SAS/EOB	Director	Rome	Cable regarding an activation effort to a DRAGON agent in PBRUMEN, who met in Paris by THOMPSON and WALLACE A. GROWERY last summer. Request for SMITHAM to ask AMTHIP for date he sent letter to "THOMPSON'S FRIEND" in PBRUMEN.
104-10215-10200	PREPARATION OF OUTGOING SW MESSAGES	Letter	Cuba	SECRET	1963-01-21	PSD/SWB	PSD/SWB	Bill Wainwright	This document is a letter to AMLASH/1, which discusses a number of topics, including the possibility of AMLASH/1 returning to military service, the need for more detailed information in reports, a potential meeting in Mexico, and the location of hiding places in Paris. The letter also requests information on Soviet medical clinics in Cuba, reports of Soviet citizens becoming ill, shipments of bad meat from the Soviet Union, and reports of cattle in Cuba being infected with foot-and-mouth disease.
104-10216-10000	Director 627921	Cable	Operations	SECRET	1980-03-04	DIRECTOR	STAFF	MADRID	This cable discusses the Department of State authorizing visas to the AMLASH family, with a proviso that they are bona fide visitors and not immigrants. It also includes a debriefing of AMLASH-1 in Madrid, where he expressed his intention to settle in Spain. The file number is 201-252234.
104-10216-10002	NINTEL ANLASH	Cable	Operations	SECRET	1980-01-02	CIA	DIRECTOR	MADRID	Cable regarding AMLASH/1 (Cuban asset) in Madrid, meeting with a representative, and future plans. Request for contact information for IDEN B upon arrival in Madrid.
104-10216-10046	Visit of Identities	Dispatch	Operations	SECRET	1962-07-23	CIA	Dexter E. Kelpe	Acting Chief of Station, Lata	This dispatch discusses Identities A and B. Identity A is willing to serve ODYOKE without remuneration and has been in contact with the local attache regarding aeronautical spare parts. Identity B has been in contact with another ODYOKE component since January 62 and therefore cannot be approached by KUBARK.
104-10216-10073	Report of PBPRIME Citizen on Connections with Ecuadorean Government	Dispatch	Operations	SECRET	1960-10-05	WH	Chief, WH	Chief of Station, Quito; Chief of Base, Guayaquil	Report of PBPRIME Citizen on Connections with Ecuadorean Government, Subject's statements and activities in Ecuador
104-10216-10075	I. IRVING DAVIDSON	Memo	Personnel	UNCLASSIFIED	1958-10-06	Far East Division	Chief, Far East Division	Chief of Station, Manila	This memo discusses I. Irving Davidson, an international businessman, and his potential involvement in business propositions, as well as his contacts with various government agencies and foreign representatives. It also mentions his relationship with Drew Pearson and MIRAVELIN and his activities related to arms sales and travel agencies.
104-10216-10148	TYPIC/Operational Transmittal of Operational Plan for ANTRUNK VII	Dispatch/Operational Plan	Operations	SECRET	1964-01-28	JEWAVE	Chief of Station, JEWAVE	Chief, Special Affairs Staff	Operational plan for ANTRUNK VII, involving infiltration into Northern Matanzas Province and Havana to accomplish MHAPRON objectives. The plan includes establishing contact with ANTRUNK-10, recruiting Jose Alberto SEMIDEY Isalgue, and caching a clandestine radio set.
104-10216-10159	Improved Sight for 7.62 Belgium (FAL) Rifle	Memorandum	Operations	SECRET	1964-06-24	TSD/Engineering Branch	C/TSD/EB	C/WH/SA/MOB/PM	This memorandum details the provision of improved sights for the 7.62 Belgium (FAL) rifle, including rear sight hoods, instructions, tool kits, and ammunition. It notes the infeasibility of developing a scope and mount within the given timeframe and provides contact information for additional details.
104-10216-10171	Tests of Modified Sights for 7.62 Belgium (FAL) Rifle	Memorandum	Operations	SECRET	1964-06-10	TSD/EB	DANIEL J. HOGAN	Record	This memorandum details tests conducted on modified sights for the 7.62 Belgium (FAL) Rifle. The tests involved a Williams Peep sight and a telescopic sight, with the aim of improving the rifle's accuracy and range. The tests revealed issues with both sights, including erratic performance and mounting difficulties.
104-10216-10199	Communication Details for Rolando CUBELA Secades	Memo	Cuba	SECRET	1963-11-01	Unknown	Unknown	Unknown	This document details communication methods and addresses for contacting Rolando CUBELA Secades, including standard, rapid, and emergency options. It also specifies code names and procedures for secure communication.
104-10216-10202	250661 13 192 TO PARIS FROM DIRECTOR	Cable	Operations	SECRET	1964-08	CIA	DIRECTOR	PARIS	Cable discusses traces of CANTO and refers to RYBAT.
104-10216-10234	Test of Open Sight Hood for 7.62um Belgium (FAL) Rifle	Memorandum	Operations	SECRET	1964-07-01	DDP/TSD/EB	DANIEL J. BOGAN	THE RECORD	This memorandum details tests conducted on an open sight hood for the 7.62mm Belgium (FAL) Rifle, including tests of improved underloaded 7.62mm NATO rounds, listener trials to determine the distance at which the rifle's mechanical noise could be discerned, and an evaluation of the sight hood's fit on various rifles. It also covers the use of a scope in low light conditions and the delivery of sight hoods and ammunition.
104-10216-10238	AMLASAL	Cable	Cuba	SECRET	Unknown	DIR	AMLASAL	UIT	Cable discusses Manuel Cantillo Toirac, new second secretary at the Cuban Embassy in Madrid, who is reportedly connected to Cuban Security, and the development of a close friendship with Cantillo.
104-10216-10273	TYPIC/WHAPRON/ANTRUNK/Operational ABSTRACT: ANTRUNK Progress Report for Period 1-30 November 1964	Dispatch	Operations	SECRET	1964-12-10	JMWAVE	Chief of Station, JMWAVE	Deputy Chief, WH/SA	This dispatch reports on the progress of ANTRUNK operations for November 1964, including preparations for ANTRUNK X, recruitment efforts, and communication with assets. It also details operational expenditures and projected plans for future operations.
104-10216-10338	DIR 95504: UNSKAPU/9 Firing and Potential Hazard to AMLASH/1	Cable	Cuba	SECRET	1965-03-24	CIA	DIRECTOR	PARIS	This cable discusses the potential hazard of UNSKAPU/9 firing to AMLASH/1 and suggests methods to determine the background of UNSNAFU/19's statement about U/9 being a "dirty KUBARK agent." It proposes using AMWHIP/1 and his jeweler friend in Havana, Jose Iglesias, to relay information to ANLASH/1.
104-10216-10397	PEAT TYPIC AMLASH	Cable	Operations	SECRET	1965-06-25	FI	ROME	DIRECTOR	This cable discusses the AMLASH operation and the involvement of AMWHIP/2. It suggests minimizing contact with AMWHIP/2 until Joseph Langosch can provide background information.
104-10216-10398	Meeting with AMLASH-1 in Paris, 31 January to 3 February 1965	Memorandum	Cuba	SECRET	1965-02-15	CIA	Nestor D. Sanchez, WH/SA/AMWORLD	Record	Memorandum detailing a meeting with AMLASH-1 in Paris from January 31 to February 3, 1965. Topics discussed include security implications related to the capture of Modesto Orlando Orozco Basulto, resupply of S/W developer pills, upcoming FEU elections, precautions for sabotage of locomotives being shipped from France to Cuba, and information on Cuban Intelligence Service personnel and other Cuban officials.
104-10217-10000	MEMORANDUM FOR THE RECORD SUBJECT: Clemard Joseph CHARLES	Memorandum	Cuba	CONFIDENTIAL	1963-05-10	CIA	A. F. CZAJKOWSKI	RECORD	This memorandum details contacts and assessments of Clemard Joseph Charles, a Haitian banker, by various US agencies. It discusses his connections to President Duvalier, his political ambitions, and his interactions with US officials. The memo also mentions George de Mohrenschildt and his background.
104-10217-10185	Cable Regarding Communication from Cuban Prison	Cable	Cuba	SECRET	1971-03-30	Unknown	MADRID	Unknown	This cable discusses Lazaro Gutierrez Menoyo's note from a Cuban prison to Pedro M. Diaz in Miami. It also mentions Eloy Gutierrez Menoyo and traces on Diaz.
104-10217-10196	CLASSIFIED MESSAGE	Cable	Cuba	SECRET	1964-08	PARIS	PARIS	DIRECTOR	This cable discusses Richard Gibson, former secretary of the 'Fair Play for Cuba Committee,' and his alleged misuse of office. It also mentions the magazine 'Revolution' and efforts to buy up copies.
104-10217-10228	CONTACT REPORT #11	Contact Report	Operations	Secret	1963-01-25	Unknown	Tulpa	Unknown	Report on a meeting held on January 25, 1963, concerning Kulpa's trip to the Congo, instructions to Meinturff, Serge Michel's agreement to use K.K.'s photos for a new trique Revolutionaire (I), and contact from Gibson regarding Dave Watts' request for photos. Also includes accounting matters and the schedule for the next meeting.
104-10218-10035	Project Outline: Support for Singleton Contract Agent Operating in Right-Wing Political Milieu in Mexico	Project Outline	Mexico	SECRET	1965-07-01	KUBARK (CIA)	Station Mexico City	Headquarters	This document outlines a project to support a U.S. contract agent (LIHUFF/1) operating in Mexico City, focusing on intelligence gathering and covert action related to right-wing political elements in Mexico. The project aims to provide insights into the stability of the Mexican government and potentially contribute to MHSPAWN objectives. It details the agent's background, objectives, operational assets, security considerations, and budget.
104-10218-10060	NIKOLAY STEPANOVICH LEONOV Travel Information	Cable	Soviet	SECRET	1966-07-08	Director	DIRECTOR	BRUSSELS, THE HAGUE	Cable regarding NIKOLAY STEPANOVICH LEONOV's travel plans from Mexico City to Brussels and potentially Moscow, including flight details and requests for confirmation.
104-10218-10083	Classified Message Regarding Subject's Political Beliefs and Visit to China	Classified Message	Operations	SECRET	1964-05-20	Director	DIRECTOR	MEXICO CITY, GUATEMALA CITY	This document is a classified message regarding a subject described as leftist but anti-communist and strongly anti-American. The agency wants to develop information on his current political beliefs and why the subject wanted to visit China. They want to evaluate answers to determine his ability to provide intel, with a view toward recruiting him for a briefed mission or residence in China. The message also discusses the possibility that the subject may have been asked to carry back messages, money, or perform other services in Mexico by the Chinese communists.
104-10218-10097	ANUPAS-1 Incident in Guatemala	Cable	Operations	SECRET	1961-11-03	CIA	GUATEMALA CITY	DIRECTOR	Cable details the arrest and expulsion of ANUPAS-1 from Guatemala for attempting to transport Coxie propaganda. ANUPAS-1 tried to enter Guatemala on November 3, was denied entry, returned on November 7, arrested on November 8, and expelled to Mexico on November 8. The arrest received press coverage.
104-10219-10143	Director to Tokyo: Investigation into Martin Contacts and Potential Soviet Intelligence Connections	Cable	Operations	SECRET	1961-04-17	CIA	Director	Tokyo	This document discusses Martin's contact with Dr. Jakob Y. Fischer, Yuri Rastvorov's female contact, and potential Soviet intelligence connections in Tokyo. It requests traces on John Joseph Casey, Joseph W. Jason, and Major Paul Rochelle, and inquiries about Burris's presence in Tokyo.
104-10219-10154	William Hamilton Martin and Bernon Ferguson Mitchell	Memorandum and Letters	Liaison	SECRET	1975-12-12	CIA	Deputy Director for Operations	Director, National Security Agency	This collection of documents discusses William Hamilton Martin and Bernon Ferguson Mitchell's desire to leave the USSR and potential assistance from Canadian professor Dr. Hans Kunov.
104-10219-10282	Georges Papanton MITCHELL; Anastasia Martini DAKARJIN, Espionage – R.	Memorandum	Liaison	SECRET	1961-07-26	Central Intelligence Agency	WILLIAM K. HARVEY	Federal Bureau of Investigation	Memorandum regarding Georges Papanton MITCHELL, Anastasia Martini DAKARJIN, and Nicolas Georges DAMASCOU aka DAMASCUS aka DAMARCON aka RAMASCUS, focusing on their travel history, visa applications, and current whereabouts.
104-10219-10283	Person Ferguson MITCHELL, William Hamilton MARTIN, Espionage-R	Memorandum	Liaison	SECRET	1961-07-17	CIA	William K. Harvey, Deputy Director (Plans)	Federal Bureau of Investigation	This memorandum from the CIA to the FBI concerns Person Ferguson MITCHELL, William Hamilton MARTIN, and Espionage-R. It discusses information related to Nicolas Georges DAMASCUS, Justo SIERRA Casasus, and their potential connections to Soviet intelligence officers, including Boris A. KAZANTSEV, and the escape route used by NSA defectors, transiting Mexico and presumably Cuba en route to the USSR.
104-10219-10418	MEXI 8621: JMZIP RYBAT - BARBOSA Tomar	Cable	Cuba	SECRET	1961-08-06	CIA	MEXICO CITY	DIRECTOR	This cable discusses a plan to establish a clandestine radio station in Mexico, named "RADIO CUBA LIBRE," to communicate with a sabotage team in Cuba. LITAMIL-5 is tasked with contacting LIOOZE-1 in Havana and delivering a code book to "JESUS BADAL," who is in contact with KUBARK PBPRIME. The radio transmitter was received as a gift, and LITAMIL-5's voice will be used for the broadcasts.
104-10219-10439	MACHADO Llosas, Manuel	Report	Cuba	UNCLASSIFIED	JUN 1960	CIA	Mexico City Station	Mexican Desk	Report on Manuel MACHADO Llosas, a Cuban exile in Mexico who was a member of the 26th of July group and is now a CIA agent (LITAMIL-1).
104-10220-10069	POSADA, LUIS CLEMENTE	Report	Security	SECRET	1972-04-26	CIA	Chief, CI/Operations	Deputy Director Security	This file contains information on Luis Posada Carriles, including polygraph results, requests for investigation, and operational approvals.
104-10220-10224	Classified Message Regarding Unidentified Subject	Classified Message	Operations	SECRET	1962-06-22	WE/3	DIRECTOR	PARIS, MADRID	This message discusses the inability to identify a subject, requesting more information. Mentions KEYWAY PBRUMEN UNRUMBLE and references PARI 1548.
104-10220-10293	Transmittal of Letters Sent to Movimiento Democrata Cristiano Representative in Cuba	Dispatch	Cuba	SECRET	1961-06-23	JHWAVE	Chief of Base, JHWAVE	Chief, WRD	Transmittal of letters sent to Movimiento Democrata Cristiano representative in Cuba concerning Jose Ignacio RASCO's connection with the HDC, obtained by AMULLA-1 for duplication and delivery via the Italian Embassy's diplomatic pouch.
104-10220-10294	Cable Regarding AMULLA-1 and Information Security	Cable	Cuba	SECRET	1961-06-19	JMWAVE	DIRECTOR	C/BELL 8	Cable discusses concerns regarding AMULLA-1 and potential risks to future operations due to his handling of information. It outlines plans to implement stricter controls on materials obtained from AMULLA-1 to protect sensitive information.
104-10221-10032	HUS TRACKS INDICATE SURJ REF HAS BHEN UNDER ODENVY INVESTIGATION	Cable	Cuba	SECRET	1959-01-13	WH/III/CARIB	DIRECTOR	SACU	This cable discusses an investigation into possible registration act violations by a subject in Santiago de Cuba. It also mentions Frank Fiorini of Norfolk, VA, who claimed to be an arms buyer in Miami and willing to cooperate with information on rebels.
104-10221-10222	FELIPE VIDAL SANTIAGO	Report	INTERNAL SECURITY - CUBA	SECRET	1962-12-10	FEDERAL BUREAU OF INVESTIGATION		INS, Miami, Florida	Report on FELIPE VIDAL SANTIAGO, a Cuban refugee involved in anti-CASTRO activities in Miami, Florida. Subject defected from the CASTRO government while employed as Cuban Naval Attache in Caracas, Venezuela.
104-10221-10310	TYPIC/OPERATIONAL Special Activities Report on JMWAVE's Relationship with AMCARDON-1	Dispatch	Operations	SECRET	1964-03-19	CIA	Chief, Special Affairs Staff	Chief of Station, JMWAVE	This dispatch reports on JMWAVE's relationship with AMCARDON-1, including operational support, intelligence, and propaganda activities.
104-10222-10001	Contract Information and Check List and Contract Agreement for Bruce G. Mastrocola	Contract	Personnel	SECRET	1959-06-01	CIA	Contracting Officer	Bruce G. Mastrocola	Contract agreement between the United States Government and Bruce G. Mastrocola for confidential information and related services, detailing compensation, travel, operational expenses, secrecy obligations, and terms of agreement.
104-10222-10043	Personnel Actions related to Floryan Karty	Personnel Action Request	Personnel	SECRET	1963-07-17	DDP/WH	DDP/PE/2120/BANGKOK STATION/OPERATIONS BRANCH	Finance Division	Personnel actions related to Floryan Karty's reassignment to Mexico City and Bangkok. Includes salary adjustments, official disability claim notices, and creditable service documentation.
104-10225-10035	JMWAVE 4480: AMMUG/1 Employment and Background	Cable	Personnel	SECRET	1965-12-25	JMWAVE	JMWAVE	DIRECTOR	This cable discusses the employment and background checks of AMMUG/1, including their cover status, salary, and attempts to purchase a house locally. It also mentions issues with informing WOGAME about employment changes and requests early acknowledgment to expedite the house purchase.
104-10226-10001	Yuriy Ivanovic NOSENKO	Memorandum	Security	UNCLASSIFIED	1965-01-21		David E. Murphy, Chief, SR Division		Memorandum for record regarding Yuriy Ivanovic NOSENKO, discussing plans for hostile interrogation and concerns about potential consequences.
104-10226-10011	Memorandum of Visit to: Julio Pablo RODRIGUEZ Reyes	Memorandum	Cuba	UNCLASSIFIED	1961-04-06	Counter Intelligence Division	JUANITA F. O’LEARY	Chief, Miami Office	Memorandum regarding Julio Pablo Rodriguez Reyes, a member of the United Revolutionary Movement (URM), who arrived in the US as an exile and may have information of interest. He provided details on URM's structure, leaders, and activities, including contacts with a Catholic Chaplain and involvement in supplying radio transmitters to anti-Castro guerrillas.
104-10226-10045	Briefing of Mr. Maurice Oldfield, MI-6, by WR/4, Clark Simmons	Memorandum	Liaison	SECRET	1961-05-04	CIA	John G. Roberts, DC/WR/6	Record	Memorandum regarding a briefing of Mr. Maurice Oldfield, MI-6, by WR/4, Clark Simmons concerning Robert Horton Geddes and his contacts with the CIA regarding potential Cuban Navy defection.
104-10226-10067	Reactions from WH to UR Propaganda and Desire to concentrate UR efforts on PSYWAR	Dispatch	Operations	SECRET	1963-06-18	SAS/DCE/PA-PROF	Chief, Special Affairs Staff	Chief of Station, JIWAVE	This dispatch discusses reactions from the White House to propaganda efforts and the desire to concentrate efforts on PSYWAR. It notes that additional effort by the UR to influence foreign audiences will be highly valued.
104-10226-10087	PLANNED UPRISING BY OPPOSITION GROUPS IN CUBA	TELEGRAM INFORMATION REPORT	CUBA	SECRET	1962-08-27	CENTRAL INTELLIGENCE AGENCY	TFW/Intel	CINCLANT, CINCARIB	This document discusses a planned uprising by opposition groups in Cuba. Members of the UNIDAD REVOLUCIONARIA (UR) reported to the French Embassy in Habana that they were invited to a meeting organized by the DIRECTORIO REVOLUCIONARIO ESTUDIANTIL (DRE) and the MOVIMIENTO REVOLUCIONARIO DEL PUEBLO (MRP) to plan a stage of active warfare. The UR was advised not to participate, but the DRE and MRP planned an uprising for the last days of August, which would result in a general uprising of all internal resistance groups.
104-10226-10090	IN14497: GYROSE INTEL - Potential Uprising in Cuba	Cable	Cuba	SECRET	1962-08-31	JIAWAVE	JIAWAVE	UFICO	This cable discusses intelligence regarding a potential uprising in Cuba. It suggests that while information points to a planned revolt, there's a strong possibility it's a deception or provocation operation by Castro's forces. Various exile groups are mentioned, and their involvement is investigated, with most denying knowledge of the planned uprising. The cable concludes that a genuine popular uprising is unlikely at the time and arranges for a broadcast to warn Cuban patriots about potential provocations.
104-10226-10117	Attempted R.I.S. Penetration of Bell Telephone Labs	Memorandum	Soviet	SECRET	1963-07-01	New York Office	Chief, New York Office	Chief, Contact Division	This document discusses an attempted RIS penetration of Bell Telephone Laboratories and concerns about CI Staff's reaction to a request for assistance in defensive briefing of a subject.
104-10227-10003	Transcription Analysis of 11 June 1962 Tape	Memo	Soviet	SECRET	1962-06-11	Unknown	Unknown	Unknown	This document details the methodology used to transcribe a portion of a tape from June 11, 1962, involving Nosenko. Multiple professional Russian transcribers were tasked with transcribing the tape, focusing on specific phrases where previous transcriptions indicated Nosenko had claimed to be in the United States and used the alias Nikolayev in both England and the United States. The new transcriptions consistently indicated that Nosenko stated he had used the alias Nikolayev in England and the Soviet Union ('u nas').
104-10227-10046	Report on Conversation Involving Dr. Aureliano SAN Romani	Dispatch	Cuba	UNCLASSIFIED	1961-12-18	CIA	Tellano	Headquarters	A dispatch reports on an APOT source, Eduardo NUNEZ Garcia, who overheard a conversation involving Dr. Aureliano SAN Romani regarding a trip to Panama and Guatemala, where San Romani discussed creating a junta and expressed opinions about various political figures.
104-10227-10121	Comments Concerning KUBARK Aftermath of Cuban Operation	Cable	Cuba	SECRET	1961-05-02	Director	Director	Attached List	This cable discusses the aftermath of the Cuban operation, focusing on press and congressional commentary regarding KUBARK and other activities in the ODYOKE area. It addresses misinformation, reviews of the operation, and ongoing intelligence briefings to Congress.
104-10227-10150	Meeting with Dr. MIRO Cardona on 6 October	Memorandum	Cuba	SECRET	1961-10-10	Unknown	Unknown	Record	Memorandum for the record of a meeting with Dr. MIRO Cardona discussing propaganda campaigns, underground activities, commando plans, requests for arms, information on arms received by Castro regime, a proposal for the Council to go to Cuba and establish a government on Cuban soil, views about judges and lawyers, members of the Revolutionary Council, probable Argentine rupture of relations with Cuba, attendance to Homage to LACERDA, Propaganda Commission, views relative to Supreme Court Justice or PRIO being recognised as Head of a Provisional Government, offices of Council, and coordinating the activities of other exile groups.
104-10227-10153	Report on Cuban Operations for Period 1-15 September 61	Memorandum	Cuba	SECRET	1961-09-26	Western Hemisphere Division	J. C. KING, Chief, Western Hemisphere Division	Deputy Director (Plans)	This memorandum summarizes Cuban operations from September 1-15, 1961, detailing FI-CI activity, propaganda efforts (including Operations Bolivar and Virgen del Cobre), political action related to the Cuban Revolutionary Council (CRC), paramilitary activities, training, communications, and support. It includes information on agent activities, broadcasts, leaflet distribution, periodical publications, tours, and financial obligations.
104-10227-10271	ANTI-FIDEL CASTRO ACTIVITIES INTERNAL SECURITY - CUBA	Memo	Cuba	CONFIDENTIAL	1963-02-25	FEDERAL BUREAU OF INVESTIGATION	FEDERAL BUREAU OF INVESTIGATION	Unknown	FBI memo regarding anti-Fidel Castro activities, reporting that Guatemalan Ambassador Carlos Alejos contacted Miguel Ydigoras-Fuentes regarding Jose Miro Cardona's desire to meet and apologize for a missed meeting.
104-10228-10045	KNGS 0208: JAMAICAN POLITICAL CLIMATE RE ESTABLISHMENT AMBUD DELEGATION	Cable	Cuba	SECRET	1962-10-10	CIA	KINGSTON	DIRECTOR	Kingston station reports on the Jamaican government's stance on involvement in the Cold War and covert operations against Cuba, advising against overt involvement due to concerns for the Jamaican community in Cuba and potential loss of cooperation.
104-10228-10076	U. K. Liaison file	file	Liaison	Extra sensitive	1961-03-29	Unknown	Unknown	Chief, WH/A/PA	U. K. Liaison file referencing LOND 5956 (IN 27353), 29 March 1961 and LOND 5963 (IN 28181), 31 March 1961. Cables to be opened by Chief, WH/A/PA only.
104-10228-10083	Report on Cuban Invasion at Cochinos Bay	Cable	Cuba	SECRET	1961-04-19	CIA	Director	All Stations and Bases	Report on the failed Bay of Pigs invasion, detailing rebel losses and factors contributing to their defeat.
104-10228-10419	REQUEST POA FOR VICENTE HERRERO DIAZ	Cable	Cuba	SECRET	1961-12-16	PANAMA CITY	PANAMA CITY	DIRECTOR	Cable discussing Vicente Herrero Diaz, a Cuban national in Panama, and requesting POA for him for use in local public opinion research, monitoring, and support of JMRAKE activities.
104-10229-10002	AMBUD Program Administration and Financial Management	Cable	Administrative	SECRET	1968-08-19	CIA	DIRECTOR	JMWAVE, JMCOBRA	This collection of documents primarily pertains to the administration and financial management of the AMBUD program, specifically focusing on dependency payments and trust accounts managed by AMTIKI and MHMUTUAL. The documents include requests for account balances, instructions for terminating trust accounts, proposed payment plans, and the transfer of funds. They also discuss the handling of dependency cases, including those related to individuals killed during the Bay of Pigs invasion, and logistical arrangements for personnel travel to review AMTIKI files.
104-10229-10097	Cables regarding PBRUMEN Exiles and Manuel Perez Borroto	Cable	Cuba	SECRET	1963-01-14	CIA	DIRECTOR	SAN JOSE, JMWAVE, JLWAVE	These cables discuss PBRUMEN exiles in Miami and their proposed security proposals. It also mentions Manuel Perez Borroto, an ex-Batista police captain.
104-10230-10153	Analysis of Deposits for Expenses - July 1962	Report	Administrative	UNCLASSIFIED	1962-07-31	Revolutionary Council Finance Directorate	Paula Ad Hogan	N/A	Analysis of deposits for expenses out of the $81,500.00 budget for July 1962, including delegations, propaganda, clandestineness, and Judicatura Cubana Democrática.
104-10231-10042	"GARCIA AND PAULA" TRUST ACCOUNT	Financial Records	Cuba	UNCLASSIFIED	2025	Unknown	Unknown	Unknown	Financial records detailing transactions within the 'Garcia and Paula' trust account, including payments to recruit dependents, transfers to savings accounts, and reimbursements.
104-10231-10418	PM Case Officers in Contact with Segments of the CRC	Memorandum	Cuba	SECRET	1962-01-11		Glenn J. Farnsworth, Chief, PM	Chief of Operations	This memorandum lists PM case officers in contact with segments of the CRC (Cuban Revolutionary Council), detailing specific officers and their contacts within the CRC, including Siro Cardona, Carlos Hevia, and others. It also mentions the release of this document under the President John F. Kennedy Assassination Records Act of 1992.
104-10232-10004	Meeting with Dr. MIRO Cardona on 6 October	Memorandum	Cuba	UNCLASSIFIED	1961-10-10	Unknown	Unknown	The Record	Memorandum for the Record regarding a meeting with Dr. MIRO Cardona on 6 October 1961, discussing propaganda campaigns, underground activities, commando plans, and the possibility of establishing a government on Cuban soil.
104-10232-10018	Meeting with Dr. Miro in New York City on October 16, 1961	Memorandum	Cuba	SECRET	1961-10-20	CIA	Unknown	THE RECORD	This memorandum details a meeting with Dr. Miro in New York City on October 16, 1961, where they discussed the situation in Cuba, including the suffering of Cubans under Castro, the need for his overthrow, and the role of the Consejo (CRC) in fomenting opposition. Miro expressed concerns about the lack of a central plan, the infiltration of people into Cuba without Council involvement, and the need for arms and money for clandestine groups. He also discussed propaganda efforts and the involvement of various individuals and organizations in the Cuban resistance movement.
104-10232-10019	JMZIP/Operational - Contact with Dr. MIRO Cardona	Dispatch	Cuba	SECRET	1961-10-19	WH Division	Chief, WH Division	Chief of Station, JMWAVE	Report of contact with subject written by Theodore F. PASSAVOY, and a memo of WH/4 comments, Meeting with Dr. MIRO Cardona on 6 October discussing propaganda efforts, commando action plan, request for arms for Escambray, information on arms received by Castro regime, proposal that Council go to Cuba with Commando Group and Establish a Government on Cuban Soil, views about judges and lawyers, members of the Revolutionary Council, probable Argentine rupture of relations with Cuba, MIRO to attend Homage to LACERDA (Brazilian who Precipitated QUADROS' resignation) on October 15, Propaganda Commission, MIRO's Views Relative to Supreme Court Justice or PRIO being Recognized as Head of a Provisional Government, Offices of Council (Consejo Revolucionario), MIRO's Views on Coordinating the Activities of Other Exile Groups, Telephone Conversation with MIRO on 7 October.
104-10234-10007	ROME 9301	Cable	Cuba	SECRET	1966-03-11	CIA	Rome	DIR	This cable discusses Delorry's arrival in Italy, ETA to Cuba, contacts with Annie de Quendoz, German Camado-Blanco, Rolio (Montenegro) Guasp, Saverio Tutino, Protestant clerics in Cuba, and Cubamb in Belgium.
104-10234-10050	DIR 83150: Locating AMTRUNK-9 and A-9	Cable	Cuba	SECRET	1965-02-04	CIA	DIRECTOR	PARIS JMWAVE	This cable discusses attempts to locate AMTRUNK-9 and A-9 after possible capture in Cuba, and advises caution in contacting certain individuals who may alert Cuban authorities.
104-10234-10069	Cable Regarding BUENAVENTURA FRANCESCO (DELLUNDE) Y PUYANS	Cable	Operations	SECRET	1965-02-02	CIA	DIRECTOR	PARIS, ROME	This document is a cable regarding BUENAVENTURA FRANCESCO (DELLUNDE) Y PUYANS, a Cuban national who was assessed as willing to aid KUBARK.
104-10234-10083	ASSIFIED MESSAGE	Cable	Cuba	SECRET	1965-01-15	Imwave	ACTING DC/WH/SA-3	DIR	This cable discusses information acquired from ARMAND (MARTINEZ) Y VIRELLESI regarding MRR activity, a potential uprising in Cuba, and key individuals involved.
104-10234-10088	Cable Regarding AMLASH and APWHIP Activities	Message Form	Operations	SECRET	1965-01-27	CIA	DIR	DOO, DOP, ADDP, C/WE Z, C/CI, C/FI2, VR, FILE	Cable regarding AMLASH and APWHIP activities, mentioning contact in Miami and coordination efforts.
104-10234-10096	Communication Details for Rolando CUBELA Secades	Memo	Cuba	SECRET	1965	Unknown	Unknown	Unknown	This document details communication methods and addresses for contacting Rolando CUBELA Secades (T/N: Rolando CUBELA Secades), a medical doctor in Havana, Cuba, in 1965. It includes instructions for forwarding letters through AMWHIP/2 and AMWHIP/1, as well as addresses for Srta Ernestina Acosta and Virginia Secades. It also specifies the use of 'Pepe' and 'Luis' signatures for secure communications.
104-10234-10101	Investigation into ACSI Involvement in AMTRUNK-9 Trip	Classified Message	Operations	SECRET	Unknown	DIA	DIR	ANTRUNK	This document discusses an investigation into the potential involvement of ACSI (Army Counterintelligence) in sponsoring AMTRUNK-9's trip. It details circumstantial evidence suggesting ACSI involvement, including statements from AMTRUNK-9's wife, a written note from AMFAUNA-3, and the identification of the agent handler "Torres". The document also mentions concerns about funds provided for the trip and potential insubordination or misrepresentation within ACSI. It further explores the possibility of KUBARK sponsorship and discrepancies in the stories told by AMTRUNK-9 and his wife regarding the trip's funding.
104-10234-10102	TRANSMITTAL OF COPY OF MEMO REGARDING AMTRUNK-9 INFIL WHICH ACTION REQUIRED REFERENPASSED TO ACSI 19 JANUARY 1965	Dispatch	Operations	SECRET	1965-01-22	JMHAVE	CHIEF OF STATION, JMHAVE	DEPUTY CHIEF, WH/SA	Dispatch regarding AMTRUNK-9 infiltration into Cuba by Modesto Orlando Crozco Basulto to rescue Jose Vasquez Nerey and others, involving individuals named Jorge and Hortensia Orizondo Meneses.
104-10234-10105	Names from AMTRUNK, AMICE, AMFAUNA	List	Mexico	UNCLASSIFIED	2025				List of names under AMTRUNK, AMICE, and AMFAUNA, possibly related to the John F. Kennedy assassination investigation.
104-10234-10115	AMWEST/1 Recruitment and Potential Defection; Possible Provocation Attempt	Cable	Operations	SECRET	1966-03-29	CIA	DIRECTOR	BONN	This cable discusses the recruitment and potential defection of AMWEST/1, contact between AMWESTs and AMWHIPs, and a possible provocation attempt involving Antonio Carrillo. It also mentions a Cuban exile named Juan Ventura Valner.
104-10234-10124	CASUGAR BON 90518	Message Form	Operations	SECRET	1966-03-23	DIRECTOR	DIRECTOR	OTTAWA	Cable regarding CASUGAR/1, a high-level access PBRUMEN target personality. Requests OTTAWA to intercede with SMABOVEs for a joint debriefing in Canada.
104-10234-10141	Report on Purge in Cuba	Cable	Cuba	SECRET	1966-03-18	DIRECTOR	DIRECTOR	TO	This cable reports on a widespread purge underway in Cuba of military officers, government officials, and Communist Party leaders. It also discusses the trial of Cubans for plotting to overthrow Fidel Castro and the resulting student reactions. The document analyzes the underlying causes of the purges and suggests potential PSYCH EXPLOITATION in media.
104-10234-10148	Possible Travel to Italy by PINEIRO	Cable	Cuba	SECRET	1963-03-15	CIA	ROME	DIR INFO WAVE MILA	This cable discusses DELORRY's interactions with Manuel (PINEIRO) Lozada and Saverio TUTINO regarding a potential trip to Italy. It includes information about phone calls, meeting arrangements, and travel plans involving individuals connected to Cuban affairs.
104-10234-10155	AMLASH/1 - Paris Station Aspect	Report	Operations	Unclassified	1966-03-07	CIA	Peter N. GLOADEN	Unknown	This document discusses Paris Station's involvement with AMLASH/1, including recruitment, training, contacts, and plans to assassinate AMPED. It details meetings, personnel involved, and the evolution of AMLASH/1's plans.
104-10235-10018	Arrangements for AMBUD-1 Visit & Robles Identification	Cable	Operations	SECRET	1962-06-08	CIA	DTO	WAVE INFO DIR MANA GUAT SALV TEGU SANJ	Two classified messages, both dated 08 June 62. The first details arrangements for AMBUD-1's visit to PACY, including meetings and tours. It also mentions financing for BOCAL. The second identifies Marco Robles, Minister of Government and Justice.
104-10236-10053	GYROSE AMBUD	Cable	Cuba	SECRET	1962-10-11	DIR	RF	HQS	COS believes Jamaican government wants not be overtly involved in Cold War. Any attempt to involve Jamaican government against its will at this time would result in net loss of cooperation now and in future. Station regards increasing cooperation of RUABBE service in Cuban objectives of considerable value. COS believes it advantageous to KUBARK and ODYOKE for AMBUD stay out of Jamaica until sentiment changes.
104-10236-10054	KNGS 0202: Cuban Problem Coverage from Jamaica	Cable	Cuba	SECRET	1962-10-03	CIA	COS	DIR WAVE INFO	This cable discusses the possibility of extending coverage of the Cuban problem from Jamaica, but believes a delegation such as AMBUD whose presence overt would prove counterproductive. It also discusses the progress made in gaining covert support through RUABBE for CI effort against Cubans and requests HQS consider assignments proposed by COS.
104-10236-10056	Meeting with Dr. MIRO Cardona on 6 October	Memorandum	Cuba	SECRET	1961-10-10	Unknown	Unknown	THE RECORD	Memorandum for the record regarding a meeting with Dr. MIRO Cardona on 6 October 1961. Topics discussed include propaganda efforts, underground activities, commando action plans, requests for arms, information on arms received by the Castro regime, a proposal for the Council to establish a government on Cuban soil, views on judges and lawyers, members of the Revolutionary Council, the probable Argentine rupture of relations with Cuba, MIRO's attendance at a homage for LACERDA, organization of the Propaganda Commission, MIRO's views on potential leaders of a provisional government, offices of the Council, coordination of exile group activities, and a telephone conversation with MIRO.
104-10236-10075	Reports and Information on Hada Rosete	Report	Personnel	UNCLASSIFIED	1962-12-10	FRD	MONT	Files	This document contains various reports and information regarding Hada Rosete, including her background, activities, and affiliations. Mentions her work in media, involvement with the Revolutionary Council, and contact information.
104-10237-10120	Recontact of Oliverio A. TOKKU Pasallo	Contact Report	Cuba	SECRET	1964-06-15	AMBIDCY-1	WR/3A/80/3, C. PAUL PLUND, A.	STROPSIS	Recontact of Oliverio A. TOMEU Vasallo, providing additional detail on Carlos and Ana Gloria de VARONA, and identified Owiel GONZALEZ and one 'COCO' as possible leads to Jose LLANGRA Gobel.
104-10241-10249	REQUEST FOR APPROVAL OR INVESTIGATIVE ACTION - Santiago ALTATA Fernandez - PROJECT: JYATE	Request for Approval	Security	SECRET	1968-01-10	CI/Operational Approval and Support Division, Security Support Division/Office of Security	Margaret Ioss	CI/Operational Approval and Support Division, Security Support Division/Office of Security	Request for provisional operational approval for Santiago ALTATA Fernandez, associated with PROJECT: JYATE, for use in Cuba as FW Trainee. Includes security checks and limitations.
104-10241-10250	Report on P.H. KOETRLOCK and Individual Named CHARLES	Report	Security	CONFIDENTIAL	1962-05-08	FBI	Richmond Office	Washington	This document details information regarding P.H. KOETRLOCK's interactions with an individual named CHARLES who expressed concerning opinions about President Kennedy. It also covers KOETRLOCK's other activities and contacts.
104-10245-10000	Radio New York Worldwide - WRUL Broadcast Agreement and Invoices	Invoice and Agreements	Cuba	SECRET	1965-07-22	Radio New York Worldwide	Richard W. Grefe, Vice President, Radio New York Worldwide	Dade County Medical Society	This document contains invoices, broadcast agreements, and disbursement vouchers related to Radio New York Worldwide and Dade County Medical Society's Spanish service programs on WRUL.
104-10245-10007	Radio Program "El Medico y Usted" Listings	Radio Program Listings	Cuba	Unclassified	1965	Unspecified	N/A	N/A	Listings of radio programs titled "El Medico y Usted" (The Doctor and You) broadcasted in Cuba during the 1960s. The programs cover a range of medical topics.
104-10247-10037	Cable regarding QHOP/1's return to Havana	Cable	Cuba	SECRET	1965-03-15	CIA	DIRECTOR	MADRID	This cable discusses a letter received in New York stating that QHOP/1 is due to return to Havana on April 6 to have a good position in the office of Vice Minister Arnold Rodriguez.
104-10247-10064	Cable Regarding Cuba and Related Matters	Cable	Cuba	SECRET	1965-03-11	CIA	Home	DIR(LIS)	This cable discusses Delorry's arrival in Italy, a dinner party for him by Fidel Castro in Cuba, Annie de Quendoz's relationships, letters for Luis Amado-Blanco, Roselio Montegro Quasp, Manuel Perez Hernandez, Ricardo Subirana y Lobo, Saverio Tutino, Protestant clerics in Cuba, Gustavo Arcos y Banatics in Belgium, and an index cand.
104-10247-10097	Meeting with AMLASH-1 in Paris, 31 January to 3 February 1965	Memorandum	Cuba	SECRET	1965-02-15	CIA	Nestor D. Sanchez, WH/EA/AMWORLD	THE RECORD	Memorandum detailing a meeting with AMLASH-1 in Paris from January 31 to February 3, 1965, discussing security implications related to Modesto Orlando Orozco Basulto's infiltration into Cuba, updates on AMLASH-1's activities, and information gathering on Cuban officials and political developments.
104-10248-10203	SUBJECT: Federico PALMIERI Guillermo	Memorandum	Administrative	SECRET	1965-11-12	OS	E. Mendoza	THE RECORD	This memo concerns Federico PALMIERI Guillermo, a former CIA agent, who is writing a book titled "My Seven Years with CIA." The memo details his current employment in El Salvador, his potential publisher in Mexico City, and his previous work with Roger RUSS. Copies of the memo are being placed in the files of individuals known to be affiliated with the Agency.
104-10250-10035	REQUEST FOR PCS OVERSEAS EVALUATION	Form 259a	Personnel	SECRET	1966-05-10	DDP/WH/CS/CS Dev Comp	Kenneth L. Wambold	Personnel Security Division	Request for PCS Overseas Evaluation for Calvin W. Hicks to be an OPS Officer in La Paz, Bolivia.
104-10250-10199	HIDALGO, Balmes, Jr.	Memo	Security	UNCLASSIFIED	1954-06-22	Special Referral Branch	Chief, Special Referral Branch	Deputy Chief, SSD	This memo concerns Balmes HIDALGO, Jr., a covert employee of the Agency in the United States for training, and the Immigration and Naturalization Service's (INS) interest in contacting him regarding Communist activities. It discusses coordinating any INS contact with Staff C/ICB and WH, due to the sensitivity of HIDALGO's potential assignments, and suggests that INS submit questions through the Agency to avoid jeopardizing his future use. The memo also addresses a security breach by HIDALGO's father, who disclosed his Agency employment to an INS inspector.
104-10250-10200	HIDALGO, Jr., Balmes Nieves	Memorandum	Security	SECRET	1953-10-21	Office Memorandum	Chief, Special Referral Branch	Deputy Chief, Special Security Division	This memo discusses the availability of Balmes Nieves Hidalgo, Jr. for testimony or interviews regarding subversive activities. It details CIA's involvement in potentially facilitating questions and answers between the FBI and Hidalgo, who is a contract employee in Panama under the Travel Control Project.
104-10250-10267	HIDALGO, BALMES N., JR. - OVERT AND COVERT	Report	Personnel	UNCLASSIFIED	1962-05-03		FBI	WH Div	This document details information about Balmes N. Hidalgo Jr., a GS-11 employee in the WH division, including his past work with the FBI, his operational and security clearances, and information about his parents' security clearances.
104-10254-10015	MOVIMIENTO DEMOCRATICA CRISTIANO	Memorandum	Cuba	SECRET	1960		George Weademan		Memorandum regarding MOVIMIENTO DEMOCRATICA CRISTIANO and its correspondence with Hungarian Freedom Fighters Inc.
104-10256-10187	SWENSON, Harold F.	Memorandum / Speed Letter	Personnel	CONFIDENTIAL / SECRET	1967-12-18		Laurence G. Parr, Chief, Employee Activity Branch	Chief, Central Cover Staff	This document pertains to the review of Harold F. Swenson's file in connection with the presentation of a Retirement Medallion and a request for cover considerations.
104-10256-10208	DYVOUR/ADMIN/PERSONNEL James B. Wilcott Jr. Debriefing of - Resignation in field	Dispatch and Routing Sheet	Personnel	SECRET	1966-05-05	JMWAVE	Chief of Station, JMWAVE	Chief, WH	This document details the debriefing and resignation of James B. Wilcott Jr. from KUBARK, including his employment history and instructions for future employment inquiries.
104-10256-10213	Full Clearance Requests on WH/C/JMWAVE Staff Agents Converting to Staff Employee Status	Memorandum	Personnel	SECRET	1965-11-18	Office of Personnel	Chief, Contract Personnel Division/Office of Personr	Chief, Clearance Branch/Office of Security	This memorandum requests full security clearances for staff agents converting to staff employee status within WH/C/JMWAVE.
104-10256-10428	VITATE, Guy, Establishment of Official Cover Backstop	Memorandum	Administrative	SECRET	1960-05-11		JOSEPH M. ADAMS, Chief, Official Cover & Liaison, CCD	Chief, EE	This memo discusses the establishment of official cover backstopping for Guy Vitate, utilizing the U.S. Army Element, Joint Operations Group. It outlines procedures for managing his Unit ID card and coordinating changes in his headquarters status with the Official Cover and Liaison Section, CCD.
104-10260-10400	Transmittal of Blank Documentatia	Dispatch	Operations	SECRET	1959-07-31	CIA	Chief of Station, Habana	Chief, KF10T	This dispatch transmits blank documents, including a City of Newark, New Jersey Birth Certificate, a New York driver's license instruction sheet, a National Geographic Travel-Lite Series blank Identity Card, a Flamingo Hotel identity Card, a blank Social Security card, a cachet of the Department of Labor of the Commonwealth of Puerto Rico with ink pad and assorted cellophane sheets used for lamination.
104-10262-10385	Traces on Alberto Lleras Camargo and the Hudson Institute	Memo	Administrative	SECRET	1960-08-23	Headquarters	Howard E. Colmary	JEWAVE	This memo discusses Alberto Lleras Camargo and the Hudson Institute, including Lleras's background, political career, and relationship with the United States. It also mentions derogatory information on several members of the Hudson Institute and seeks guidance on future association with AMRASZ/1.
104-10263-10111	Project WUBRINY - Luis Albert Ferre and Antilles Materials Company Limited (AMCO)	Memorandum	Operations	SECRET	1965-01-05	Central Intelligence Agency	Deputy Director of Security (IOS)	DOCO/SA	This collection of documents pertains to the Agency's interest in Luis Albert Ferre and Antonio Luis Ferre, including security approvals and discussions related to Project WUBRINY and Antilles Materials Company Limited (AMCO). It covers meetings with SKEWER/1, assessments of AMCO's commercial viability, and potential collaboration with the Puerto Rican Cement Company.
104-10263-10139	Operational/REDWOOD/LCIMPROVE/AELADLE ACTION REQUIRED - Michael WYNNE-ELLIS	Dispatch	Operations	SECRET	1962-03-14	Chief of Station, London	Chief of Station, London	Chief, WE	This document is a dispatch from the Chief of Station, London, to the Chief, WE, regarding Operational/REDWOOD/LCIMPROVE/AELADLE ACTION REQUIRED concerning Michael WYNNE-ELLIS and includes comments and questions about a KGB document.
104-10265-10118	Highlights of Tape-Recorded Conversation in Hand Between Mr. William D. Pawley and an Unidentified Cuban during Period 17-18 October	Memorandum	Cuba	SECRET	1959-10-20	WH/III/CARIB	Martha Tharpe	THE RECORD	Memorandum regarding a tape-recorded conversation between William D. Pawley and an unidentified Cuban about plans for sabotage against Castro and the need for moral and financial support from the U.S.
104-10265-10141	GENERAL- Operational SPECIFIC- PAWLEY Business Interests in the Dominican Republic	Dispatch	Operations	SECRET	1958-06-12	Chief of Station, Ciudad Trujillo	Chief of Station, Ciudad Trujillo	Chief, WHD	Dispatch regarding William D. PAWLEY's business interests in the Dominican Republic, including mineral exploitation, purchase of Hotel Hamaca, and concession for Dominican postage stamps managed by Edward F. PALLEY.
104-10266-10138	LIRING-3	Report	Security	SECRET	1978-08-01	CIA	Office of Security	Unknown	This document appears to be a technical interrogation report from the Office of Security. It is marked as 'GROUP 1'. It also mentions the House Select Committee on Assassinations.
104-10267-10196	Request for Training for Six-Man Leader Group	Classified Message	Operations	SECRET	1966-07-07	JMWAVE	JMWAVE	DIRECTOR, EGLIN	This document details a request for training for a six-man leader group scheduled to arrive at SOLATIO on July 11. It includes details on their previous training, specific skills requested for training, and logistical support for transportation.
104-10269-10079	JMZIP - Cuban Vice Minister's Travel Plans	Cable	Cuba	SECRET	1961-05-17	RIO DE JANERIO	RIO DE JANERIO	BELL	This cable discusses Cuban Vice Minister of Foreign Affairs Carlos Olivares's plans to travel to Brazil via Mexico to promote the Cuban Revolution. It requests information on Olivares and his travel plans.
104-10275-10176	MEMORANDUM FOR THE RECORD SUBJECT: Meeting with AMBANG-1	Memorandum	Cuba	UNCLASSIFIED	1963-08-02	SAS/SO	Alfenso Rodriguez	THE RECORD	Memorandum for the Record regarding a meeting with AMBANG-1 on July 27, 1963 in Miami. Topics discussed include requests for high explosives, contact in Guantanamo, political plans, isolation of Cuba, phasing out of employment, a JURE radio link, aerial maps of Cuba, JURE organization and strength, ARTIME activities in Central America, a list of Cuban diplomats, relation with Jorge Volsky, two man underwater craft, training in simple scorch system, and an article for Cuadernos.
104-10290-10038	Information on Individuals in Mexico City	Report	Mexico	UNCLASSIFIED	2025	Unknown	C/SAS	Unknown	This document contains information on FERNANDO PALKUZUKIA, MARIA FRANCISCA CRESPO FALCON, and HOWARD ANDERSON in Mexico City. It includes personal details such as date and place of birth, physical descriptions, passport numbers, and addresses. The document also lists various codes and initials such as RIDAT TIPIC, DIR 86283, SAS/SEC: MKH or G, ΙΛΙ/3/ΜΕΧΙ, C/WH/3, C/WMD, and references to EASING OFFICER, SACREA, and DESMOND FITZGERALD.
104-10290-10046	230 VA STING WRTELLETTER EVODYING FOLLOWING IDEAS	WRTELLETTER	John F. Kennedy Assassination Records Act of 1992	SECRET	1963-12-03	FBI	WB/3/	DIR	This document is a letter discussing potential business dealings involving the purchase and delivery of unspecified articles. The author expresses concerns about payment delays and requests a response to the letter. The document also includes instructions for sending a reply to a specific address.
104-10290-10055	Classified Message Regarding Mexico City, Bogota, Lena, and Guatemala	Cable	Mexico	SECRET	1963-12-02	DIRECTOR	DIRECTOR	MEXICO CITY, BOGOTA, LENA, GUATEMALA	This document is a classified message sent from the Director to Mexico City, Bogota, Lena and Guatemala. It references CA, CA/PEG, CA, PROP, WH 7 and VR. Mentions Grace Holmes and P.O. Box 1767, Coral Gables, Florida.
104-10290-10062	RELEASE UNDER THE PRESIDENT JOHN F. KENNEDY ASSASSINATION RECORDS ACT OF 1992	Memo	Administrative	UNCLASSIFIED	2025-01-01	Unknown	Unknown	Unknown	This document appears to be related to the release of information under the John F. Kennedy Assassination Records Act of 1992. It includes alphanumeric codes, geographic locations, and potentially names or organizations. Further analysis is needed to determine the specific content.
104-10290-10155	FORTY-SIXTH ANNIVERSARY OF FOUNDING OF SOVIET STATE SECURITY ORGANIZATION	Cable	Security	SECRET	2025	DIRECTOR	DIRECTOR	ALL COS, COB	This cable discusses the anniversary of the founding of the Soviet State Security Organization and suggests discreet gatherings in embassies or other locations. It also mentions previous tentative identifications and ADAMAKES MOUNT UNILATERAL UNVEILLANCE.
104-10290-10162	Report on Arms Cache and Motor Shipments	Report	Cuba	SECRET	1963-09-25	CARA	COMA SOURCE	LIATBOR	This document discusses the ordering and shipment of arms and motors, potential caches, and related investigations.
104-10290-10168	CARA HARA NAVE DODS 69778 MAKI LIMA PACY GUAT	Cable	Cuba	UNCLASSIFIED	2025	DODS	WH8	DIR	This cable discusses surfacing evidence of Castro financing terrorist and pro-Cuban acts.
104-10290-10190	World Briefs	Cable	Intelligence	SECRET	1963-01-14	CIA	Coordinating Officer	Distribution List	This cable contains world briefs covering various geopolitical situations, including Berlin talks, Yugoslavian leadership, North Vietnam propaganda, Cuban involvement with the Soviet Union, Soviet economic plans, Italian government stability, Cuban-African relations, British foreign policy, British Guiana politics, French-Chinese trade, Finnish cabinet crisis, South Korean politics, Turkish cabinet crisis, Congolese political instability, and Laotian political and military dynamics.
104-10290-10199	Coded Message Regarding Operations and Personnel	Cable	Operations	SECRET	2025-01-01	Unknown	Unknown	Unknown	This document appears to be a coded cable message discussing operations, personnel, and traffic handling. It references individuals or entities such as MEIRV BOW, HAFELE ODXOKE, and mentions traffic being handled by OTTAWA. The document emphasizes secrecy and restrictions on reproduction.
104-10290-10210	REQUEST TRAINED HERBERT YAMADA	Cable	Mexico	SECRET	1963-12-16	KRAA	KRAA/CONS	MEXICO MANILA HONG KONG	This cable discusses Herbert Yamada, including his history and travels, and states there is no objection to him with liaison checks providing no operational interest shown.
104-10290-10219	Possible Defection of Cuban Delegation Member	Cable	Cuba	SECRET	1963-10-15	MEXICO CITY	MEXICO CITY	DIRECTOR	Cable discusses a possible defection of Antonio De Souza Carbajal, a member of the Cuban delegation, after contact with LITAMIL-3 in New York. Request for traces, comments, and advice on another trip by L-3 to New York for the purpose of talking to De Souza.
104-10290-10273	REQUEST TRACES AND POA BENITO RUIZ SUAREZ	Cable	Cuba	SECRET	2025	C/WM 5	MEXI 4687	DOP, ADDP, C/CI, C/SAS 5, FF VR	This cable discusses Benito Ruiz Suarez, his background, connections, and travel habits. It requests traces and POA on him, noting his DOB, wife's name, and former role as a manager at the Hotel Nacional in Havana. He is identified as a former agent and sole Cuban delegate to the ACTA convention.
104-10290-10309	MEXI 5620: JORGE ANTONIO ABASOLO GARCIA - Traces and POA Request	Cable	Cuba	SECRET	1963-08-22	MEXICO CITY	MEXICO CITY	DIRECTOR	Cable from Mexico City requesting traces and POA for Jorge Antonio Abasolo Garcia, a Cuban industrial engineer with connections to Ernesto "Che" Guevara, and reporting on his brother Gustavo Abasolo, who is anti-Castro and potentially willing to provide information. The cable also mentions Abasolo's planned departure from Cuba and his ex-wife's family connections.
104-10291-10002	Robert P. Wheeler Personnel Records	Memorandum and Personnel Records	Personnel	SECRET	1973-12-27	CIA	F. W. M. Janney, Director of Personnel; W. E. Colby, Director; R. L. Austin, Jr., Recorder	Chief, Plans Staff	This document contains personnel records and correspondence related to Robert P. Wheeler's retirement from the CIA, including his Distinguished Intelligence Medal and letters of appreciation.
104-10291-10003	WIROGUE Contract and Termination Documents	Memorandum and Contract	Administrative	SECRET	1959-07-24	CIA	Contract Approving Officer, Africa Division, SR/DOB	Chief, Finance Division; Contract Personnel Division; Special Contracting Officer	This file contains documents related to the engagement and termination of Ernest G. Maycrink (WIROGUE/1) as an independent contractor for the CIA, including contracts, financial transactions, and agreements regarding compensation, benefits, and secrecy.
104-10291-10004	Personnel Actions for James S. Woods	Personnel Action Forms and Memoranda	Personnel	SECRET	1978-08-04	CIA	Kenneth Corbat	Director of Personnel	This document contains various personnel action forms and memoranda related to James S. Woods, including requests for reassignment, promotion, voluntary retirement, and commendation for exceptional performance. It covers actions from 1976 to 1978.
104-10291-10009	PERMINDEX CORP. ICD DOCUMENTS	Memo	Administrative	SECRET	1959-11-30	CIA	Chief, New York Office	Chief, Contact Division (Support)	This file contains memos regarding the Permindex Corporation and the World Trade Center, including requests for information and background checks. It mentions Ferenc Nagy, Enrico Mandel-Mantello and other individuals associated with Permindex.
104-10295-10001	Summary of S/W Training and Issuance of Materials for AGENT AMLASH/1	Memorandum	Operations	Unclassified	1962-08-29	CIA	Richard M. Fallucci, TPE C/O	Record	This memorandum details the S/W (secret writing) training provided to agent AMLASH/1 in Paris during August 1962, including instruction on techniques, materials, and communication protocols. It also outlines the supplies issued to the agent and specific procedures for maintaining secure correspondence.
104-10295-10168	GENERAL - Administrative SPECIFIC - Arthur G. VAIVADA	Dispatch	Administrative	SECRET	1957-02-21	CIA	Chief of Station, Habana	Chief, WHD	This dispatch discusses Arthur G. VAIVADA's agreement to conversion to the career agent category and his request for his wife's U.S. citizenship to be processed for security reasons.
104-10298-10095	Cuban Revolutionary Council - Internal Security - Cuba	Memorandum	Cuba	UNCLASSIFIED	1963-04-16	Federal Bureau of Investigation (FBI)	FBI	Unknown	This memorandum discusses the Cuban Revolutionary Council's reaction to the United States' policy towards Cuba in April 1963, including Dr. Jose Miro Cardona's potential resignation and the Council's concerns about peaceful co-existence with Communist Cuba.
104-10298-10184	IN 41885: MIAMI HERALD ARTICLE ON MIRO AND MANUEL RAY	Cable	Cuba	CLASSIFIED	1962-05-27	JWAVE	JWAVE	DIRECTOR	This cable discusses a Miami Herald article by James Buchanan which alleges Manuel Ray has replaced Miro as the leader of Cuban exiles with the backing of several Latin American leaders and the United States. The article is causing concern among Cuban exiles, and the cable suggests the need to discredit Buchanan's story and reassure Miro.
104-10300-10124	THE LEE HARVEY OSWALD CASE #351164	Memorandum	Security	UNCLASSIFIED	1964-01-29	UNITED STATES GOVERNMENT		Files	This memo discusses Abram Chayes and Samuel Wise's involvement in Lee Harvey Oswald's case and their potential connections to communism.
104-10301-10008	Description of JMWAVE Components	Report	Administrative	SECRET	1963	CIA	JMWAVE	Headquarters and intelligence community consumers	This document describes the organization and components of JMWAVE, including its Support Branch, Operations Branch, Covert Action Branch, External Operations Branch, Reports Section, Technical Services Section, and Communicators. It also includes organizational charts for JMWAVE and the Deputy Director for Plans.
104-10301-10010	Mexico City Station Operations Report	Report	Operations	SECRET	1964	CIA	Unknown	Chief, WE Division	This document provides an overview of the Mexico City Station's operations, including Cuban, Soviet, and other activities. It discusses personnel, resources, and recommendations for improving effectiveness.
104-10302-10020	Daily Summary - 6 December 1963	Daily Summary	Cuba	TOP SECRET	1963-12-06	Central Intelligence Agency	Office of Current Intelligence	N/A	Daily summary of intelligence related to Cuba, including military developments, international relations, internal situation, economic development, insurgency, foreign service, air flight connections, shipping support, relations with China and other blocs, and support of external subversive activities.
104-10302-10030	Weekly Review - Office of Current Intelligence - 27 December 1963	Weekly Review	Intelligence	TOP SECRET	1963-12-27	Central Intelligence Agency	OFFICE OF CURRENT INTELLIGENCE	COMMUNICATIONS INTELLIGENCE	This document is a weekly intelligence review from the Central Intelligence Agency, dated December 27, 1963. It covers various global events and situations, including Soviet trade activity, Chinese Communist leaders' tour in Africa, East German reactions to Berlin travel relaxation, North Korea's improved air defense, South Vietnam's political situation, and other international issues.
104-10303-10003	Kent Extract	Memorandum	Personnel	Unclassified	1975-12-05	CIA	Deputy Chief of LA Division	Unknown	This document is an extract detailing the career of Mr. William M. Kent, who joined the Agency in December 1951 and retired after 26 years of service. It highlights his assignments, performance, and commendations, including his work during the 'Chilean crisis.' The document recommends that he be awarded the Career Intelligence Medal.
104-10304-10000	Annual Fitness Report - George Joannides	Memorandum, Fitness Report	Personnel	SECRET	1979-01-08		S. D. Breckinridge	Director of Personnel	This document contains multiple fitness reports and a memorandum in lieu of a fitness report for George Joannides, an Operations Officer. The reports cover periods from 1962 to 1979, evaluating his performance in various roles, including as Deputy Chief of Branch and involvement in covert action operations.
104-10306-10007	NOTES FOR MR. McCONE	Memo	Administrative	UNCLASSIFIED	1963-10-01		W. Elder		This memo contains notes for Mr. McCone from October 1, 1963, covering topics such as General Chiang Ching-kuo's visit to the U.S., a proposal to send Dr. Cavanagh to Rome, an assessment of the reliability of Penkovskiy's documentary material, a briefing on the program against Cuba, congressional debates on the test ban treaty, a recommendation on the Agency's standing in Congress, efforts to obtain a replacement for Colonel Grogan, a briefing on the Agency's covert action programs, a meeting about personnel security, and a letter confirming Frank Hand's assignment.
104-10306-10010	Memoranda regarding Covert Activities Against Cuba and Vietnam	Memorandum	Cuba	TOP SECRET	1964-06-18	CIA	Unknown	Record, Mr. McGeorge Bundy	Minutes from 303 Committee meeting on June 18, 1964, discussing autonomous operations, Artime's operations, Cuban exiles' assassination plans, and psyops leaflets. Also includes minutes from Special Group Meeting (5412) on April 2, 1964, discussing North Vietnam operations, SWIFT and NASTY craft, reconnaissance, U-2 overflights, infiltration/exfiltration in Cuba, political action in Chile and Zanzibar. Also includes minutes from a Meeting of 5412 Group on February 27, 1964, discussing SAC planes operations in South Vietnam, infiltration/exfiltration of Cuba, NRO activities, and political action in Kenya. Additionally includes a memorandum from February 10, 1964, regarding clandestine and covert activities against Cuba.
104-10306-10011	Memorandum for the Record - DCI Meetings	Memorandum	Administrative	Unclassified	1964-04-06	CIA	DCI	Various	Memorandum for the record detailing DCI meetings and subjects covered from April to July.
104-10306-10016	March 1963 Memoranda Regarding Cuba, Soviet Plans, and Unauthorized Raids	Memorandum	Cuba	SECRET	1963-03-26	CIA	John A. McCone	All Members of the RIC Executive Committee	This collection of memoranda and notes from March 1963 discusses US policy towards Cuba, including potential responses to Soviet actions, dealing with Cuban exile groups, and concerns about unauthorized raids. It also covers discussions on multilateral forces and concerns about European contributions to NATO.
104-10306-10018	Meetings with President Johnson on Cuba, Vietnam, and Other Matters	Memorandum	Cuba	TOP SECRET	1963-12-19	CIA	Marshall S. Carter/Desmond FitzGerald/ McCone/ JAM/тс/mc/mcm/mfb/WE/Naud by DDCD/ Naud by DDCD/Σ/г/тс/ Jam:		Memoranda record meetings with President Johnson in December 1963 regarding Cuba, Vietnam, Soviet relations, and personnel changes.
104-10306-10020	Memoranda regarding Cuba and Vietnam activities	Memorandum	Cuba	SECRET	1962-10-30	CIA	John A. McCone	General Marshall S. Carter	This collection of memoranda primarily concerns CIA activities related to Cuba, including efforts to prevent provocative actions against Cuba, negotiations for the release of Cuban prisoners, and an analysis of Castro's potential impact in the Western Hemisphere. It also includes memoranda regarding CIA activities in South Vietnam and communication channels to various communist entities.
104-10306-10025	Daily Planner Entries, 1959-1960	Diary	Administrative	UNCLASSIFIED	1959-12-31	CIA	N/A	N/A	This document contains entries from a daily planner, including appointments, meetings, and social engagements. The entries span from 1959 to 1960 and include names of individuals and organizations.
104-10307-10024	Operational Plan for Continuing Operations Against Cuba	Memorandum	Cuba	TOP SECRET	1962-11-27	CIA	William K. Harvey	Director of Central Intelligence	This memorandum outlines an operational plan for CIA actions against Cuba for the predictable future, focusing on intelligence efforts and long-term operations. It assumes no US invasion or support for a revolt, limited paramilitary actions, and a continued Castro regime. The plan aims to isolate and discredit the regime, maintain economic and political pressures, and gather intelligence. It includes espionage, sabotage, and psychological warfare strategies, along with recommendations for organizational changes and actions.
104-10308-10023	Operational/GYROSE Operational Debriefings	Dispatch	Operations	SECRET	1962-06-25	JMWAVE	Chief of Station, JMWAVE	Chief, Task Force	This dispatch from the Chief of Station, JMWAVE, details operational debriefings of individuals processing through the CAC in May 1962. Subjects include former professionals, members of resistance groups, and individuals with potential connections to intelligence or counter-revolutionary activities. The debriefings covered topics like intelligence on Cuban infrastructure, potential recruitment, and leads for further operational exploitation.
104-10308-10029	AMCANOE	Memorandum	Cuba	SECRET	1964-03-03	CIA	Jane Zerance, Researcher	Record	This memorandum concerns U.S. contacts for a resistance group in Cuba, specifically the Unidad de Liberacion Nacional (ULN), and their plans to overthrow Castro. It details principle players, including AMCANOE-1 through AMCANOE-9, and reviews files related to efforts to unify exiles and support for Castro's overthrow, including an offer by the Cosa Nostra to assassinate Castro.
104-10308-10044	AMBRUSH Organization	Memorandum	Cuba	SECRET	1961-08-19	Unknown	Barbara Boyle	Unknown	This memorandum discusses the AMBRUSH Organization, an Anti-Castro Security and Counter-Intelligence Team, and information regarding potential Cuban Communist penetration agents in the U.S. Government. It also includes information on various individuals and their alleged connections to Cuban intelligence and activities.
104-10308-10053	1104-10308-10053 (2025 RELEASE UNDER THE PRESIDENT JOHN F. KENNEDY ASSASSINATION RECORDS ACT OF 1992)	Classified Message	Cuba	SECRET	1963-04-22	CIA	HAGU	DDP, ADDP, C/SOD, C/CI, C/FI, C/TSD, C/EE, C/SAS, S/CI	This document discusses the potential implementation of sabotage operations against Cuban ships by AMLEGS (assets). It outlines possible consequences, including Cuban reprisals against Western carriers, increased security measures, and the reluctance of some AMLEGS to participate without assurance of a larger overthrow plan. Specific actions against the HAVANA ship are discussed, along with the potential use of explosives.
104-10308-10054	Classified Message Regarding Recruitment Activities in Cuba	Classified Message	Cuba	SECRET	Unknown	Unknown	Unknown	SAS, CDP, C/CI, C/FI, CNE	This document contains classified information related to recruitment activities, potential assets, and individuals of interest in Cuba. It references individuals identified as IDEN A, IDEN B, and IDEN C, and their connections to resistance groups and potential recruitment for ODYOKE. It also includes details on family members, residences, and visa applications.
104-10308-10062	Unsuccessful Exfiltration Attempt by M/V ADA, 9-12 May 1964	Dispatch	Cuba	Unspecified	1964-05-23	JMWAVE	Chief of Station, JMWAVE	Deputy Chief, WH/SA	Report on the unsuccessful exfiltration attempt by the M/V ADA from 9-12 May 1964, sponsored by AMLEO-3 to rescue his family. The operation involved recruiting individuals like Mario REMIS and Daniel (RODRIGUEZ) Santos, but was ultimately thwarted by Cuban authorities.
104-10308-10086	Report on Activities of AMWORLD	Dispatch	Operations	SECRET	1964-09-03	CIA	Deputy Chief, WH/SA	Chief of Station, JMWAVE	This dispatch reports on the activities of AMWORLD in mid-July 1964, detailing information obtained from former members IDEN A and IDEN B. It covers topics such as commando instruction, intelligence operations, naval activities, operational briefings, AMBIDDY/1's activities, recreational houses, engineering, and a planned assassination mission.
104-10308-10127	AMFAUNA-26 Progress Report for October, November and December 1963	Dispatch	Operations	SECRET	1964-01-15	JMWAVE	Chief of Station, JMWAVE	Chief, Special Affairs Staff	This dispatch reports on the progress of AMFAUNA-26 operations from October to December 1963, including communication issues, attempts to activate radio systems, problems with deciphering materials, the arrest of AMFAUNA-38, and potential reasons for AMFAUNA-26's arrest. It also details reports made and expenses incurred during the period, and outlines future plans to maintain communication and exfiltrate endangered personnel.
104-10308-10163	Requirements Briefing to FBI Informant Going to Cuba	Memorandum	Cuba	SECRET	1963-07-10	CIA	Louis De Santi, SAS/CI/CP	Record	This memo details the briefing of an FBI informant, Victor Thomas Vicente, before he travels to Cuba. It outlines his contacts, mission objectives related to gathering intelligence on Cuban-Soviet relations and internal security, and arrangements made by pro-Castro organizations.
104-10308-10165	RIOD 2944: GRYBAI TYPIC YORITE ANSTRUT	Cable	Cuba	SECRET	1969-12-18	CIA	RIO DE JANEIRO	Director	This cable discusses a visit by Mario Rogerio Mestrinho de Mello to Cuba, rumors of an assassination attempt on Fidel Castro, travel restrictions, rumors about Lee Harvey Oswald in Mexico, and correspondence between Marianna Argüelles and A-1.
104-10308-10168	2025 RELEASE UNDER THE PRESIDENT JOHN F. KENNEDY ASSASSINATION RECORDS ACT OF 1992	Cable	Cuba	Unclassified	1964-10-11	Unknown	Juan	Unknown	This cable discusses several topics, including Juan Manuel Fernandez's desire to leave Cuba, a request to take Luis Rodriguez into the Jaguar Group, authorization to instruct A-35, information about an assassination attempt against Fidel Castro, the movement of tracked tanks, a Russian ship delivering fertilizer, and the defection of Commandant 'Contreras' and others.
104-10308-10189	RYBAT INDEVOUT 301	Cable	SECRET	SECRET	1963-07-11	DOMARK	MIDDAUGH	ZURC	Cable from MIDDAUGH to ZURC requesting assistance in obtaining books on espionage for a G-2 co-opted subject. Lists previously sent books and desired subjects.
104-10308-10208	Operational Exploitation of Khrushchev Visit to Cuba	Memorandum	Cuba	SECRET	1960-07-05	CIA	Chief, Western Hemisphere Division	Director of Central Intelligence	This document discusses plans to exploit Khrushchev's visit to Cuba by instigating a massive church manifestation or rally and spreading rumors of an assassination attempt. It details the involvement of various individuals and organizations, including Bishop Boza Masvidalis, Jose Lavastida, and CELAM, as well as media outlets like WRUL.
104-10308-10269	Identities of Individuals in Cuba	Cable	Cuba	SECRET	1963-10-30	CIA	ATTHONTOKH	Paris (FMM)	This document contains information regarding the identities and roles of various individuals in Cuba, including military officers, police chiefs, and former revolutionaries. It mentions their involvement in significant events such as the Moncada attack, the Granma landing, and actions against Batista's regime. The document also notes individuals who are now unemployed or hiding, and provides details about their backgrounds and connections.
104-10310-10020	Agreement Between the United States Secret Service and the Central Intelligence Agency Concerning Presidential Protection in the United States	Memorandum/Agreement	Administrative	CONFIDENTIAL	1965-04-07	Central Intelligence Agency	Marshall S. Carter, Lieutenant General, USA, Deputy Director	Deputy Director for Plans, Deputy Director for Intelligence, Deputy Director for Science & Technology, Deputy Director for support	This document contains an agreement between the United States Secret Service and the Central Intelligence Agency concerning presidential protection in the United States. It also includes memorandums for record discussing meetings, trips, and actions.
104-10310-10118	Chief, CI Meeting with Mr. Paul Wallach, Chief Counsel of Senate Select Committee on Intelligence	Memorandum	Oswald	UNCLASSIFIED	1975-10-30		Robert G. Wall, Deputy Chief, CI/OG		Memorandum regarding a meeting between the Chief of CI and Mr. Paul Wallach, Chief Counsel of the Senate Select Committee on Intelligence, concerning access to Agency files related to the Lee Harvey Oswald case. The meeting addressed concerns about the Agency's cooperation and the sanitization of sensitive information. An agreement was reached for Senate Committee reviewers to work with the original files, with certain sensitive items sterilized or summarized, subject to spot checks. The agreement was approved by Mr. Blee.
104-10322-10056	Supplementary Information on James Earl Ray	Memorandum and Cable	Liaison	SECRET	1975-10-24	CIA	David H. Blee, Associate Deputy Director for Operations	Director of Central Intelligence	This document contains supplementary information on James Earl Ray, including discussions with the FBI and a cable regarding Eric Galt, a suspect in the assassination of Martin Luther King, Jr. It details efforts to determine Galt's whereabouts and requests information from various locations.
104-10326-10010	RECORDS REVIEW BOARD AND DEPT OF STATE REQUEST FOR ASSISTANCE IN APPROACHING FSB/SVR FOR OSWALD FILE	Cable	Soviet	SECRET	1998-05-01	CIA	LIMITED DISSEM CE/EXO	Moscow, Minsk	This cable discusses the Assassinations Records Review Board's (ARRB) request for assistance in approaching the FSB/SVR for the Lee Harvey Oswald file. The ARRB is seeking access to the KGB records on Oswald, which were originally held in Minsk but flown to Moscow in 1963 following the assassination, then returned to Minsk. The cable seeks station thoughts on the proposal to approach the FSB/SVR seeking access to the file and discusses implications of such a request.
104-10326-10013	BKGB Access Support to USG Assassination Record Review Board	Cable	Liaison	SECRET	1998-03-06	STAFF	MINSK	DIRECTOR	This cable discusses the USG's Assassination Records Review Board (ARRB) interest in obtaining BKGB (Belarusian KGB) records related to Lee Harvey Oswald's time in Minsk. It details previous inquiries, obstacles faced due to Belarusian privacy laws, and potential future requests for assistance. It also mentions Norman Mailer's access to these records and the BKGB's subsequent dissatisfaction.
104-10326-10044	NEW STORY ON LEE HARVEY OSWALD AND CIA IN JAPAN	Cable	Oswald	SECRET	1996-09-13	CIA	STAFF	TOKYO	This cable discusses a new story on Lee Harvey Oswald and the CIA in Japan. It suggests the COS have the embassy press officer refer the UPI correspondent to the Public Affairs Staff (PAS). PAS recommends treating the UPI correspondent like any other reporter and suggests directing questions to PAS.
104-10326-10045	NEWS STORY ON LEE HARVEY OSWALD AND CIA IN JAPAN	Cable	Oswald	SECRET	1996-09-12	CIA	TOKYO	DIRECTOR	This cable discusses a news story about Lee Harvey Oswald and the CIA in Japan. It requests the name and phone number of the project office responsible for declassification of Kennedy assassination papers, as a UPI reporter is about to file a story based on local research and an interview with a retired Marine officer who claimed Oswald was recruited by the CIA while stationed in Japan in the 1950s.
104-10326-10055	RELEASE OF CLASSIFIED DOCUMENT	Cable	Administrative	SECRET	1996-02-08	STAFF	COPENHAGEN	IMMEDIATE DIRECTOR	This cable discusses the release of a classified document related to Lee Harvey Oswald. It notes that the received fax appears incomplete and requests that crypts be deleted before release. The station also wants to be informed of the release date to notify the ambassador and liaison service chiefs.
104-10326-10068	WASHINGTON POST ARTICLE ON MEXICO CITY TELTAPS	Cable	Mexico	SECRET	1995-09-22	CIA	LIMIT LA/MCGMXB	MEXICO CITY	A Washington Post article discusses CIA activities in Mexico City during the JFK assassination timeframe, specifically mentioning a wiretap operation carried out with the cooperation of the Mexican government. The CIA had attempted to block the release of these documents, declassified under the JFK Assassination Records Collection Act of 1992, fearing it might endanger similar ongoing operations. The station is asked to comment on any reaction by liaison (particularly KDSOMBRERO) or unilateral assets to this disclosure.
104-10326-10074	BRIEFING PAPER AND OSWALD FILES	Cable	Oswald	SECRET	1995-08-16	CIA	STAFF	DIRECTOR	This cable discusses a briefing paper for CODEL Shelby regarding Oswald files, a historical conversation with a local service about those files, and a diplomatic note submitted by the Ambassador requesting the files on Oswald.
104-10326-10075	DRAFT BRIEFING PAPER AND OSWALD FILES	Cable	Oswald	SECRET	1995-08-12	CIA	LIMIT C/CE/W/MB	IMMEDIATE MINSK	This cable discusses a draft briefing paper and the Lee Harvey Oswald files. It includes instructions to correct the briefing paper to reflect changes requested, information about the offer to provide the Oswald files being turned over to the FBI due to the sensitivity connected with the Kennedy assassination, and requests to delete or soften certain sections of the briefing paper related to unilateral operations, embassy security, and personnel requirements.
104-10326-10077	REQUEST FOR GUIDANCE	Cable	John F. Kennedy Assassination Records Act	CONFIDENTIAL	1995-08-09	CIA	DIRECTOR	MINSK	This cable discusses a request for guidance regarding files on Lee Harvey Oswald and the transfer of information to the FBI. It also mentions discussions with a source (JYVAPOROUS) regarding access to the Oswald files in Minsk and the FBI's potential involvement.
104-10326-10078	REQUEST FOR GUIDANCE	Cable	Liaison	SECRET	1995-07-31	Unknown	MINSK	DIRECTOR	This cable discusses a request for guidance regarding potential questioning of JYVAPOROUS about sharing files on Lee Harvey Oswald with the USG and Norman Mailer.
104-10326-10087	JFK ASSASSINATION ISSUES	Cable	Mexico	UNCLASSIFIED	1994-12-02	CIA	MEXICO CITY	Director	This cable discusses the potential impact of disclosing information related to Oswald's tapes and the use of NOCs (Non-Official Covers) on the liaison relationship with Mexican authorities, particularly concerning joint TELTAP operations and the sensitivity surrounding the NWBOLTON relationship.
104-10326-10092	11 NOVEMBER 1993 Meeting with the SVRR	Cable	Liaison	SECRET	1993-11-19	Unknown	Moscow	Director, St Petersburg	Cable discusses a meeting between the COS and Leonid Ryabchenya of the SVRR regarding various topics, including a book by Oleg Nechiporenko on Lee Harvey Oswald, scheduling of discussions on Yugoslavia, and an unclassified paper from U.S. scientists on environmental issues.
104-10326-10101	WASHINGTON TIMES ARTICLE RE KGB OFFER TO HOLLYWOOD	Cable	Operations	UNCLASSIFIED	1992-04-04	CIA	CIC/CEX	VILNIUS	This cable discusses a Washington Times article regarding a KGB offer to Hollywood and its possible connection to the LWOPUS case. It explores similarities between the KGB's approach and LWOPUS's offer of a manuscript, including financial motivations, volume of material, potential joint efforts, and concerns for safety.
104-10332-10009	House Select Committee on Assassinations Request for Access to the "Hart Report" and related documents on Yuri Nosenko	Memorandum	Soviet	SECRET	1978-05-30	CIA	S. D. Breckinridge	Director of Central Intelligence	This document includes multiple memos and attachments regarding Yuri Nosenko, a KGB defector, and his connections to Lee Harvey Oswald and the Kennedy assassination. It covers topics such as the release of information related to Nosenko, requests for access to documents, and internal discussions regarding the handling of Nosenko's case.
104-10332-10020	Position on Release of Information Pertaining to Mexico City Station and the JFK Assassination Records	Memorandum/Working Paper/Note	JFK Assassination Records	SECRET	1995-07-14	CIA	Fredrick C. Wickham, Jr./David N. Edger/Linda C. Cipriani/J. Barry Harrelson/David Cohen	Chief, Historical Review Group/Director, Intelligence Coordination, Intelligence and Research, Department of State/J. Barry Harrelson/Fredrick Wickham/Johnny Goins/Eleanor E. Neiman	Collection of documents regarding CIA's position on releasing information pertaining to Mexico City Station and the JFK Assassination Records. Also includes notes from meetings with ARRB staff and correspondence regarding the release of various CIA stations.
104-10332-10023	JFK Assassination Records Collection Act of 1992 Compliance Documents	Memorandum and Declarations	Administrative	UNCLASSIFIED	1998-09-16	Central Intelligence Agency	George J. Tenet	John R. Tunheim	This document contains correspondence, declarations, and memoranda related to the CIA's compliance with the JFK Assassination Records Collection Act of 1992. It includes letters from George Tenet, Director of Central Intelligence, to John R. Tunheim, Chair of the Assassination Records Review Board, declarations from Edmund Cohen and David W. Carey regarding the CIA's search and release of assassination-related records, and internal memoranda concerning the handling and replacement of declaration pages.
104-10337-10001	Agency Records on the JFK Assassination	Letter/Memorandum	Administrative	UNCLASSIFIED	1992-04-23	Central Intelligence Agency	Stanley M. Moskowitz	John Conyers, Jr.	This document primarily consists of correspondence between the CIA and the House Committee on Government Operations regarding CIA holdings of records related to the assassination of President Kennedy. It also includes outlines of testimony and internal memos regarding the JFK resolution and related hearings.
104-10337-10014	JFK Records Review - Lessons Learned	Memo for the Record	Administrative	SECRET	1998-11-24	CIA	Charles A. Briggs	Record	This memo discusses lessons learned from the CIA's JFK Records Review project, including challenges posed by unrealistic deadlines, inflexible standards, and mandated procedures. It also covers the review process, the JFK Act, and ARRB requests for information.
104-10338-10018	Cuban Subversion in Latin America Since July 1963	Memorandum	Cuba	SECRET	1964-06-04	Central Intelligence Agency, Office of Current Intelligence	OCI	NO FOREIGN DISSEM	This Current Intelligence Memorandum discusses Cuban subversion in Latin America since July 1963. It highlights Cuba's continued efforts to promote, finance, and support pro-Castro groups and individuals in various countries, despite setbacks in Venezuela and Brazil. The document details Cuba's training of Latin Americans in guerrilla warfare, its support for front organizations, and its involvement in arms smuggling. It also provides a country-by-country rundown on Cuban subversion activities.
104-10406-10136	DDO INSTRUCTION NO. 50-10: RESTRICTIONS ON OPERATIONAL USE	DDO Instruction	Operations	SECRET	1973-09-04	DDO (Deputy Director for Operations)	William E. Nelson, Deputy Director for Operations	DDO Elements	This document outlines the restrictions on the operational use of individuals or groups by the DDO, covering various categories such as members of ACTION, Fulbright grantees, and employees of other U.S. government agencies. It details the required approvals and concurrences for operational use based on the individual's affiliation or status.
104-10406-10139	The 201 System - Annex B	Manual	Administrative	SECRET	1974-11-15	DDO	DDO/RMO	DDO Components	This document describes the 201 system, a method for identifying and controlling information about persons of specific interest to the Operations Directorate. It covers the 201 number, dossier, master record, OI codes, machine lists, opening and maintaining dossiers, restrictions, information requests, and dossier cancellation.
104-10408-10078	Request for Information on 201 Criteria	Memo	Administrative	SECRET	1978-02-28	Central Intelligence Agency	William F. Donnelly, Chief, Information Services Staff	O/SA/DO/O, Attention: Mr. Shepanek	This document discusses the criteria for opening and maintaining 201 files within the CIA's Operations Directorate, particularly concerning individuals of intelligence interest during the period 1958-1964. It includes correspondence between the House Select Committee on Assassinations and the CIA regarding access to these files.
104-10408-10316	THE 201 SYSTEM	Annex	Administrative	SECRET	1974-11-15	Central Intelligence Agency (CIA)		DDO/RMO	This document describes the 201 system, a method for identifying persons of interest to the Operations Directorate, controlling and filing pertinent information about them, and producing lists of 201 personalities by category.
104-10408-10329	MELB 2517 (ROLLOFIER ACTING)	Cable	Soviet	SECRET	1963-12-12	FELSCURNED	DIRECTOR	DAM 4	Cable discusses preliminary checks on recorded conversations, including information on vehicles possibly linked to Soviet or Bloc installations, individuals of interest, and coordination with PMO liaison officer.
104-10412-10005	WNINTEL CKTOP (PDGRAVE WIGALE) TRACE ON VLADIMIR KUZNETSOV	Cable	Soviet	SECRET	1976-09-17	SE/BIO INFO SE/CI/X, SE/X/EU, EABNLYBY	SE/BIO	BRUSSELS	This cable discusses a trace on Vladimir Kuznetsov, possibly identical with Vladimir Sergeyevich Kuznetsov, a GRU staff officer. Mentions his rank, assignment to the Third Anglo-American Directorate, and attendance at the Military Diplomatic Academy. Notes that the subject is not identical with another Vladimir Sergeyevich Kuznetsov who served in Jakarta. Requests further tracing upon receipt of patronymic and additional bio data.
104-10413-10053	Debriefing of David M. WILSTED (ps)	Memorandum	Mexico	SECRET	1960-06-06	CIA	WHD, CI/OPS, FI/OPS, FI/D	Record	This memorandum details a debriefing of David M. WILSTED (ps) on June 1, 1960, regarding Project LINOG and its operations in Mexico City. It covers topics such as the reformation of the telephone system by Telefonos de Mexico, S.A. through sub-contractor Intel, the challenges this poses to LIFEAT work, and the use of basehouses for tapping phone lines. The memo also discusses personnel involved in the tapping operations, security measures, and specific locations being monitored, including Cuban, Russian, Polish, and Soviet interests.
104-10413-10306	Yuriy Ivanovich MOSKALEV	Memorandum	Soviet	SECRET	1978-07-13	CIA	Raymond A. Warren	Scott Breckinridge	This document contains preliminary research based on a theory that Yuriy Ivanovich MOSKALEV might be identifiable with the "unidentified man" observed entering and departing the Soviet Embassy in Mexico City, Mexico, in October 1963. It also explores possible connections between MOSKALEV and the Kennedy assassination.
104-10414-10002	2025 RELEASE UNDER THE PRESIDENT JOHN F. KENNEDY ASSASSINATION RECORDS ACT OF 1992	Report	Soviet	SECRET/NOFORN	1976-09-20	GICS	Unknown	Unknown	This document contains information on Soviet citizens and their activities, including trade representation, PCS reports, and potential traces. It also includes information on individuals such as Vladimir Kuznetsov, Valentin Anatoleyevich Belokon, Andrey Gerasimovich Trubetsky, and Erik Kassinov, along with details about their employment, family, and affiliations with various organizations.
104-10418-10202	Yurily Ivanovich NOSENKO	Report	Security	Unclassified	1969-08-05		Director of Security	DDCI	Report on Yurily Ivanovich NOSENKO, a Soviet KGB officer who defected in 1964 and was subsequently involuntarily confined in the U.S. by the Agency.
104-10418-10378	THE LEE HARVEY OSWALD CASE #851164	Memo	Oswald	SECRET	1964-01-29	Unknown	H. D. Stevens	Unknown	This memo discusses information related to Lee Harvey Oswald's case, including Abram Chayes' role in Oswald's return to the U.S. from the Soviet Union, and information about Samuel Wise, who was involved in Oswald's case and had connections to ABRAXINE and individuals with questionable loyalty.
104-10418-10439	Field Distribution - BD #5847	Distribution List	Administrative	SECRET	1963-11-22	CIA	Unknown	Various field offices	This document is a field distribution list with various divisions and locations.
104-10423-10337	Warren Commission Testimony - Selected Excerpts	Dispatch	Commission	S-E-C-R-E-T	1965-02-02	CIA	Chief, KUDOVE	Chiefs of all Stations	This document is a dispatch from the Chief of KUDOVE regarding Warren Commission testimony excerpts related to Presidential protection and interagency cooperation.
104-10431-10091	Information on Valeriy Vladimirovich Kostikov	Letter	Soviet	SECRET	1982-05-21	CIA	David H. Blee	Anthony C. M. DeVere	This letter discusses Valeriy Vladimirovich Kostikov's activities in Mexico, France, Spain, the U.S., and Cuba during the period 1959-61, his assignment to Mexico City as a consular officer from 1961-1965 and again in 1968, his possible involvement with Lee Harvey Oswald, and his potential connection to Department 13 (Executive Action) of the KGB.
104-10431-10102	Correspondence regarding Sergyj Czornonoh's claims about Lee Harvey Oswald	Letter	Oswald	CONFIDENTIAL	1978-03-30	CIA	DH Jones for GML Blackburne-Kane	British Embassy	Correspondence from Sergyj Czornonoh regarding information he claims to have provided about Lee Harvey Oswald to the American Vice Consul in Sofia, Bulgaria, in August 1963. He also details his experiences in London and claims of harassment by the FBI and other agencies.
104-10433-10050	Transmittal of Memo to Legal Attache Regarding Martin Luther King, Jr.	Dispatch	Administrative	CONFIDENTIAL	1966-03-30	CIA	Chief	Chief of Station, London	This dispatch transmits a memo to the Legal Attache in response to an inquiry about Martin Luther King, Jr.'s activities in Oslo and Norway. It confirms that they have no information about King's past or future visits and acknowledges the desire for confidentiality regarding their interest in King.
104-10433-10209	Weisberg Request (Martin Luther King, Jr.)	Memorandum	Administrative	CONFIDENTIAL	1976-07-27	CIA	John J. Reagan, Chief, International Terrorism Group, Operations Staff	Privacy and Information Officer, DDO	This document concerns a FOIA request related to Martin Luther King, Jr. and includes a routing slip, internal FOIA request form, and a memorandum detailing releasable and exempt items pertaining to King and his assassination. It lists various overt items, news articles, and documents with exemptions under the Freedom of Information Act.
104-10433-10212	Summary of Cuban Media Treatment of the Death of Martin Luther King, April 1968	Dispatch	Cuba	CONFIDENTIAL	1968-04-09	JMWAVE	Chief of Station, JMWAVE	Chief, WH Division	Summary of Cuban media coverage of Martin Luther King's assassination, April 1968. Includes reports from Granma newspaper and Radio Habana, focusing on reactions, potential for violence, and exploitation by revolutionary elements.
104-10437-10079	THE LEE HARVEY OSWALD CASE #351.164	Memorandum	Security	SECRET	1964-01-29	FBI	M. D. Stevens	Files	This memo discusses Abram Chayes and Samuel Wise, both connected to Lee Harvey Oswald's case. Chayes was involved in Oswald's return to the US from the Soviet Union and had security clearance for discussions on sensitive matters. Wise, possibly Samuel Griffin Wise Jr., was a counsel in the American Embassy in Moscow and was involved in a case similar to Oswald's. The memo also mentions Wise's past CIA application and associations with individuals of questionable loyalty.
104-10439-10113	CIA Regulations on Relationships with Individuals	Regulation	Personnel	SECRET	1978-03-09	CIA		HCSA	This document outlines CIA regulations and definitions regarding its relationships with individuals, including agents, assets, sources, collaborators, and contract personnel. It details the criteria and approvals required for using individuals in various capacities, restrictions on operational use, and management policies for non-staff personnel.
104-10506-10028	Latin America Division Task Force Report of Possible Cuban Complicity in the John F. Kennedy Assassination	Memorandum	Cuba	CONFIDENTIAL	1977-06-29	Latin America Division/DDO	George V. Lauder	The Inspector General	This document is a Latin America Division Task Force Report of Possible Cuban Complicity in the John F. Kennedy Assassination. The report reviews all Agency operations conducted against Cuba from 1 January 1960 to 1 January 1965 and found no definitive proof that the Castro regime was implicated in the Kennedy assassination.
104-10510-10090	Classified Message	Classified Message	Unknown	SECRET	Unknown	Unknown	Unknown	ABIJ, ACCR, ADD1, ALGI, AMMA, ANCH, ANKA, ASUN, ATHE, BAGH, BANG, BEIR, BELG, BRLN, BERN, BOGO, BOMB, BONN, BRAZ, BRUS, CAIR, CALC, CAPT, CARA, TRUJ, COLO, CNRY, LISB, COPE, DKAR, DAMA, DARE, DJAK, FPAN, GUAT, HAGU, HELS, HONG, HULA, ISTA, J100, KABU, KAMP, KAHI, KHAR, KUAL, KUWA, LAGS, LAPA, LEOP, LIMA, LOND, LUXE, MADR, MANA, MANI, MELB, MEXI, MOGA, MNRV, MONT, MUNI, NOBI, NEWD, OTTA, PACY, PARI, PENH-, PRET, QUIT, RABA, RNGO, BEYK, R100, ROME, SAIG, SLBY, SANJ, JUAN, SAGO, SALV, SEOU, SING, STOC, TAMI, THAR, TEGU, TEHE, TOKY, TPLI, TNIS, VIEN, VETN, WELL, YAQU	This document is a classified message with routing information and mentions various locations.
104-10510-10141	Hospital Bill for Rigoberto Cruz Perez	Hospital Bill	Medical	UNCLASSIFIED	1965-09-12	Unknown (Hospital)	Unknown (Hospital)	RIGOBERTO (CRUZ)	This document appears to be a hospital bill for Rigoberto Cruz Perez from a hospital in Hialeah, Florida, dated September 12, 1965. It includes charges for various services, payments, and outstanding balances.
104-10512-10101	DIR WAVE GYROSE AMLACE	Cable	Cuba	SECRET	1962-08-26	Unknown	Unknown	Unknown	Cable discusses AMTOAD-1's interactions with AMLACE-1's wife (AMLACE-2) regarding potential recruitment as a courier for anti-Castro refugees, and the lack of interest from RENARD and Harry V. Witherby. Assesses the development as not a threat to AMLACE-1 security.
104-10512-10102	104-10512-10102 2025 RELEASE UNDER THE PRESIDENT JOHN F. KENNEDY ASSASSINATION RECORDS ACT OF 1992	Cable	Cuba	SECRET	1962-08-25	DIR	DIR	WAVE, GYROSE	This is a classified message regarding VIO L. NEVES, sent from DIR to WAVE and GYROSE, referencing RIOD 8317 and RICD 8316. The message includes routing and classification information.
104-10512-10110	Soviet Merchant Vessels in Cuban Ports	Report	Cuba	SECRET	1962-10-25	FACO	JUVAVE	Headquarters	This report details the arrival of Soviet merchant vessels in Cuban ports between September and October 1962, specifying the types and quantities of cargo delivered. It includes information on vessels transporting war materiel, petroleum, general cargo, and other supplies.
104-10516-10103	REQUEST PRITY POA TO HOLUDE COMMO TRAINING FOR HARTA (VALDES)	Cable	Cuba	SECRET	Unknown	CIA	DIR WAVE	Unknown	This cable discusses training for Harta (Valdes) and his potential return to Cuba. It mentions Valdes's employment as a statistician in the Ministry of Health and Welfare in Havana and his possible completion of studies with the World Health Organization.
104-10516-10195	Cable Regarding VASLOUCH-2 and Doctor's Bag	Cable	Mexico	SECRET	1963-12-13	MEXICO C!	MEXICO C!	JAVE	This cable details a situation involving VASLOUCH-2 and a doctor's bag being transported through Mexico. There are difficulties with customs, concerns about the contents of the bag, and the involvement of the local embassy to obtain free entry. The station will not have access to the doctor's bag until VASLOUCH-1 arrives to recover it. The cable also mentions concerns about potential security risks and the tardiness of VASLOUCH-2's arrival.
104-10516-10214	Request for Letter Drop for TICRYSTAL-1	Cable	Mexico	SECRET	1963-11-22	CIA	MEXICO CITY	DIRECTOR	Cable regarding letter drop for TICRYSTAL-1.
104-10516-10227	Cable Regarding Agent S/1 and Wife's Visit to Mexico City	Cable	Mexico	SECRET	1963-12-16	CIA	HM 8	TEGU	This cable discusses an agent (S/1) and his wife's upcoming visit to Mexico City. It includes a request for funds to cover the visit and to purchase gifts for the children. The cable also mentions S/1's assignment and living arrangements, as well as a scheduled meeting with ATS.
104-10516-10239	Release Under the President John F. Kennedy Assassination Records Act of 1992	Memo	Mexico	Unclassified	1923-09-13	Unknown	Unknown	Unknown	This document appears to be related to liaison checks and operational information, possibly involving individuals or locations with codenames or references such as MEXI, MANILA, HONONONO, PEGA CALA, NODEC TON, and CHECKSIDE.
104-10516-10270	Soviet Union Economic and Agricultural Challenges	Report	Soviet	CONF	Unknown	Unknown	DIRECTOR	Unknown	This document discusses various aspects of Soviet Union's economic and agricultural challenges, including low worker pay, failed land improvement projects, fertilizer utilization, credit demands, and potential food shortages. It also mentions political issues and potential unrest.
104-10516-10338	Classified Message Regarding George Steers and Mexico City Operations	Cable	Mexico	SECRET	1963-11-22	Unspecified	MEXICO CITY	Unspecified	This document is a classified message from Mexico City, referencing individuals and locations, including George Steers and sites SEXI 7479 and SEXIT 7433.
104-10516-10348	EFFORTS OF CUBAN GOVERNMENT TO INITIATE COMMERCIAL BARTER WITH WEST EUROPEAN COUNTRIES	INFORMATION REPORT	REPORT	SECRET	1963-12-20	INTEL CYPIC	SUPDATA COURCE	TOCS	Report on Cuban government efforts to initiate commercial barter with Western European countries, focusing on negotiations for debt payments resulting from expropriations and potential trade agreements involving sugar, fertilizer, and other commodities.
104-10517-10120	DESENSITIZED PARUMEN AMWHIP	Cable	Operations	SECRET	1964-04-17	CIA	DIRECTOR	GENEVA BERN MADRID ROME PARIS	This is a classified message regarding AMWHIP's availability in Geneva and Paris, as well as Carrillo and Robreno.
104-10517-10121	DIR 15093: Identification of CARLOS (TEPEDINO) GONZALEZ	Cable	Operations	SECRET	1964-04-17	CIA	DIRECTOR	GENEVA, BERN, MADRID, ROME, PARIS	Cable discusses the identification of CARLOS (TEPEDINO) GONZALEZ, including physical characteristics.
104-10519-10182	Cable Regarding NORMAND POULIN	Cable	Operations	SECRET	1962-11-29	CIA	PARIS	DIRECTOR	Cable discusses NORMAND POULIN and provides an address care of the U.S. Embassy APO 230, New York, NY. Routing and administrative information included.
104-10519-10184	Jack RUBENSTEIN	Memo	Commission	UNCLASSIFIED	1963-12-02	starostl	Jul Lore	J.	Memo regarding Jack Rubenstein's travel to Israel in 1962.
104-10527-10212	RBRUMEN ZRPRIMA	Cable	Cuba	SECRET	1963-11-22	CIA	DIRECTOR	LOND, PARI, BRUS, HAGU, COPE, STOC, OSLO, MADR, SOLE, FRAN, FROB, BORN, HAMB, BRUN, MUNI, VIEN, ATHE, BERN, GNVA, CALE, BEIR, TEHE, TELA, RIOD, SAOP, MRID, SAGO, MONT, BUEN, CARA, LAPA, LIMA, QUIT, QUAT, SHTO, NELS, HAVE, BELS, LISB, MILA, VLEO, TRIE	This cable discusses the conclusion of a review of the ZRPRIMA program, which aimed to recruit Cuban technicians from Western Europe. The review found that the program had not achieved significant results due to failures in Cuban recruiting efforts. The cable recommends discontinuing intensive searches for ZRPRIMA candidates but suggests remaining alert for opportunities to place resident agents in Cuba.
104-10527-10277	104-10527-10277 2025 RELEASE UNDER THE PRESIDENT JOHN F. KENNEDY ASSASSINATION RECORDS ACT OF 1992	Cable	Mexico	SECRET	1960	CIA	MEXX	DIRECTOR	This document discusses an investigation related to the President John F. Kennedy assassination records act of 1992. It mentions individuals with aliases such as Cartier, and delves into subjects like PONOD CALVIN, RAKEBRAND, and their connections with IF EMIGRE CHANNELS, ODENVY, and KUBARK. The document also discusses a Spanish connection plan.
104-10527-10421	MEXICO CITY PRIORITY MEXI	Cable	Mexico	UNCLASSIFIED	1963-10-21	WH	POSE	LILINK	This cable references ARH & Company and Overseas Realty Survey Associates. It includes a reference to DIR 77179 and mentions Mexico City.
104-10527-10424	FBIS TICKER ITEM FROM CASTRO'S SPEECH	Cable	Cuba	SECRET	2025-11-22	SAS/EOE	C/SAS 5	HAME BRUS HGUOND CASB OTT PART MEXI	This cable discusses a FBIS ticker item regarding Castro's claim that his security forces discovered an attempted sabotage of the Cuban merchant ship LAS VILLAS by the CIA in Ganda, Italy.
104-10528-10052	72346 KAPOK KEYWAY PERUMEN	Cable	Mexico	SECRET	1963-09-XX	DIRECTOR	DIRECTOR	MEXICO ROME WAVE	Cable discusses DESIGNET (IDZN A), a former long term resident of FERUMEIN, traveling on business for IDEN B. Mentions KIRA MISKOLCAPLE, a Rome contact, and a request for contact in Mexico City for a brief exit.
104-10528-10053	DIR 72346 72347: IDEN A GIULIO MONDELLO, BORN 26 FEB 1917	Cable	Mexico	SECRET	1963-09-30	DIRECTOR	DIRECTOR	MEXICO ROME HAVE	This cable identifies Giulio Mondello, an Italian citizen and former agent in Cuba for FIAT, and the Nebiolo (Linotype) firm in Turin.
104-10528-10056	Cable Regarding Jose Luis (ZALA)	Cable	Mexico	SECRET	1963-09-30	CIA	DIRECTOR	JESIAVE MEXICO CITY	This cable discusses Jose Luis (ZALA) and his possible connection to Jose Luis (ZALA), 201-350050, who is registered with an answering service at the same address.
104-10528-10149	Intelligence Record	Record	Assassination Records	UNCLASSIFIED	1963-10-01	Unknown	Unknown	Unknown	This document contains names, codes, and references related to individuals and locations, likely pertaining to intelligence or operational activities. It includes names such as Manuel Aregon and Alfonso Dielleox, along with codes like CA/35 and 4043, and references to PARIS/PIPI. The document also mentions RELEASE UNDER THE PRESIDENT JOHN F. KENNEDY ASSASSINATION RECORDS ACT OF 1992.
104-10528-10180	Message regarding Alfredo Davins and AMLONG	Cable	Mexico	SECRET	1963-10-03	Director	Director	Mexico City	Cable discusses an individual named Alfredo Davins and references AMLONG.
104-10529-10182	KAPOK PERUNEN	Cable	Mexico	UNCLASSIFIED	1963-11-06	WEBB MERIDA MEXICO CITY	S. S. SCOT	MRID INFO	This cable discusses the case of Hilton Lynn, a U.S. citizen involved in a drugs case in Merida, Mexico. It suggests ODCOIL MEXI should lead the investigation, avoiding KUBARK involvement. It also mentions the potential development of Ernesto Abreu Gomez for PERUKKN operations.
104-10529-10184	INFO PACT RIOD (ROUTINE) CITE DIR 81525	Cable	Mexico	SECRET	1963	Unknown	Unknown	Unknown	This cable discusses the provision of funds to Ari Campista, president of the Guanabara Chemical Workers Federation, for use in December elections. It also requests details from RWINBEING as RIOD is developing a parallel election and wants to avoid conflict among democrats. Additionally, RIOD is preparing to provide funds to Buga Gomes da Costa of the Alcohol and Sugar Workers.
104-10529-10196	104-10529-10196 2025 RELEASE UNDER THE PRESIDENT JOHN F. KENNEDY ASSASSINATION RECORDS ACT OF 1992	Message	Administrative	UNCLASSIFIED	2025	Unknown	Unknown	CF	This document contains information related to the release of records under the President John F. Kennedy Assassination Records Act of 1992. It includes identification information for Joseph Montllor, John E Barber, and Goodwin Shapiro. It also contains names JCKING and BERNHARD ER.
104-10529-10277	104-10529-10277 2025 RELEASE UNDER THE PRESIDENT JOHN F. KENNEDY ASSASSINATION RECORDS ACT OF 1992	Cable	MEXI	SECRET	1963-09-26	SIS	CIT OUR 03692	DEVISTA-I	Cable regarding DEVISTA-1 contacts in SALV, suggested Communists as possible contacts.
104-10529-10323	Hurricane Flora Damage to Cuba and Sabotage Operations	Cable	Cuba	SECRET	1963-10-01	DEFCRAF	DAIDURG	DIRECTOR	This cable discusses the impact of Hurricane Flora on Cuba and its potential effects on sabotage operations against Cuban shipping. It advises halting sabotage operations until the situation changes and making necessary adjustments to the approach.
104-10529-10329	LCHARVEST - LIANG Szu-cheng Contact in Mexico City	Cable	Mexico	SECRET	1963-10-12	CIA	DIRECTOR	MEXICO CETY	This document discusses LIANG Szu-cheng, his background, and potential contact with STPLATE 1 in Mexico City. It includes information about his past, architectural theories, and travel to Havana. It also mentions operational funds for STPLATE 1 and instructions for contact procedures.
104-10529-10330	VR/CLOP	Cable	Mexico	SECRET	1963-10-12	CIA	BRACK FRAR	Chairman, DEPARTMENT INTERNATIONAL RELATIONS	This document is a cable discussing various individuals and departments related to international relations, including Richard Walker Hiversiti South Caroltha and staff members Lloyd George, Steve, and Mr. Morris.
104-10529-10367	MEXI	Cable	Mexico	SECRET	1963-10-16	CIA	MIDW	MEXI	Cable regarding cartridges delivered to Corpus Christi.
104-10534-10173	2025 RELEASE UNDER THE PRESIDENT JOHN F. KENNEDY ASSASSINATION RECORDS ACT OF 1992	Memo	Security	TOP SECRET	1968-02-01		CIA	Unknown	This document pertains to a review of a Top Secret study regarding the examination of the bona fides of KGB defector Yuriy I. NOSENKO, dated February 1968. It includes deletions of certain portions containing information related to the security of ongoing CIA operations. The document requests the return of the study and related annexes upon completion of the review.
119-10021-10413	Report for July - August on Actions Taken to Combat Castro-Communist Subversion	Memorandum	Cuba	SECRET	1963-09-30	DOS	Chairman, Subcommittee on Cuban Subversion	Members of Subcommittee on Castro-Communist Subversion	This document is a subcommittee report for July-August 1963 on actions taken to combat Castro-Communist subversion. It details efforts by the CIA and Department of State to control travel to and from Cuba, movement of propaganda, clandestine movement of guerrillas and arms, and transfer of funds. It also covers strengthening counter-insurgency capabilities, exchange of intelligence on subversion, surveillance of Cuban missions, and other special actions.
124-10058-10420		Paper, Textual Document	Cuba	Secret	06/23/1964	FBI	LEG, LO	DIRECTOR, FBI	This document discusses a conversation between MARIOTRIVA PATTERSON, Counselor, Cuban Embassy, London and an unidentified male visitor, possibly a Colombian, regarding the assassination of President Kennedy. The visitor suggests the assassination was an FBI job, and RIVA expresses disgust. The document raises the possibility that the individual referred to as FOSTER may have been OSWALD.
124-10062-10456	LANE, MARK, ADMIN	Memorandum	Administrative	Secret	1965-01-05	FBI	LEG, BR	Director, FBI	FBI document regarding Mark Lane, dated January 5, 1965, discussing information received from various international police agencies and the CIA regarding Lee Harvey Oswald.
124-10114-10010	WC, ASSISTANCE, NEWS MEDIA	Memorandum	Commission	Secret	1964-10-28	FBI	Legat, Paris	Director, FBI	FBI investigation into a letter alleging possession of a document stolen from the Warren Commission, potentially harmful to President Johnson, and attempts to sell it to Paris-Match. The letter's author, Antilin PERIS, is believed to be using an alias and claims involvement of someone from the UK Embassy in Paris. The investigation involves the High General Staff (HGS) in Madrid, Spain, to locate and interview the letter's sender.
124-10115-10027	SEE FBI 62-109090-356	Memorandum	JFK Assassination	Secret	1964-10-28	FBI	LEG, PA	Director, FBI	FBI document regarding a letter in Spanish and a request for investigation by the High General Staff (HGS), Madrid, Spain, to locate and identify the sender of the letter.
124-10150-10104	ASSASSINATION OF PRESIDENT JOHN FITZGERALD KENNEDY	AIRTEL	Liaison	SECRET	1964-08-21	FBI	Legat, Bern	Director, FBI	This document discusses the assassination of President John F. Kennedy and includes information on an interview with ANGHEL DRAGOMIR. It mentions the Research Branch (Covert CIA) and refers to a translated letter from DRAGOMIR.
124-10158-10061	LEG, BR to DIRECTOR, FBI	TEXTUAL DOCUMENT	JFK Assassination System	Secret	1965-01-08	FBI	LEG, BR	DIRECTOR, FBI	FBI document regarding Mark Lane's planned talk in Zurich, Switzerland, about Lee Oswald's innocence in the Kennedy assassination, sponsored by Heinrich Buchbinder.
124-10163-10134	JFK, ASSISTANCE, SUSPECT, RIDDERSTRALE, KARL-ERIK, ALBRECHT, ADOLPH JAY, ABERG, CHARLOTTE, NAME CHECK	Memorandum	Liaison	Secret	1964-12-04	CIA	Deputy Director for Plans	Director, FBI	CIA memorandum to the FBI regarding Adolph Jay Albrecht, Charlotte Aberg, and Karl-Erik Ridderstrale. Albrecht reported to the American Embassy in Stockholm that Aberg told him Ridderstrale predicted President Kennedy's assassination. The CIA's files contain no recorded traces on Albrecht, Aberg, or Ridderstrale.
124-10180-10295	LEE HARVEY OSWALD, IS CUBA	Cablegram and Memo	Oswald	Secret	1963-12-03	FBI	LEG, PA	Director, FBI	This document pertains to Lee Harvey Oswald, specifically regarding his association, liaison with the CIA, and contact Richard Gibson, who is associated with the FPCC. It includes a cablegram and memos related to this subject matter.
124-10181-10009	MISCELLANEOUS INFORMATION CONCERNING ASSASSINATION OF PRESIDENT JOHN FITZGERALD KENNEDY	AIRTEL	Cuba	Secret	1964-06-26	FBI	LEGAT, LONDON	DIRECTOR, FBI	This document contains information from a source on the Cuban Embassy in London regarding a conversation about the assassination of President Kennedy. The conversation mentions a possible connection to a person named FOSTER who may have applied for a visa to Cuba.
124-10212-10160	LUIS ALBERTO CONDOM CAJIGAL, aka Luis Condom - CUBA; ALVARO MARTIN FERNANDEZ FOX, aka Alvaro Fernandez - CUBA	Memorandum	Cuba	Secret	1963-05-01	FBI	SAC, MIAMI	DIRECTOR, FBI	This document discusses Luis Alberto Condom Cajigal and Alvaro Martin Fernandez Fox, both associated with Cuban activities. It mentions CIA involvement and informants, including Rafael Padron Prado and Steve Minas. It also touches on gambling and narcotics matters.
124-10212-10337	SUSAN HEILIG FRANK SECURITY MATTER	Memo	Liaison	Secret	1960-02-02	CIA	CIA	DIRECTOR, FBI	This document discusses the dissemination of information about Susan Heilig Frank and Richard Cyril Frank to Swiss Federal Police and legal attaches in London, Paris, and Tokyo. It also concerns possible travel of the Franks to Communist China, England, France, or Japan. The CIA requests the FBI to provide pertinent information about the subjects' possible travel and presence in China.
124-10213-10483	Cuban Government in Arms	PAPER, TEXTUAL DOCUMENT	Cuba	Secret	1963-05-27	CIA	CIA	N/A	This document discusses the Frente Interno de Unidad Revolucionaria (FIUR) and the "Cuban Government in Arms," including a list of appointments to executive and cabinet posts of the Provisional Government of the Republic of Cuba in Arms.
124-10221-10229	PEDRO LUIS DIAZ LANZ; RENALDO BLANCO HERNANDEZ; ALBERTO EUSEBIO MOJENA IS CUBA	PAPER, TEXTUAL DOCUMENT	Secret	Secret	1958-08-27	FBI	SAC, SJ	DIRECTOR, FBI	FBI document regarding PEDRO LUIS DIAZ LANZ, RENALDO BLANCO HERNANDEZ, and ALBERTO EUSEBIO MOJENA, who are suspected of being associated with FIDEL CASTRO and operating from Ft. Lauderdale, Florida.
124-10221-10231		Memorandum	Cuba	Secret	1958-10-02	FBI	SAC, MM	DIRECTOR, FBI	This document pertains to Pedro Luis Diaz Lanz, Renaldo Blanco Hernandez, and Alberto Eusebio Mojena, focusing on intelligence related to Cuba. It includes information provided to the United States Customs Office in Miami and references classified information received from CIA, San Juan.
124-10225-10195	COST OF MOBILIZATION OF CUBAN ARMED FORCES AND EFFORT TO ECONOMIZE	Intelligence Information Cable	Cuba	Secret	1965-01-19	CIA		STATE/INR, SECDEF, NSANIC, USIA, ARMY/ACSI, NAVY, AIR JCS, DIA, CIA/NMCC, NPIC, TREASURY AD/CI I&NS	This document discusses the cost of mobilization of Cuban armed forces and efforts to economize in January 1965. It references a 32-day mobilization of 51,000 men in the spring of 1964, costing the Ministry of the Armed Forces a minimum of $8,176,320 pesos.
124-10237-10009	ASSASSINATION OF PRESIDENT JOHN FITZGERALD KENNEDY 11/22/63, DALLAS, TEXAS MISC. INFO CONCERNING	AIRTEL	Liaison	Secret	1964-08-21	FBI	Legat, Bern	Director, FBI	This Airtel from the Legat in Bern to the Director of the FBI concerns miscellaneous information related to the assassination of President John F. Kennedy. It encloses copies of interview results with ANGHEL DRAGOMIR and incorporates a translated letter with comments. Mentions a referral to the Bureau for investigation and clarifies the identity of another government agency involved.
124-10239-10171	LEE HARVEY OSWALD IS-R-Cuba	Memo	Mexico	Secret	1964-03-13	FBI	TRENT, ROLAND E.	LEG, MX	This document discusses Ernesto Mitrani Levy, a Cuban national who worked at the Cuban Consulate in Mexico City and was suspected of cooperating with anti-Castro forces. It details his interactions with the U.S. Embassy, CIA, and Cuban officials, as well as his potential defection.
124-10273-10070	Coverage of Mail to the U.S.S.R.	Memo	Liaison	SECRET	1958-01-22	FBI	A.H. Belmont	Mr. Boardman	These documents discuss the CIA's Project HUNTER, a sensitive project involving the review of mail going to and from the Soviet Union. The FBI and CIA coordinated to identify individuals of interest and potential security risks. The documents outline procedures for sharing information and coordinating efforts between the two agencies. Also discussed is the process for examining correspondence for secret writing, micro dots and possibly codes. The documents also request adding and removing names from the watch list as well as adding people who are current and former Soviet exchange students, researchers and scientists, and Soviets who have U.S. contacts who are subversive
124-10273-10104	CIA, NATIONAL STUDENT ASSOC, PICKETING, DEMONSTRATION; RELATIONS WITH CIA; COMMUNIST PARTY OF VENEZUELA; CENTRAL INTELLIGENCE AGENCY (CIA) Operations in the United States	Memorandum, Airtel	Liaison	Secret, Confidential	1967-03-15	FBI	Director, FBI; FELEGAT, HONG KONG; R. I. Shroder; D. J. Brennan, Jr.; SAC, WTO; MR. I. W. CONRAD; W. O. Cregar	Secretary of State, Mr. Rosen, Mr. W. C. Sullivan	This collection of documents pertains to the relationship between the FBI and the CIA, covering topics such as information sharing protocols, requests for tours of FBI facilities by CIA personnel, and handling of alien interview requests. It also includes information regarding potential CIA contributions to the National Council of Churches and concerns over the coordination of joint operations.
124-10279-10018	Arrest of Federal Deputy Cesar Del Angel Fuentes for Agitational Activities in Guerrero	Cable	Mexico	Confidential	1967-08-30	CIA	CIA	STATE/INR DIA NMCC/MC (SECDEF) ARMY NAVY AIR CIA/NMCC NIC NSA OCR SDO AID FBI USIA ONE ORR DCS	This document discusses the arrest of Federal Deputy Cesar Del Angel Fuentes for agitational activities in Guerrero and his role in the Acapulco murders.
124-10279-10020	ARREST OF FEDERAL DEPUTY CESAR DEL ANGEL FUENTES FOR AGITATIONAL ACTIVITIES IN GUERRERO	Cable	Confidential	Confidential	1967-08-30	CIA	CIA	STATE/INR NMCC/MC DIA (SECDEF JCS ARMY NAVY AIR) CIA/NMCC NIC USIA NSA OCR SDO AID ONE ORR DCS CGS	This document discusses the arrest of Federal Deputy Cesar del Angel Fuentes for agitational activities in Guerrero, Mexico, in relation to a clash between rival factions of copra growers in Acapulco.
124-10279-10209	Untitled	PAPER, TEXTUAL DOCUMENT	Security	Secret	1963-04-09	CIA	EDWARDS, SHEFFIELD	DIRECTOR, FBI	This document discusses Nina Stevens, Aline Mosby, Priscilla Johnson, unauthorized disclosure of classified information, and the subject's return trip itinerary.
124-10279-10258	MONTHLY INTELLIGENCE SUMMARY	Intelligence Summary	Mexico	Secret	1960-02-10	FBI	LEG, MX	DIRECTOR, FBI	Monthly intelligence summary from Legat, Mexico to Director, FBI. Topics include Lopez Mateos' South American trip, Caribbean political situation, Cuban exile activities, Soviet intelligence activities, and Mexican political parties.
124-10280-10030	Rolando L. Cubela Y Secades - IS - CUBA	Memorandum	Cuba	Secret	1964-07-29	FBI	SAC, Miami	Director, FBI	FBI report regarding Rolando L. Cubela y Secades and a potential plan to eliminate Fidel Castro. The report discusses Cubela's contact with the CIA through Carlos Tepedino and concerns about providing Cubela with equipment. It also mentions a plan to kill Fidel Castro, which was allegedly reconsidered with President Johnson's knowledge.
124-10281-10028	COMMUNIST PARTY OF VENEZUELA CENTRAL INTELLIGENCE AGENCY (CIA) VENEZUELA KIDNAPING	Memorandum	Liaison	Secret	1967-03-15	FBI	I. Shroder	Rosen	FBI memo regarding information received from the CIA about a potential kidnapping threat against the children of a CIA employee in Venezuela by the Communist Party of Venezuela. Fingerprints and photographs of the children were obtained for possible use in the event of a kidnapping.
124-10284-10155	CUBAN POLITICAL ACTIVITIES	Dispatch	Cuba	Secret	1960-07-29	FBI	Legat, Paris	Director, FBI	This document discusses Cuban political activities and rumors regarding the replacement of the Cuban Ambassador by someone named Bayo, possibly related to General Alberto Bayo.
124-10284-10171	MARIA JOSEFA MENDIZABAL ARVIER, aka Maria Mendizabal, "Nene" Mendizabal	Report	Cuba	Secret	1959-12-31	FBI	BARRON, JOHN R.	DIRECTOR, FBI	This FBI report details the investigation of Maria Josefa Mendizabal Arvier, a secretary to ex-Venezuelan president Marcos Perez Jimenez, suspected of providing information to Alberto Bayo, Jr., who is believed to be involved in Cuban intelligence activities. The report includes information on Mendizabal's immigration status, contacts, and interviews, and seeks a decision from the Department regarding her activities.
124-10284-10172	CARLOS HILARIO GONZALEZ IS - CUBA; RA - CUBA	Airtel	Cuba	Secret	1959-10-27	FBI	SAC, MIAMI	DIRECTOR, FBI	FBI Miami Field Office reports an alleged plot by Carlos Hilario Gonzalez to kill Esteban Ventura, based on information from ANA ROSA GUERRA, an undercover CIA source working in Cuba. The information has been shared with local law enforcement, and Ventura will be advised of the threat.
124-10285-10254	[Restricted]	Textual Document	JFK Assassination	Secret	1967-03-23	FBI	SAC, MM	Director, FBI	This document discusses a Cuban alien, code named FISHFACE, who is providing information on anti-Castro activities in the United States to a Cuban intelligence service. The document requests clearance for the Cuban alien to furnish data regarding a meeting of anti-Castro leaders to his Cuban principal.
124-10291-10236	Statements of Manola Ray, Exile Leader of the People's Revolutionary Movement	Telegram	Cuba	Secret	1961-10-24	CIA	CIA	STATE, ARMY/ACSI NAVY AIR JCS SECDEF I&NS TREASURY REPC INCLANT NSANIC USIA OCI ONE OCR CORREDOO EXO FBI	This document is a telegram from the CIA regarding statements made by Manolo Ray, an exile leader of the Movimiento Revolucionario del Pueblo (MRP), concerning internal resistance in Cuba and his opposition to an invasion. Ray believes Castro's overthrow should be achieved by internal resistance and that the MRP has widespread support within Cuba. The telegram also discusses the MRP's need for arms and trained exiles, and Ray's prediction that Castro's downfall is imminent.
124-10291-10319	MIRIAM FINKELMAN WINNER IS CUBA	Memorandum	Cuba	Secret	1965-08-18	FBI	LEG, PA	DIRECTOR, FBI	This document contains information about Miriam Finkelman Winner, including her personal history, family members, and current activities in Madrid, Spain. It includes memos from FBI offices in Cincinnati and Paris, as well as information from CIA liaison sections.
124-10300-10012	COMITE PRO-LIBERACION DE LOS CIEN (CPLLC - COMMITTEE FOR THE LIBERATION OF THE ONE HUNDRED)	Memo	Cuba	Secret	1967-07-14	FBI	SAC, MIAMI	DIRECTOR, FBI	This document discusses the Comite Pro-Liberacion de los Cien (CPLLC) and Jorge Raul Roblejo Lorie's possible involvement in intelligence activities. It also mentions contacts with Cuban officials and potential informants.
124-10300-10024	JORGE RAUL ROBLEJO LORIE INTERNAL SECURITY CUBA	Airtel	Cuba	Secret	1967-07-10	FBI	SAC, MM	DIRECTOR, FBI	This document discusses Jorge Raul Roblejo Lorie and Sergio Oswaldo Betancourt Collazo's activities related to seeking the release of Cuban political prisoners and potential intelligence gathering on Cuban refugees.
124-10311-10292	RELATIONS WITH SECRET SERVICE THREATS AGAINST THE PRESIDENT	Memorandum	Liaison	SECRET	1964-12-23	FBI	Director, FBI	Bureau	FBI Director informs about relations with Secret Service concerning threats against the President, reviewing files in Switzerland and Austria, and inquiries made to various sources regarding potential threats. Mentions Paul George Anderson, aka IS-X, of interest to the Secret Service.
124-10320-10087	MARK LANE	Memorandum	Security	Secret	1964-05-13	FBI	Legat, Bern	Director, FBI	This document discusses the dissemination of security information regarding Mark Lane to various sources, including Austrian and Swiss police, the American Embassy in Vienna, and covert CIA.
124-10325-10318		Memo, Summary	Liaison	Secret	1963-09-11	FBI	BRENNAN	SULLIVAN	This document discusses the status of relations between the FBI and CIA, instances of cooperation between the two agencies, and possible topics that CIA Director McCone may refer to, including security concerns, coverage of diplomatic establishments, and defectors.
124-10326-10098	CENTRAL INTELLIGENCE AGENCY INFORMATION RECEIVED FROM JAMES ANGLETON	Memorandum	Liaison	Secret	1953-06-10	FBI	V. P Keay	MR. A. R. BELMONT	This document discusses James Angleton, a CIA official in charge of the Special Projects unit, and recommends creating a control file for the information he provides to the FBI. It also alerts Section Chiefs regarding the handling of information received from Angleton.
124-10326-10099	JAMES ANGLETON CENTRAL INTELLIGENCE AGENCY	Memorandum	Liaison	Secret	1954-03-09		Keay	Belmont	This document discusses James Angleton's request for a uniform procedure in transmitting mail to him, ensuring his identity is not revealed to other agencies due to his involvement in sensitive projects like Israeli Intelligence. It also mentions that correspondence dealing with Israeli Intelligence matters should be directed to James Angleton.
124-10326-10100	JAMES ANGLETON	Memorandum	Liaison	Secret	1954-04-30	FBI	BRANIGAN	BELMONT	This document discusses James Angleton of the CIA providing information to the FBI on a confidential basis and the procedure for handling this information to protect Angleton and the CIA as sources.
124-10326-10103	BUREAU INFORMANT 200	Memorandum	Liaison	SECRET	1965-03-17	FBI	Mr. D. J. Brennan, Jr	Mr. W. C. Sullivan	Memorandum regarding Bureau Informant 200, a procedure approved in 1954 to attribute information received from James Angleton, CIA, sourced from the Israeli Intelligence Service and other sources under Angleton's control. The information concerns the travel of U.S. citizens to Russia via Israel.
124-10326-10104	CENTRAL INTELLIGENCE AGENCY (CIA) INFORMATION RECEIVED FROM JAMES ANGLETON	Memorandum	Liaison	Secret	1967-01-13	FBI	D. J. Brennan, Jr.	W. C. Sullivan	This document discusses the creation of a control file (62-99724) under the caption, "CIA - James Angleton," for retaining copies of certain memoranda disseminated by James Angleton, Chief Counterintelligence Staff, CIA. It recommends discontinuing the practice of placing copies of Bureau Informant 100 material in the control file, while retaining the file for policy-related mail.
124-10326-10149	ANTI CASTRO ACTIVITIES IS-CUBA	Textual Document	Cuba	Secret	1962-04-05	FBI	NY	HQ	This document discusses anti-Castro activities and mentions conversations with CIA contacts regarding potential actions against Cuba and opinions on US policy towards the country.
124-10326-10191	ANTI-FIDEL CASTRO ACTIVITIES	Textual Document	Cuba	Secret	1962-03-29	FBI	NY	HQ	This document discusses anti-Castro activities and a meeting between Robert Kleberg and Vice-President Lyndon B. Johnson regarding US plans for Cuba.
124-10332-10018	SANTIAGO ALVAREZ RODRIGUEZ	Textual Document	Cuba	Secret	1961-08-04	FBI	MM	HQ	This FBI report from August 4, 1961, discusses the closure of the investigation into Santiago Alvarez Rodriguez due to his relative inactivity in Cuban revolutionary matters. The report mentions CIA's past operational interest in Alvarez during the Bay of Pigs invasion and their current interest in his son, Santiago Alvarez. It also references a CIA communication about Alvarez's involvement with the publication 'Esbirros,' a scandal sheet against various Cuban groups.
124-10332-10047	Report on SANTIAGO ALVAREZ RODRIGUEZ	Report	Cuba	Secret	1962-10-19	FBI	MM	HQ	Report regarding SANTIAGO ALVAREZ RODRIGUEZ and potential anti-Castro activities, including information from informants and planned interviews with individuals connected to BATISTA.
124-10369-10022		Paper, Textual Document	Administrative	Secret	1966-12-28	FBI	JONES	WICK	FBI administrative folder regarding the HSCA and Lee Harvey Oswald, including memos, A/Ts, TTYs, letters, notes, LHM, press releases, testimony, news articles, and translations.
124-90037-10081	MARTIN GREENDLINGER, aka SECURITY MATTER - C	Memo	Security	Secret	1959-01-29	FBI	LEGAT, BONN	DIRECTOR, FBI	Memo from LEGAT, BONN to DIRECTOR, FBI regarding MARTIN GREENDLINGER and inquiries made to various agencies about his travels and activities.
124-90041-10023	Untitled	Textual Document	Cuba	Secret	1959-10-26	CENTRAL INTELLIGENCE AGENCY	CIA	N/A	This document contains information about counter-revolutionary activities in Cuba, including planned raids, arms drops, and contacts between individuals in Cuba and Miami.
124-90060-10015	LUCIEN CONEIN	MEMO	Liaison	SECRET	1966-07-12	FBI	HQ	PA	This document is a memo from the FBI regarding Lucien Conein. It discusses his affiliation with the CIA and his current assignment in Saigon, South Vietnam. It also details a request from the CIA that no information be furnished to the French regarding Conein's affiliation or whereabouts.
124-90092-10001	Report on Robert Glenn Thompson and William K. Harvey	Textual Document	Assassination	Secret	1965-10-08	FBI	NY	HQ	This document is a report from the FBI regarding Robert Glenn Thompson, also known as Robert F. Laudwein, and William K. Harvey. It references previous reports and clarifies information related to Thompson's story in the 'Saturday Evening Post.' The document also mentions the code name 'OXTANK' and includes administrative details and dissemination records.
124-90092-10002	Interview with ROBERT GLENN THOMPSON regarding CIA and Army Intelligence Personnel in Berlin	Textual Document	Personnel	Secret	1965-03-15	FBI	NY	HQ	This document contains an interview with ROBERT GLENN THOMPSON regarding his knowledge of individuals associated with the CIA and Army Intelligence in Berlin, including WILLIAM K. HARVEY and CLARK JUNG. THOMPSON was interviewed about his time with OSI, Berlin, and his interactions with a Soviet principal named STEVEN.
124-90092-10016	CIA EFFORTS TO PENETRATE USSR	Textual Document	FBI	Secret	1963-03-05	FBI	WMFO	HQ	This document contains interview transcripts and information regarding CIA efforts to penetrate the USSR, as well as interviews with various CIA personnel, including William K. Harvey, Serge Peter Karlow, and others. It also includes details about specific operations, personnel assignments, and travel in Europe during the 1950s.
124-90110-10070	FRANC PECAR and JOSEPH RAYMOND MEROLA	Memo	Liaison	Secret	1963-04-10	FBI	FBI HQ	CIA	FBI memo to CIA regarding FRANC PECAR and JOSEPH RAYMOND MEROLA, discussing CIA's interest in contacting PECAR to persuade him to return to Yugoslavia under CIA control. FBI does not recommend approaching PECAR.
124-90110-10071	Memorandum Regarding Franc Pecar	Memo	Liaison	Secret	1963-03-29	Central Intelligence Agency	CIA	HQ, Federal Bureau of Investigation, Attention: Mr. S. J. Papich	This memo discusses Franc Pecar, a Yugoslav trade official, who may wish to remain in the U.S. The CIA is interested in potentially persuading him to return to Yugoslavia.
124-90110-10072		Memo	Liaison	Secret	1963-04-09	CIA	CIA	HQ	This memo from the CIA to the FBI discusses Franc Pecar, who arrived in Miami on April 4, 1963. The CIA is considering contacting Pecar during his visit to Vienna for recruitment purposes and requests information from the FBI regarding Pecar's activities in the United States.
124-90110-10083	CLIP	Teletype	Cuba	Secret	1961-04-13	FBI	MM	HQ	This document discusses Joseph Raymond Merola's alleged connections to the CIA and his potential involvement in supplying weapons to anti-Castro groups and hoodlum acquaintances.
124-90124-10055	CR 97-3224-NR	MEMO	JFK Assassination System	SECRET	1962-10-11	FBI	MX	HQ	This document discusses investigations by the CIA and U.S. Army Attache in Managua, Nicaragua, and Guatemala City, Guatemala, regarding Manuel Fuego, Mitchell Livingston Werbell, and associated activities. It mentions contacts with Noel Pallais, General Anastasio Somoza, Lucy Luchien, and Arthur L. Smith. The document also details surveillance and telephone conversations monitored by the Judicial Police in Guatemala.
124-90124-10092	[Restricted]	Airtel	Cuba	Secret	1965-07-16	FBI	DOMR	HQ	This document discusses ANTONIO HECTOR RIVERO JUARRERO, who is associated with MITCHELL LIVINGSTON WERBELL and suspected of gambling enterprises.
124-90130-10005	FRANCISCO RODRIGUEZ TAMAYO	Report	Cuba	Secret	1960-07-09	FBI	MM	HQ	This FBI report discusses Francisco Rodriguez Tamayo and the Pan America Confederation, referencing informants and telephone numbers in Key West, Florida.
124-90135-10074	Eloy Gutierrez Menoyo	Textual Document	Cuba	Secret	1963-01-18	FBI	HQ	To:	This document is a correlation summary regarding Eloy Gutierrez Menoyo, including information about his activities, associations, and reputation among Cuban exiles and intelligence agencies. It contains reports from informants, CIA information, and references to other documents related to Menoyo and his involvement with various anti-Castro groups and activities.
124-90137-10067	PETROS MOUTSOS	Memorandum	Liaison	Secret	1960-09-14	FBI	Papich	L'Allier	This memo discusses Petros Moutsos, a former CIA informant in the Greek Maritime Organization (OENO), who is now being considered for a mission in Cuba. The CIA plans to have him jump ship in New Orleans and travel to Cuba, where he will gather information. They also hope he can re-establish contact with his wife, Angela Boyer, to gain access to communist circles in Cuba.
124-90137-10230	CIA LIAISON MATERIAL	Memo	Liaison	Secret	1960-09-23	FBI	HQ	SAC, New Orleans	This memo concerns Petros Moutsos, a former CIA informant in the communist-dominated Greek Maritime Organization (OENO). CIA is planning to have Moutsos travel to Cuba as a source of information and wants him to jump ship in New Orleans with INS approval. He will also attempt to contact his wife, Angela Boyer, who has a communist background, to improve his contacts in communist circles in Cuba.
124-90137-10284	LEVI LAUB UNAUTHORIZED TRAVEL TO CUBA	Memorandum	Liaison	SECRET	1963-07-05	FBI	S. J. PAPICH	D. J. BRENNAN	FBI memo regarding Levi Laub's unauthorized travel to Cuba, based on information from the CIA and British Intelligence Service (MI-6).
124-90137-10355	[Restricted]	PAPER, TEXTUAL DOCUMENT	Liaison	Secret	1961-08-28	FBI	FBI HQ	CIA	FBI memo to CIA regarding EDUARDO ESPINOSA Y PRIETO and his possible connections to communist activities. The FBI clarifies information about bank drafts he wrote and advises against suggesting he financed Communist Party activities in a summary to the Bundesunt fuer Verfassungsschutz (BFV), Germany.
124-90137-10357	[Restricted]	PAPER, TEXTUAL DOCUMENT	Liaison	Secret	1963-08-16	CENTRAL INTELLIGENCE AGENCY	CIA	DOS	This document pertains to Henryk Ignacy Janikowski and includes information from a West German service regarding a check from Eduardo Espinosa y Prieto of the Mexican Embassy in Moscow to Erik Schott, an architect in Bremen, Germany. It also details Janikowski's activities involving buying and shipping used cars, obtaining dollars from the black market, and potential customs duty evasion.
124-90137-10467	CIA LIAISON MATERIAL JORGE BELIARD	Memorandum	Liaison	Confidential	1961-06-26	FBI	Papich	L'Allier	This memo discusses Jorge Beliard, a station manager for Cubana Airlines, and a CIA request regarding his potential use in establishing courier routes between Cuba and the United States. The FBI is considering whether to allow CIA contact with Beliard or to handle the contact themselves.
124-90137-10468	NY 3186-PS	AIRTEL	Liaison	Confidential	1961-06-30	FBI	Director, FBI	SAC, New York	This document discusses the CIA's desire to contact a person of security interest (PSI) who is a station manager for Cubana Airlines in New York City, in connection with Cuban operations, specifically to establish courier routes between the U.S. and Cuba. The FBI is considering whether to allow the CIA to contact the PSI, operate independently, or act as an intermediary.
124-90137-10488	[Restricted]	Memo	Liaison	Secret	1961-07-27	CENTRAL INTELLIGENCE AGENCY	CIA	HQ	This document discusses Eduardo Espinosa y Prieto, a Mexican Ambassador, and his potential ties to Soviet intelligence. It includes information from the FBI and requests permission to share information with German authorities.
124-90138-10004	CIA LIAISON MATERIAL	Memorandum	Liaison	Secret	1963-10-15	FBI	S. J. Papich	D. J. Brennan	FBI memo regarding CIA liaison material and Enrique Garcia Armenteros. CIA has placed a man in Cuba to develop information related to a Bureau lead.
124-90138-10007	CIA LIAISON MATERIAL	Memo	Liaison	Secret	1963-10-02	FBI	FBI HQ	CIA	FBI requests CIA assistance in obtaining papers from Garcia in Cuba, potentially containing intelligence or propaganda data. The State Department prefers CIA to handle the matter.
124-90138-10066	PAUL HICKMAN INFORMATION CONCERNING Communist Party-Cuba	Memo	Cuba	Unclassified	1959-12-02	FBI	S. J. Papich	F. A. Frohboese	FBI memo regarding Paul Hickman's alleged involvement in arms sales to the Castro government and his contact with a Soviet Embassy representative.
124-90138-10073	SOVIET EMBASSY HAVANA, CUBA	Memo	Liaison	Secret	1960-11-21	FBI	FBI HQ	CIA	This document discusses the shipment of ten safes from the Mosler Safe Company to the Soviet Embassy in Havana, Cuba. It includes details about the safe models, serial numbers, combinations, and dial key numbers. The CIA is provided with a set of dial keys and keys for the inside compartments of the safes.
124-90139-10002	MANUEL PINEIRO	Memo	Cuba	Secret	1963-10-10	FBI	Mr. S. J. Papich	Mr. D. J. Brennan, Jr	Memorandum regarding Manuel Pineiro, a high-ranking official in the Cuban G-2 organization, and CIA's tentative conclusion that Pineiro is identical with Petronio, who has been mentioned in messages made available to the Bureau and CIA.
124-90139-10050	CIA LIAISON MATERIAL	Memo	Cuba	Secret	1961-08-17	FBI	Papich	L'Allier	This memo discusses Ismael Rodriguez, the comptroller of Cubana Airlines, who was used as a source of information by the Bureau and as a courier for transmitting material between the US and Cuba for CIA operations.
124-90139-10070	HERBERT LEVY	Memo	Liaison	Secret	1961-12-11	FBI	FBI	CIA	FBI memo to CIA regarding Herbert Levy and his previous interactions with a CIA representative concerning information about India. Levy provided information on Cuban economic matters and possible violations of export regulations.
124-90139-10071	LARGE QUANTITIES OF JUTE BAGS AND HESSIAN CLOTH SOUGHT BY CUBAN GOVERNMENT BY PURCHASE OR BARTER THROUGH INTERNATIONAL ORE AND FERTILIZER COMPANY, NEW YORK CITY	Memorandum	Cuba	Secret	1961-11-28	FBI	SU	Director, FBI	FBI memo regarding Cuban government seeking jute bags and hessian cloth through International Ore and Fertilizer Company, and CIA's past connection with Herbert Levy of St. Regis Paper Company for economic information gathering in India.
124-90139-10138	FOREIGN POLITICAL MATTERS - CUBA	Memo	Foreign Political Matters, Cuba, CIA Liaison Material	Secret	1965-05-10	FBI	FBI HQ	N/A	This document contains a memo from the FBI regarding Raul Roa, Cuban Foreign Minister, commenting on the Sino-Indian conflict and the situation in Cuba in 1963. Roa's evaluation of the situation in Cuba was highly pessimistic and he expressed concerns about the United Nations and the Organization of American States (OAS).
124-90140-10004	ANGELA PRINCE MOUTSOS	Memo	Security	Secret	1963-03-13	FBI	FBI HQ	CIA	FBI memo to CIA concerning Angela Prince Moutsos and her possible residence and activities in Cuba. Moutsos' husband, Pedros Moutsos, was a former CIA informant.
124-90140-10005	ANGELA PRINCE MOUTSOS aka	Memo	Liaison	Secret	1963-03-01	FBI	NY	HQ	FBI memo regarding Angela Prince Moutsos and her activities in Cuba, including her husband's connection to the CIA.
124-90140-10012	PERMANENT STUDENT COMMITTEE FOR TRAVEL TO CUBA IS-C	Memo	Liaison	Secret	1963-09-03	FBI	S. J. PAPICH	D. J. BRENNAN	FBI memo regarding the Permanent Student Committee for Travel to Cuba and information provided by Mark Tischman to a CIA source in Madrid about fellow travelers and their ideologies.
124-90155-10008	YURI IVANOVICH NOSENKO ESP - R (KGB)	Report	Soviet	Secret	1964-04-07	FBI	SAC, WFO	DIRECTOR, FBI	This document contains information from an interview with Yuri Ivanovich Nosenko on April 2, 1964, where he provides details on various cases and individuals of interest to the FBI, including potential KGB contacts, American tourists, and defectors.
157-10002-10056	CIA REORGANIZATION	Memorandum	Cuba	SECRET	1961-06-10	CIA	SCHLESINGER, ARTHUR JR	THE PRESIDENT	Arthur Schlesinger Jr. wrote to President Kennedy on June 10, 1961, regarding CIA reorganization, covert action, paramilitary warfare, Cuba, and policy control. He suggests that CIA operations have not been effectively subordinate to U.S. foreign policy. He also suggests that State can be informed of such operations at an early enough stage to affect the conception and preliminary planning of the operation.
157-10002-10105	Testimony of William Harvey	Transcript	Cuba	TOP SECRET	1975-06-25	SSCIA	SSCIA	N/A	This document is a transcript of the testimony of William Harvey on June 25, 1975. The testimony covers subjects such as ZRRIFLE, Castro, Johnny Roselli, Operation Mongoose, Richard Bissell, assassinations, John F. Kennedy, QJWIN, the Mafia, and Arnold Silver.
157-10002-10106	TESTIMONY OF WILLIAM K. HARVEY	Transcript	Cuba	SECRET	1975-06-25	SSCIA	SSCIA	N/A	Testimony of William K. Harvey concerning Operation Mongoose, Johnny Rosselli, Castro assassination attempts, poison pills, Cuba, John McCone, CIA, Richard Bissell, White House, Mafia, Dan Rowan, and Sam Giancana.
157-10002-10165	TESTIMONY OF DAVID ATLEE PHILLIPS	PAPER, TEXTUAL DOCUMENT	JFK ASSASSINATION SYSTEM	TOP SECRET	07/31/75	SSCIA	SSCIA	N/A	This document is a transcript of the testimony of David Atlee Phillips before the SSCIA on July 31, 1975. The testimony covers a range of topics including the CIA, Cuba, Castro, Lansky, Meyer, Bay of Pigs, Assassination, Trafficante, Santos, Ruby, Jack, Chile, Allende, and Operation Mongoose.
157-10004-10095	ALLEGED CUBAN PLAN TO ASSASSINATE PRESIDENT OF PANAMA	Report	Cuba	Unclassified	1964-03-17	FBI	FBI New Orleans	State Department; Central Intelligence Agency; Department of the Army; Department of the Air Force; Department of the Navy	FBI report regarding an alleged Cuban plan to assassinate the President of Panama in order to create additional uprisings in that country. The information was provided by Orlando Piedra, formerly connected with Federal Police in Cuba.
157-10004-10144	MEETING WITH THE WARREN COMMISSION ON 12 MARCH 1964	Memorandum	Commission	Unclassified	1964-03-12	CIA	CIA	Unknown	This document details a meeting between the CIA and the Warren Commission on March 12, 1964, discussing the investigation of Lee Harvey Oswald's activities in Mexico City, CIA's file on Oswald, information sharing with other agencies, and potential leads related to Jack Ruby.
157-10004-10270	Robert Maheu	Memorandum	Security	SECRET	1959-04-03	CIA	CIA	Unknown	This document discusses Robert Maheu's involvement in arranging a party for a foreign Head of State in 1959, involving a prominent actress. The Office of Security requested special support during the Los Angeles and New York phases of the tour, with arrangements made through Gregson Bautzer. The actress met with the foreign official in both Los Angeles and New York.
157-10004-10280	ROBERT MAHEU'S TRANSPORTATION OF PROSTITUTES	Cable	JFK Assassination	SECRET	1957-10-10	CIA	CIA	DIRECTOR, CIA	This document discusses Robert Maheu's alleged transportation of prostitutes for a foreign leader and wiretapping activities. It also mentions potential blackmail attempts against the U.S. government.
157-10005-10141	Testimony Regarding CIA Background and Alleged Assassination Plots	Testimony	Commission	Unclassified			B		This document is a part of testimony where Mr. Harvey discusses his background in the CIA, including his roles in the Soviet Intelligence Branch and his assignments in Berlin and Rome. He denies any personal knowledge of assassination plans or plots within the Agency concerning Patrice Lumumba or any other foreign leader apart from Fidel Castro.
157-10011-10048	TESTIMONY OF ROBERT MAHEU	Transcript	Assassination	TOP SECRET	1975-07-30	SSCIA	SSCIA	SSCIA	Testimony of Robert Maheu regarding various CIA operations, including wiretaps, attempts to influence foreign leaders, and film production.
157-10011-10083	DESPOSITION/TRANSCRIPT OF STURBITTS, WILLIAM C.	Transcript	Cuba	SECRET	04/16/75	SSCIA	ROCKEFELLER COMMISSION	N/A	This is a deposition/transcript of William C. Sturbitts. He discusses Cuban operations, Miami Station, and Task Force W. He also discusses possible assassination attempts against Fidel Castro.
157-10014-10109	Miscellaneous Records of the Church Committee	Report	JFK Assassination Records Act	Top Secret	1975-06-25	SSCIA	SSCIA		This document contains information pertaining to William Harvey, ZRRIFLE, and Operation Mongoose. It includes meeting agendas, chronologies, and memorandums related to intelligence activities and potential assassination plots involving Fidel Castro.
157-10014-10242		Report	Cuba	Top Secret	1975-01-01	SSCIA			This document contains information on anti-Castro activities, organized crime, the CIA, and the assassination of John F. Kennedy.
176-10011-10152	Memorandum for the Record: Minutes of Special Group Meeting, 6 June 1961	Memorandum	Cuba	Secret	1961-06-08	WH	WH	The Record	Minutes of Special Group Meeting on June 6, 1961, covering topics such as the Congo, political action projects, Francis Gary Powers' release procedures, STPOLLY flight in Vietnam, covert annexes for Vietnam and Korea, TACKLE, Nicaragua, and the Agency's relations with exile groups in Cuba.
176-10030-10422	Memo to President CIA Reorganization	Memoranda	Administrative	SECRET	1961-06-30	NARA	Schlesinger, Jr.	President Kennedy	Arthur Schlesinger Jr. sends a memo to President Kennedy regarding CIA reorganization, emphasizing the need for greater oversight and control due to concerns about autonomy and potential for errors. The memo suggests reforms in clandestine operations, policy integration, and intelligence management.
176-10033-10145	CIA Reorganization	Memorandum	Administrative	SECRET	1961-06-30	WH	Schlessinger, Jr.	Kennedy, John F	Arthur Schlesinger Jr. submits a memorandum to President Kennedy regarding the reorganization of the CIA, its autonomy, clandestine operations, relationship with foreign policy, and intelligence gathering.
176-10036-10023	Withdrawal of United Nations Troops from the Congo	Report	Information Report	SECRET	1963-08-00	CIA		U.S. MISSION	This document discusses plans for the withdrawal of United Nations troops from the Congo at the end of 1963, despite Congolese Premier Cyrille Adoula's requests to the contrary. A new method of financing the Congo operation, maintaining 40-50 percent troop strength, is suggested, but the Secretary General's ability to accept outside funds is debated.
176-10036-10027	Fidel Castro's Coming Visit to Moscow and Algiers	Report	Cuba	SECRET	1963-04-23	NARA	OCI	Intelligence Community	Report on Fidel Castro's planned visit to Moscow and Algiers in April 1963, including the purpose of the visits and the relationships between Castro, Khrushchev, Ben Bella, and Boumedienne.
176-10036-10051	Central Intelligence Agency Information Report: Possible Establishment of a Cuban Exile Base in Nicaragua	Telegram Information Report	Cuba	SECRET	1963-08-10	CIA		STATE/INR DIA ARMY/ACSI NAVY AIR	This document discusses the possible establishment of a Cuban exile base in Nicaragua in 1963, potential support from the U.S., and the policies of various Cuban exile groups.
176-10036-10052	Central Intelligence Agency Information Report	Telegram Information Report	Cuba	SECRET	1963-06-28	CIA	CIA	BUNDY-SMITH	This document contains information about Cuban exile plans to attack the Cuban mainland and launch Plan Omega, which involves reorganizing guerrilla groups, attacking Russian bases and Cuban forces, and coordinating a general insurrection. It also mentions the alliance receiving blueprints of major plants inside Cuba and the involvement of the Frente Anti-Comunista de Liberacion (FAL) within the Cuban Army.
176-10036-10058	Activities of Cuban Trained Peruvian Guerrillas	Memorandum	Cuba	SECRET	1963-04-11	CIA		Director, CIA	This memorandum details the activities of Cuban-trained Peruvian guerrillas, focusing on their training in Cuba, clandestine return to Peru, and plans for a revolution. It highlights the involvement of the Movimiento Izquierda Revolucionario (MIR) and the coordination efforts in Paris, as well as the financial support from Chinese Communists.
176-10036-10065	Draft Briefing Notes: Funding	Briefing Notes	Cuba	SECRET	1963-02-18	CIA	CIA	Unknown	This document contains draft briefing notes from February 18, 1963, regarding Cuban financing of subversive operations in Latin America. It details instances of cash transfers, bank transfers, and bank robberies linked to Cuban support for guerrilla and political activities in Venezuela, Nicaragua, Ecuador, Guatemala, Brazil, Peru, and Argentina.
176-10036-10073	Meeting of Vietnam Task Force June 19 1961	Memorandum	Administrative	SECRET	1961-06-20	NARA	Johnson	Rostow	This document is a memorandum from Johnson to Rostow regarding a meeting of the Task Force on Vietnam on June 19, 1961. The meeting covered intelligence briefings, local currency costs, the situation in Laos, and other matters. Cottrell's proposal to break off the Geneva Conference and intervene in Laos was discussed, as well as a possible 100,000 man increase in GVN forces.
176-10036-10078	Opposition in Khanh Hoa Province	Telegram	Intelligence Report	CONFIDENTIAL	1962-09-13	CIA			This document discusses opposition in Khanh Hoa Province to arming mountain tribesmen and the Strategic Hamlet Program, as well as conflict among provincial authorities.
176-10036-10079	Possible severence of Cambodian	TELEGRAM INFORMATION REPORT	TELEGRAM	CONFIDENTIAL	1962-09-17	CIA	CENTRAL INTELLIGENCE AGENG	STATE ARMY NAVY AIR USMACV MAAG USOM CINCPAC PACFLT ARPAC PACAF 9TH FIELD STATION	This document discusses the possible severance of Cambodian-South Vietnamese diplomatic relations.
176-10036-10085	Vietnamese Communist Analysis of Effects	Telegram	Intelligence Report	CONFIDENTIAL	1962-06-13	CIA		STATE, ARMY, NAVY, AIR, JCS, SECDEF, NSA, NIC, USIA, OCI, ONE, OCR, ORR, AID, DIA	This document is a Vietnamese Communist analysis of the effects of increased U.S. military aid to the Government of Vietnam, written in early May 1962 by a VC company commander in Ba Xuyen Province.
176-10036-10086	Views... Possible Coup D'Etat	Telegram Information Report	Operations	CONFIDENTIAL	1962-06-15	CIA		STATE, ARMY/ACSI, NAVY, AIR, JCS, SECDEF, NSA, NIC, USIA, OCI, ONE, OCR, LORR	This document discusses the views of Colonel Ton That Xung regarding the possibility of a coup d'etat in South Vietnam. He indicates that plans for such action would not be communicated to the Americans due to the US opposition to unlawful acts.
176-10036-10087	Vietnam Communist Activities	Telegram	Intelligence	CONFIDENTIAL	1962-08-23	CIA		STATE, ARMY/ACSI, NAVY, AIR, JCS, SECDEF, NSA, NIC, USIA, OCI, ONE, OCR, ORR, OO, DIA, EX, AID, USMACV, MAAG, USOM, CINCPAC, PACFLT, ARPAC, PACAF	This document discusses Vietnamese Communist activities in the Saigon area, including the infiltration of VC into Saigon, the deployment of an armed platoon for special operations, and plans to set up a base among laborers for future operations. It also mentions potential sabotage and kidnappings, and an unconfirmed report about a possible large-scale attack.
176-10036-10088	Indication of Planning	TELEGRAM INFORMATION REPORT TELEGRAM	Operations	CONFIDENTIAL	1962-11-20	CIA	CIA	STATE INR DIA ARMY/ACSI NAVY AIR JCS SECDEF NSA. NIC AID US IA OCI STATE/DIR	This document indicates planning for the reoccupation of North Vietnam in late October 1962. It involves drafting questionnaires for people in South Vietnam and those formerly living in North Vietnam to gather information on acquaintances still in North Vietnam.
176-10036-10094	Ngo Dinh Nhu's Statement on Withdrawal of American Aid	Telegram	Intel	CONFIDENTIAL	1963-04-20	CIA	CIA	N/A	This telegram reports on Ngo Dinh Nhu's statements regarding the potential withdrawal of American aid from South Vietnam. Nhu discussed revising policies on receiving aid and prioritizing different categories of aid, emphasizing self-sufficiency. The telegram also mentions instructions to encourage local weapons production and concerns among Vietnamese Air Force officers about the potential collapse of the regime without American support.
176-10036-10095	Central Intelligence Agency Information Report	Telegram Information Report	CIA Information Report	SECRET	1963-04-22	CIA	CIA	STATE/INR DIA ARMY/ACSI NAVY AIR STATE/DIR JCS SECDEF NSA NIC	This document discusses the tensions between the Government of Vietnam and the U.S. Government over operations in South Vietnam in mid-April 1963. Diem and Nhu were concerned over "infringements" of Vietnamese sovereignty, particularly by the U.S. Special Forces. Diem plans to confront Ambassador Nolting and USMACV Chief General Harkins with evidence and demand a reduction in the number of U.S. personnel in South Vietnam.
176-10036-10097	Central Intelligence Agency Information Report	Telegram Information Report	Operations	CONFIDENTIAL	1963-04-25	CIA		STATE/INR DIA ARMY/ACSI NAVY AIR JCS SECDEF NSA. NIC A.ID USIA OC I ONE OCR ORR OBI 00 IDII	This document contains information regarding Viet Cong concentration on terrorist and military subversion activity in the capital area of South Vietnam in early April 1963. It details plans to increase terrorist activity, target Americans, and reorganize counterpropaganda personnel.
176-10036-10098	Central Intelligence Agency Information Report: Plans for a Coup D'Etat in Central Vietnam by the Reformed VNQDD	Telegram	Intelligence Report	CONFIDENTIAL	1963-05-18	CIA			This document contains an intelligence report about plans for a coup d'etat in Central Vietnam by the reformed VNQDD. The report details the organization's structure, planned actions, and potential consequences, including the possible exploitation by the Viet Cong.
176-10036-10099	Central Intelligence Agency Information Report: Apprehensions of Vietnamese Consul General in Singapore Regarding Recent Events in Vietnam	Telegram Information Report	Operations	SECRET	1963-05-18	CIA	CIA	N/A	Vietnamese Consul General in Singapore expresses concerns about recent political acts in Vietnam that may weaken the Diem regime, including the dismissal of officials and the Hue incident involving Buddhist protesters.
176-10036-10102	CIA Information Telegram	Telegram	Intel	CONFIDENTIAL	1963-03-19	CIA		STATE/INR DIA ARMY/ACSI NAVY AIR JCS SECDEF NSA NIC AID USIA OCI ONE OCR STATE/DIR ORR OB 00 EXO	This document is a CIA Information Telegram discussing discussions between President Diem of South Vietnam and Vice President Chen Cheng of Nationalist China in March 1963. The discussions covered topics such as increased Chinese Nationalist military support for South Vietnam, the use of South Vietnam as a base for Chinese Nationalist military operations against mainland China, and joint operations into North Vietnam and Laos.
176-10036-10103	CIA Information Telegram	Telegram	CIA	CONFIDENTIAL	1963-03-20	CIA	CIA	Unknown	CIA information telegram regarding the seeking of American support for the overthrow of the Diem regime in South Vietnam.
176-10036-10104	CIA Information Report	CIA Information Report	FOREIGN RELATIONS	CONFIDENTIAL	1963-06-19	CIA	CIA	STATE/INR DIA ARMY/ACSI NAVY AIR JCS SECDEF NIC NSA AID USIA OCI ONE OCR ORR 081 00 STATE/DIR	This document is a CIA information report regarding a white paper being prepared by Gene Gregory of the Times of Vietnam at the request of Madame Ngo Dinh Nhu. The white paper sets forth the Government of Vietnam's position on the Buddhist issue, American presence and policy in South Vietnam.
176-10036-10113	CIA Information Telegram: Coup D'Etat Plan of Ngo Dinh Nhu	Telegram	Military/Political Affairs	SECRET	1963-07-12	CIA		DIRNSA, STATE	This document discusses a potential coup d'etat being planned by Ngo Dinh Nhu against the Diem government in South Vietnam in July 1963. Nhu is reportedly seeking support from army generals and believes a swift, overnight coup is necessary. The document also mentions concerns about the influence of Buddhist leaders and the need for immediate action given the upcoming arrival of a new US ambassador.
176-10036-10115	CIA Information Telegram	Telegram Information Report	JFK Assassination Records Act	SECRET	1963-07-16	CIA	CIA	STATE, USMACY, CINCPAC, PACFLT, ARPACO, PACAF, CORS	This document discusses the status of a coup d'etat plan by Tran Kim Tuyen's group against President Diem in South Vietnam, including details of the plan and the timing of the coup.
176-10036-10116	CIA Information Telegram	Telegram	CIA	CONFIDENTIAL	1963-07-17	CIA	CIA	STATE INR DIA ARMY ACSI NAVYAIR JCS SECDEF NSA NIC STATE/DIR GROUP AID USIA OCI ONE OCR ORR	This document discusses a possible change in the Government of Vietnam's foreign policy due to the appointment of Ambassador Lodge. It also mentions President Diem's concerns about the appointment and the recall of diplomats for consultation.
176-10036-10117	CIA Information Telegram	Telegram	Military	SECRET	1963-07-18	CIA	CIA	State/INR DIA ARMY/ACSI NAVY AIR JCS SECDEF. NSA NIG AID YSIA OGI. ONE OGR STATE D'I'R CIB	This document is a CIA Information Telegram, discussing Major General Duong Van Minh's comments on the current situation in South Vietnam and the need for a change in the government. It details Minh's criticism of President Diem, the Buddhist issue, and potential scenarios involving other key figures.
176-10036-10131	CIA Information Telegram	Telegram	Operations	CONFIDENTIAL	1963-09-19	CIA	CIA	STATE (AMBASSADOR LODGE), USMACV (GENERAL HARKINS), CINCPAC ARPAC PACAF PACFLT	CIA Information Telegram regarding General Nguyen Khanh's plans to make a final decision on action against the Diem regime in South Vietnam, dated September 19, 1963.
176-10036-10134	CIA Information Telegram	Telegram	CIA	CONFIDENTIAL	1963-09-21	CIA			CIA Information Telegram regarding Pham Ngoc Thao and the Tuyen Group's plan to launch a coup d'etat in South Vietnam.
176-10036-10135	CIA Information Telegram	Telegram	CIA	CONFIDENTIAL	1963-10-04	CIA	CIA	STATE	CIA Information Telegram regarding the planned suicide of Ambassador Buu Hoi's mother, Dieu Hue, in protest of Buddhist persecution in Vietnam.
176-10036-10137	CIA Information Report	CIA Information Report	Operations	CONFIDENTIAL	1963-10-08	CIA	CIA	JCS, SECDEF, NSA, NIC, CCI, STATE, INF, DIA, ARMY, ACSI, NAVY, AIR	This document is a CIA information report from October 8, 1963, providing a situation appraisal of South Vietnam as of October 5, 1963. It discusses coup plotting, demands by generals to President Diem, the atmosphere in Saigon, and potential surprises for the upcoming National Day celebrations. It also touches on the Viet Cong's lack of capitalizing on opportunities and potential GVN-DRV rapprochement.
176-10036-10138	Plans of Government to assassinate Ambassador Lodge, other high embassy officials, and Thich Tri Quang, and burn the Chancery	Report	Security	SECRET NOFORN	1963-10-09	CIA	CIA	Dirnsa	CIA report regarding plans of the Government of Vietnam to assassinate Ambassador Lodge and other high embassy officials, as well as Thich Tri Quang, and to burn the Chancery.
176-10036-10139	CIA Information Report	Telegram	Intelligence Report	CONFIDENTIAL	1963-10-15	CIA	CIA	STATE/INR DIA ARMY/ACSI NAVY AIR JCS SECDEF NSA NIC AID USIA OCI STATE/DIR	CIA Information Report regarding a recommendation by cabinet officers that Nhu be made Prime Minister in South Vietnam.
176-10036-10142	CIA Information Report: HUYNH VAN LANG COUP MOVE TIMING	CIA Information Report/Telegram	Operations	SECRET	1963-09-24	CIA	CIA	STATE (AMBASSADOR LODGE) USMACV (GENERAL HARKINS) CINCPAC PACAF ARPAC PACFLT	This document is a CIA information report detailing a planned coup in South Vietnam against President Diem, scheduled for late September or early October 1963. It identifies key figures involved, including Generals Tran Thien Khiem, Nguyen Khanh, and Duong Van Minh, and outlines the planned military actions and forces to be used. The report also mentions the challenges in executing the coup, such as breaching Diem's bunker, and the concerns about potential U.S. involvement or disapproval.
176-10036-10143	CIA Information Report	CIA Information Report	JFK Assassination	CONFIDENTIAL	1963-09-24	CIA	CIA	1	This document is a CIA information report about Ngo Dinh Nhu's intention to deal with the Viet Cong and attempts of Pham Ngoc Thao to arrange VNAF support for a coup d'etat.
176-10036-10149	CIA Information Report	CIA Information Report	Operations	SECRET	1963-10-02	CIA	Unknown	Unknown	This document contains information about the planning of a coup in South Vietnam in September 1963. It details the involvement of various military figures and their concerns about the political situation and Viet Cong activity. It also discusses the potential for United States support and the reorganization of the government following the coup.
176-10036-10173	Cable from Bundy to Lodge Regarding Potential Coup in Vietnam	Cable	National Security	TOP SECRET	1963-10-30	WH	Bundy	Lodge	This document is a cable from McGeorge Bundy at the White House to Ambassador Lodge in Saigon, dated October 30, 1963. It discusses the U.S. position on a potential coup in South Vietnam, particularly the extent to which the U.S. should influence or intervene in such an event.
176-10036-10179	Status Report on Southeast Asia	Status Report	JFK Assassination	SECRET	1962-07-11	DOS	Task Force Southeast Asia, Department of State	N/A	This document is a status report on Southeast Asia, dated July 11, 1962, prepared by the Task Force Southeast Asia, Department of State. It covers the current situation in Viet-Nam, Thailand, Laos, Burma, and Cambodia, focusing on military, political, and economic developments.
176-10037-10120	CIA Information Telegram: Comments of Yugoslav and Bloc Diplomats on the Probable Effect of Kennedy Assassination on East-West Relations	Telegram	Soviet	SECRET	1963-12-00	CIA	CIA	N/A	This telegram discusses the reactions of Yugoslavian and Soviet Bloc diplomats to President Kennedy's assassination and the potential impact on East-West relations. Diplomats express concerns about the future of US-Soviet relations, the strength of right-wing elements in the US, and the potential slowing of improved relations.
176-10037-10440	Information Report Re: Offer of Supplies and Men to the Governor of Rio Grande do Sul by the Governments of Communist China and Cuba	Telegram Information Report	Cuba	SECRET	1961-09-03	CIA	CIA	STATE, ARMY/ACSI NAVY AIR JCS SECDEF NSA NIC USIA OCI ONE OCR ORR OO EXO FBI I&NS TREASURY	This document reports on an offer of supplies and men to the Governor of Rio Grande do Sul by the governments of Communist China and Cuba.
176-10037-10452	Information Report Re: Views	Telegram Information Report	CIA	SECRET	1962-08-01	CIA	CIA	Unknown	This document is an information report regarding views warning President Diem of a possible coup d'etat on the night of 1-2 August 1962.
176-10037-10453	Information Report Re: Views	Information Report Telegram	CIA	SECRET	1962-08-14	CIA		STATE ARMY/ACSI NAVY AIR JCS SECDEF NSA NIC USIA OCI ONE OCR ATD DIA EXG	This document is an information report telegram from the CIA regarding the views of the British Ambassador to South Vietnam, H.A.F. Hohler, on a neutralist solution for South Vietnam.
176-10037-10454	Information Report: Proposed Joint Chinese Nationalist-South Vietnamese Intelligence Operations in Laos	Telegram Information Report	Intel	CONFIDENTIAL	1962-09-25	CIA	CIA	STATE/INR DIA ARMY/ACSI NAVY AIR JCS SECDEF NSA NIC AID USIA OC.I ONE OCR ORR. ов! 00 EXO STATE DIR	This document discusses a proposed joint intelligence operation between South Vietnam and Nationalist China in Laos.
176-10037-10460	Task Force Status Report	Report	Operations	SECRET	1963-00-00	CIA	CIA	Unknown	This is a Task Force Status Report from 1963, covering covert operations in Southeast Asia, specifically Cambodia, North Vietnam, and South Vietnam. It details plans to assist a dissident Cambodian leader, psywar activities in North Vietnam, and civic action training in South Vietnam.
176-10037-10491	Information Report Re: Appeal to President Kennedy	TELEGRAM INFORMATION REPORT	CONFIDENTIAL	CONFIDENTIAL	1962-01-24	CIA	CIA	President Kennedy	This document is an information report regarding an appeal to President Kennedy by South Vietnamese rebel officers in Phnom Penh, Cambodia. The officers, led by Colonel Nguyen Chanh Thai, express complaints against the Diem government and propose a reappraisal of US policy towards it.
176-10037-10493	Information Report Re: Comments	TELEGRAM INFORMATION REPORT	CONFIDENTIAL	CONFIDENTIAL	1962-01-28	CIA	CIA	STATE ARMY/ACSI NAVY AIR JCS SECDEF NSANIC USTA OCI ONE OCR ORR OO DIA EXO VTFS AIDS	Information Report Re: Comments of Tran Van Ly on the Desirability, Problems and Consequences of a Coup D'Etat
176-10037-10494	Information Report Re: Strategic Hamlets	Information Report	JFK Assassination	CONFIDENTIAL	1962-02-20	CIA	CIA	STATE ARMY/ACSI NAVY AIR JCS SECDEF NSA NIC USIA OCI ONE OCR ORR 00 AID DIA	This document is an Information Report from the CIA regarding Strategic Hamlets in South Vietnam, dated February 20, 1962. It discusses Ngo Dinh Nhu's views on the Strategic Hamlets program as a method for defense and development in Vietnam.
176-10038-10032	Embtel 660 (Saigon) Re: Task Force on Vietnam	Telegram	Intel	SECRET	1961-11-16	DOS	SAIGON	Secretary of State	This telegram discusses opportunities for the exploitation of the new management of the National Police and Security Service in Vietnam, focusing on intelligence and national police development. It proposes detailed programs for additional assistance, training, and U.S. personnel for liaison and project management. It also outlines the development of a National Communist Party Penetration Service and the consolidation of civil police functions under the Secretary of State for Interior.
177-10001-10060	CUBAN GOVERNMENT POLICY TOWARDS PRESIDENT JOHNSON'S ADMINISTRATION	REPORT	Cuba	SECRET	1963-12-18	CIA		STATE/INR DIA ARMY/ACS1 NAVY AIR JCS SECDEF NSA NIC XXXXX OCI ONE OCR ORR EXO STATE/DIR REPCINCLANT I&NS TREASURY...	This document discusses the Cuban government's policy towards President Johnson's administration following President Kennedy's assassination. Fidel Castro was reportedly upset by the change in the U.S. administration and the Cuban government decided not to attack President Johnson publicly, waiting to see his stance on Cuba.
177-10001-10061	ALERT STATUS OF CUBAN DIPLOMATIC MISSIONS, AS RESULT OF THE ASSASSINATION OF PRESIDENT KENNEDY	REPORT	Cuba	SECRET	1963-12-13	CIA			This document discusses the alert status of Cuban diplomatic missions following the assassination of President Kennedy. It details the increased vigilance and security measures implemented by the missions in response to potential hostile activity.
177-10001-10063	CUBAN PRECAUTIONS FOLLOWING ASSASSINATION OF PRESIDENT KENNEDY	REPORT	Cuba	SECRET	1963-11-24	CIA	CIA	STATE ARMY NAVY AIR CINCSO	Cuban precautions following the assassination of President Kennedy, including increased security measures at the Cuban embassy in Montevideo, Uruguay.
177-10001-10064	COMMENTS OF CUBAN OFFICIALS ON THE ASSASSINATION OF PRESIDENT KENNEDY	REPORT	Cuba	SECRET	11/23/1963	CIA	CIA	CINCSO CINCLANT	This document contains information on the reactions of Cuban officials in Santiago, Chile, to the assassination of President Kennedy on November 22, 1963. The officials express concerns about potential repercussions and the possibility of the U.S. blaming Cuba for the assassination.
177-10001-10305	Cuban Training of Latin American Subversives	Report	Cuba	SECRET	1963-03-27	CIA	CIA		This document is a report from the CIA, dated March 27, 1963, regarding Cuban training of Latin American subversives. It estimates that at least 1,500 to 2,000 Latin Americans have received guerrilla training or political indoctrination in Cuba. The report discusses recruitment, travel, numbers of trainees, training specifics, subsequent employment, countermeasures, purpose, and propaganda. It includes attachments detailing the situation in Argentina, Bolivia, Brazil, Chile, Colombia, Costa Rica, Dominican Republic, Ecuador, El Salvador, Guatemala, Haiti, Honduras, Mexico, Nicaragua, Panama, Paraguay, Peru, Uruguay, Venezuela, and other countries.
177-10001-10445	Meeting with the President 20 February 1964 Alone	Memorandum for the Record	Administrative	Secret	1964-02-21	CIA	MCCONE, JOHN	Record	Memorandum from John McCone to the record regarding a meeting with President Johnson on February 20, 1964, discussing various topics including the OXCART project, a sensitive operation in Mexico City, the interrogation of Nosenko, aid to Spain, and the image of the CIA.
177-10002-10012	Cuban Subversion in Latin America	Draft Briefing Notes	Cuba	SECRET	1963-02-18	CIA	CIA	Unknown	This document contains draft briefing notes dated February 18, 1963, regarding Cuban subversion in Latin America. It discusses Cuba's support for revolutionary movements, particularly in Venezuela, and the forms of assistance provided, including inspiration, guidance, training, and communication support.
177-10002-10016	Draft Briefing Notes	Draft Briefing Notes	Cuba	SECRET	1963-02-18	CIA	FROM	TO	This document outlines Cuban financing of subversive operations in Latin America, often through couriers carrying cash. It details specific instances of funding, including support for guerrilla groups and political activities, and highlights instances of bank robberies by Communists to sustain their operations.
177-10002-10069	Your Meeting with President Lopez Mateos	Memorandum	Mexico	SECRET	1964-02-18	STATE	Dean Rusk	The President	Memorandum from Dean Rusk to the President regarding the meeting with President Lopez Mateos, emphasizing the importance of maintaining friendly relations between Mexico and the United States.
177-10002-10070		MEMORANDUM	Mexico	SECRET	1964-02-18	STATE	DEAN RUSK	THE PRESIDENT	This memorandum discusses the upcoming meeting between President Johnson and President Lopez Mateos of Mexico. It outlines major points of interest to both the United States and Mexico, including hemisphere relations, control of Castro Communism, Red China, the Alliance for Progress, disputed tracts on the Rio Grande, control of narcotics, a desalinization plant at Tijuana, the salinity problem on the Lower Colorado, the Bracero Program, U.S. trade policies, and the Chamizal Settlement.
177-10002-10092	BRAZILIAN AMBASSADOR ASSESSES JOHNSON ADMINISTRATION	Intelligence Report	Cuba	Top Secret	11/26/1963	CIA	BRAZILIAN EMBASSY	RIO DE JANEIRO: FOREIGN MINISTRY	Brazilian Ambassador assesses the potential impact of the Johnson administration on US foreign and domestic policies following President Kennedy's assassination.
177-10002-10096	THE PRESIDENT'S INTELLIGENCE CHECKLIST	Paper, Textual Document	Intelligence Report	Top Secret	1963-11-25	CIA	CIA	President	The President's Intelligence Checklist from November 25, 1963, covers various global hotspots including South Vietnam, Indonesia-Malaysia, Venezuela, Iraq, Syria, Italy, and UAR-Yemen-Egypt, along with notes on Oswald's visit to embassies in Mexico City, military promotions in Brazil, Soviet ship activity near Johnston Island, potential coup in Algeria, Australian grain contracts with China, Soviet embassy activity in Congo, Berlin access routes, and neutralist gains in Laos.
177-10002-10097	THE PRESIDENT'S INTELLIGENCE CHECKLIST	Paper, Textual Document	JFK Assassination System	Top Secret	1963-11-26	CIA	Central Intelligence Agency	President John F. Kennedy	This document is the President's Intelligence Checklist issued by the Central Intelligence Agency on November 26, 1963. It contains intelligence reports on Iraq-Syria, Laos, South Vietnam, USSR, USSR-Berlin, and Brazil.
177-10002-10098	The President's Intelligence Checklist	Checklist	Intelligence	Top Secret	1963-11-27	CIA	Central Intelligence Agency	President	President's Intelligence Checklist from November 27, 1963, covering topics such as Cuban SAM site training, Syrian-Iraqi relations, Turkish political situation, Soviet agriculture and grain production, Communist China's wheat imports, Czechoslovakia-USSR relations, Cambodia's neutralization efforts, Egypt-Yemen conflict involving alleged poison gas use, Congolese political instability, and notes on South Korea, Venezuela, Indonesia-Philippines, Indonesia-Malaysia, Cuba, Cambodia, and USSR-US relations.
177-10002-10101	THE PRESIDENT'S INTELLIGENCE CHECKLIST	Checklist	Intelligence	Top Secret	1963-11-28	CIA	Central Intelligence Agency	President	The President's Intelligence Checklist, dated November 28, 1963, covers intelligence updates on Venezuela, South Vietnam, Israel, USSR-India, Burma, Cambodia, Greece, and Brazil, along with notes on USSR, Rumania-US, Turkey, Thailand, Indonesia-Philippines, Indonesia, Rwanda-Burundi, and USSR-Congo.
177-10002-10102	THE PRESIDENT'S INTELLIGENCE CHECKLIST	Checklist	Intelligence	Top Secret	1963-11-30	CIA	Central Intelligence Agency	President	The President's Intelligence Checklist from November 30, 1963 covers various topics including Venezuela's election, the Sino-Soviet dispute, Soviet submarine ballistic missile launches, and Czechoslovakia-USSR relations.
177-10002-10103	THE PRESIDENT'S INTELLIGENCE CHECKLIST	Intelligence Checklist	Cuba	Top Secret	1963-11-23	CIA	Central Intelligence Agency	President	This document is President Kennedy's intelligence checklist from November 23, 1963. It contains information on South Vietnam, Venezuela, USSR-Cuba, Berlin, Iraq-Syria-UAR, USSR, Congo-USSR, Britain, Ecuador, Thailand, and Soviet Earth Satellite Vehicles Cosmos Series 1962-1963.
178-10002-10091	Deposition of William C. Sturbitts	Deposition	Cuba	Secret	1975-04-16	Rockefeller Commission	Rockefeller Commission	N/A	This document is a deposition of William C. Sturbitts taken on April 16, 1975, regarding anti-Castro activities, assassinations of foreign leaders, CIA clandestine operations, Cuban exiles, David Ferrie, Frank Sturgis, E. Howard Hunt, Miami, New Orleans, Clay Shaw, Jim Garrison, and other related topics.
178-10002-10215	Deposition of (A CIA Employee)	Deposition	Cuba	Secret	1975-04-16	Rockcom	Rockefeller Commission	N/A	This document contains selected pages from the deposition of William C. Sturbitts, a CIA employee, taken on April 16, 1975, by the Rockefeller Commission. The deposition covers topics such as anti-Castro activities, CIA clandestine operations, Cuban exiles, and the roles of various individuals including Desmond Fitzgerald, Frank Sturgis, E. Howard Hunt, Robert F. Kennedy, Johnny Roselli, and Sam Giancana. Sturbitts discusses his involvement in Cuban operations, his knowledge of discussions regarding possible assassination attempts against Fidel Castro, and the CIA's relationship with individuals involved in anti-Castro efforts.
178-10002-10279	Deposition of William Sturbitts	Deposition	Cuba	Secret	1975-04-16	Rockefeller Commission	Rockefeller Commission	N/A	This document contains the deposition of William C. Sturbitts taken on April 16, 1975, regarding anti-Castro activities, CIA operations, and the alleged assassination attempts against Fidel Castro.
178-10003-10001	MEMORANDUM FOR THE RECORD, SPECIAL GROUP MEETING 20 SEPTEMBER 1962	Memorandum	Cuba	Secret	1962-09-20	CIA	CIA	RECORD	Memorandum for the record of Special Group meeting on September 20, 1962, discussing anti-Castro activities, clandestine operations, and other topics related to Cuba, North Vietnam, and other regions.
178-10004-10053	DCI PRESENTATION TO THE PFIAB, 7 DECEMBER 1962	Memorandum	Assassination	Top Secret	1962-12-10	CIA	CIA	President's Foreign Intelligence Advisory Board	DCI Presentation to the PFIAB on December 7, 1962, covering topics such as OXCART, budget issues, and Operation MONGOOSE.
178-10004-10054	MEETING OF THE DCI WITH PBIAB, FRIDAY, DECEMBER 28, 0930 A.M.	Memorandum	Cuba	Top Secret	1962-12-28	PFIAB	KIRKPATRICK, LYMAN	RECORD	Minutes from PFIAB meetings on December 27-28, 1962, discussing the Cuban Arms Buildup report, MONGOOSE activities, and intelligence operations related to Cuba.
180-10110-10100	Chronology of Oswald's Visits to the Soviet and Cuban Embassies; HSCA Interview of David Atlee Phillips	Report	Mexico	Unclassified	1963-09-26	CIA	CIA	N/A	This document contains reports, interviews, and chronologies related to Lee Harvey Oswald's activities in Mexico City, focusing on his visits to the Soviet and Cuban embassies, contacts with individuals like Silvia Duran, and the CIA's monitoring and investigation of these events.
180-10131-10324	Testimony of Yuri Ivanovich Nosenko	Transcript	JFK Assassination	Top Secret	1978-06-20	HSCA	HSCA	N/A	Testimony of Yuri Ivanovich Nosenko before the HSCA on June 20, 1978, regarding Lee Harvey Oswald's defection to the Soviet Union, KGB methodology, and related subjects.
180-10143-10100	Notes re Hardway summary of am.c. tapes, transcripts, & cables.	Memo/Notes	Mexico	SECRET	1963-09-05	CIA	Scott	Unknown	Notes regarding Hardway summary of am.c. tapes, transcripts, & cables. Mentions translated materials, marginal notations, and Spanish transcripts of poor quality. Also references specific dates and events related to Lee Harvey Oswald's activities in Mexico City.
180-10143-10227	Interview of Thomas Casasin	Interview	Oswald	SECRET	1978-08-17	CIA	Robert G. Lamprell	Chiefs of SR and WH	Interview with Thomas Casasin regarding Lee Harvey Oswald, his time in the CIA, and operations related to the Soviet Union.
194-10012-10030	CIA INFORMATION REPORT: UNDIMINISHED PRESTIGE OF FIDEL CASTRO IN LATIN AMERICA	CIA Information Report, Telegram	Cuba	UNCLASSIFIED	1963-01-04	CIA	USA	STATE, CINCLANT, CINCARIB	This document discusses the undiminished prestige of Fidel Castro in Latin America, the division of Latin American communist parties, and British comments on the Cuban crisis.
197-10002-10190	CIA TDCS-3/566,305	Telegram	Military	SECRET	1963-11-29	Central Intelligence Agency	CIA	Army, Air, Navy, USEUCOM	This document is a CIA telegram detailing Soviet military alerts following the Kennedy assassination, specifically focusing on reactions in East Germany and the broader Soviet Bloc.
198-10004-10076	EXAMINATION OF PRINCIPAL SOURCES OF POLICY AND CONTINGENCY PLANNING ON CUBA	Paper, Textual Document	Cuba	Secret	1963-00-00	ARMY	JOSEPH A. CALIFANO, JR.		Examination of principal sources of policy and contingency planning on Cuba, National Security Actions on Cuba, U.S. Policy toward the Cuban Brigade.
198-10004-10207	INTERDEPARTMENTAL COORDINATING COMMITTEE OF CUBAN AFFAIRS: REPORT ON THE STATUS OF ACTIONS DESIGNED TO COUNTER SUBVERSION	Paper, Textual Document	Cuba	Secret	1964-01-10	ARMY	JOSEPH A. CALIFANO, JR.	MR. JOHN H. CRIMMINS	Army memo from Joseph Califano to Mr. Crimmins on status of actions to counter Cuban subversion in Latin America with other related documents.
198-10005-10017	CUBA PROJECT PROGRESS REPORT	Report	Cuba	Secret	1962-04-10	CIA	CIA	N/A	This document is a Cuba Project Progress Report from April 10, 1962, detailing operational activities, CAC information reports, and Cuban refugee interrogations.
198-10005-10018	Arms Shipments to Cuba and From Cuba	Paper, Textual Document	Cuba	Secret	0000-00-00	ARMY	MULTIPLE	N/A	Assorted documents related to Cuban material support of Communist subversives in Latin America. Includes reports of arms smuggling by fishermen, food products, and Soviet fishing boats. Also includes information on possible invasion plans and arms caches.
198-10007-10013	CONTROL OF TRAVEL TO AND FROM CUBA	Paper, Textual Document	Cuba	Secret	0000-00-00	ARMY	N/A	N/A	This document is a draft report concerning control of access to and surveillance of Cuba. It includes information on travel restrictions, propaganda control, clandestine movements, fund transfers, counter-insurgency, intelligence exchange, and surveillance of Cuban missions.
198-10007-10021	Report for July-August on Actions Taken to Combat Castro-Communist Subversion	Report	Cuba	Secret	1963-09-30	Army	Chairman, Subcommittee on Cuban Subversion	Member of the Subcommittee	This document is a report on actions taken to combat Castro-Communist subversion in the hemisphere, covering the months of July and August 1963. It details efforts by various agencies, including the CIA, Department of State, and Department of Defense, to control travel to and from Cuba, movement of Cuban propaganda, clandestine movement of guerrillas and arms, transfer of funds, and surveillance of Cuban diplomatic missions.
198-10007-10022	ICCCA: Report on Status of Implementation of Actions Designed to Counter Subversion	Report	Cuba	Secret	1963-07-18	ARMY	Joseph A. Califano, Jr.	ICCCA	This document is a report on the progress made during the April-June period in curbing Cuban subversion in Latin America. It details actions taken by the Department of State, Department of Defense, Central Intelligence Agency, and U.S. Information Agency.
198-10007-10029	REPORT ON THE COLD WAR USE OF RADIO BROADCASTING BY CIA	Paper, Textual Document	JFK Assassination System	Secret	1953-06-25	CIA	C. TRACY BARNES	See distribution below	This document is a report on the Cold War Use of Radio Broadcasting by CIA, dated June 25, 1953. It includes recommendations for a body of principles to govern over-all CIA policy in its present and future activities in this field.
198-10008-10119	ICCCA: Actions Taken During July-August 1963 in Curbing Cuban Subversion	Paper, Textual Document	Cuba	Secret	1963-10-14	ARMY	JOSEPH A. CALIFANO, JR.	CAPT. ZUMWALT ET AL	This document is a memorandum from Joseph A. Califano, Jr., to Captain E. R. Zumwalt, Jr., Major General J. D. Alger, Rear Admiral W. Wendt, Major General J. W. Carpenter, III, and Brigadier General W. K. Jones regarding actions taken during July-August 1963 to curb Cuban subversion in Latin America. It includes a report of the Subcommittee on Subversion and discusses control of travel to and from Cuba, movement of Cuban propaganda, clandestine movement of guerrillas and arms, transfer of funds, strengthening of counter-insurgency capabilities, exchange of intelligence on Cuban subversion, and surveillance of Cuban diplomatic, commercial, and cultural missions.
198-10009-10098	ICCCA: REPORT ON STATUS OF IMPLEMENTATION OF ACTIONS DESIGNED TO COUNTER SUBVERSION	Paper, Textual Document	Cuba	Secret	1963-11-26	Army	Joseph A. Califano, Jr.	Multiple	This document is a report on the status of implementation of actions designed to counter Cuban subversion in Latin America during September 1963. It details efforts by various U.S. agencies, including the Department of State, Central Intelligence Agency, Department of Defense, and United States Information Agency, to control travel to and from Cuba, movement of propaganda, clandestine movement of guerrillas and arms, transfer of funds, strengthen counter-insurgency capabilities and exchange intelligence on Cuban subversion. Also includes surveillance of Cuban diplomatic, commercial and cultural and other special actions.
198-10009-10099	Classified/secret Congressional testimony concerning Cuban subversion in Latin America, Cuban military buildup, Soviet military weapons in Cuba, etc.	Paper, Textual Document	Cuba	Secret	1963-02-00	Multiple	CIA William A. Tidwell	Mr. Califano	This document contains multiple papers regarding classified/secret Congressional testimony concerning Cuban subversion in Latin America, Cuban military buildup, and Soviet military weapons in Cuba.
202-10001-10203	THE CUBA PROJECT	Memorandum	Cuba	TOP SECRET	1962-01-24	OSD	OSD	None	This document outlines tasks assigned to the CIA in General Lansdale's program review of the Cuba Project, dated January 18, 1962. It details various intelligence gathering, operational planning, and sabotage activities targeting Cuba, including potential actions against Cuban nickel supplies to the USSR.
202-10002-10124	Cuban Affairs in the Department of Defense	Memorandum	Cuba	CONFIDENTIAL	1965-06-26	OSD	Cyrus R. Vance	SecArm, SecNav, SecAir, CJCS, and ASD(ISA)	This document discusses Cuban affairs within the Department of Defense, focusing on possible retaliatory actions by the Castro government and psychological programs related to Cuba. It includes discussions on actions against U.S. targets in Cuba, actions against U.S. aircraft and shipping, actions against Cuban exiles, and actions against targets in the U.S.
